{"type": "FeatureCollection", "features": [{"type": "Feature", "geometry": {"type": "Point", "coordinates": [75.585, 13.926944444444445]}, "properties": {"station_code": "001-CDBNG", "name": "Shimoga", "type": "Base", "nearest_town": null, "warning_level": 566.7, "danger_level": 567.25, "frl": null, "mwl": null, "highest_flow_level": 570.18}}, {"type": "Feature", "geometry": {"type": "Point", "coordinates": [75.50833333333334, 23.1475]}, "properties": {"station_code": "001-CDJPR", "name": "Dhareri", "type": "Base", "nearest_town": "", "warning_level": 478.5, "danger_level": 479.5, "frl": null, "mwl": null, "highest_flow_level": 482.62}}, {"type": "Feature", "geometry": {"type": "Point", "coordinates": [75.1275, 33.763888888888886]}, "properties": {"station_code": "001-CHEJMU", "name": "Khanabal", "type": "Base", "nearest_town": "Khanabal", "warning_level": 1591.2, "danger_level": 1592.5, "frl": null, "mwl": null, "highest_flow_level": 1595.43}}, {"type": "Feature", "geometry": {"type": "Point", "coordinates": [85.52, 24.32]}, "properties": {"station_code": "001-DDASL", "name": "Tilaiya Reservoir", "type": "Inflow", "nearest_town": "", "warning_level": null, "danger_level": null, "frl": 372.475, "mwl": 371.465, "highest_flow_level": 372.28}}, {"type": "Feature", "geometry": {"type": "Point", "coordinates": [86.63333333333334, 21.733888888888888]}, "properties": {"station_code": "001-ERDBWN", "name": "Balimundali", "type": "Base", "nearest_town": null, "warning_level": null, "danger_level": null, "frl": null, "mwl": null, "highest_flow_level": 43.1}}, {"type": "Feature", "geometry": {"type": "Point", "coordinates": [79.49583333333334, 30.748333333333335]}, "properties": {"station_code": "001-HGDDDN", "name": "Badrinath", "type": "Base", "nearest_town": null, "warning_level": 3112.0, "danger_level": 3113.0, "frl": null, "mwl": null, "highest_flow_level": 3112.7}}, {"type": "Feature", "geometry": {"type": "Point", "coordinates": [78.8, 14.572222222222223]}, "properties": {"station_code": "001-HYDCHENNAI", "name": "Chennur", "type": "Base", "nearest_town": "", "warning_level": 121.875, "danger_level": 122.875, "frl": null, "mwl": null, "highest_flow_level": 123.375}}, {"type": "Feature", "geometry": {"type": "Point", "coordinates": [90.95666666666666, 26.782777777777778]}, "properties": {"station_code": "001-LBDJPG", "name": "Mathanguri", "type": "Level", "nearest_town": null, "warning_level": 98.1, "danger_level": 99.1, "frl": null, "mwl": null, "highest_flow_level": 100.28}}, {"type": "Feature", "geometry": {"type": "Point", "coordinates": [88.69694444444445, 24.139166666666664]}, "properties": {"station_code": "001-LGD3BEH", "name": "BEDEPARA", "type": "Base", "nearest_town": null, "warning_level": null, "danger_level": null, "frl": null, "mwl": null, "highest_flow_level": 17.885}}, {"type": "Feature", "geometry": {"type": "Point", "coordinates": [79.8, 18.616666666666667]}, "properties": {"station_code": "001-LGDHYD", "name": "Somanpally(Seasonal)", "type": "Base", "nearest_town": null, "warning_level": null, "danger_level": null, "frl": null, "mwl": null, "highest_flow_level": 129.02}}, {"type": "Feature", "geometry": {"type": "Point", "coordinates": [75.88, 16.33]}, "properties": {"station_code": "001-LKDHYD", "name": "Almatti Reservoir", "type": "Inflow", "nearest_town": "", "warning_level": null, "danger_level": null, "frl": 519.6, "mwl": 519.6, "highest_flow_level": null}}, {"type": "Feature", "geometry": {"type": "Point", "coordinates": [78.035, 27.203888888888887]}, "properties": {"station_code": "001-LYDAGRA", "name": "AGRA (J.B.)", "type": "Level", "nearest_town": "Agra", "warning_level": 151.4, "danger_level": 152.4, "frl": null, "mwl": null, "highest_flow_level": 154.76}}, {"type": "Feature", "geometry": {"type": "Point", "coordinates": [74.31972222222223, 23.051944444444445]}, "properties": {"station_code": "001-MAHGAND", "name": "Chakaliya", "type": "Base", "nearest_town": "", "warning_level": 223.5, "danger_level": 225.0, "frl": null, "mwl": null, "highest_flow_level": 230.2}}, {"type": "Feature", "geometry": {"type": "Point", "coordinates": [91.74305555555556, 26.19472222222222]}, "properties": {"station_code": "001-MBDGHY", "name": "Guwahati(D.C.Court)", "type": "Level", "nearest_town": "Guwahati", "warning_level": 48.68, "danger_level": 49.68, "frl": null, "mwl": null, "highest_flow_level": 51.46}}, {"type": "Feature", "geometry": {"type": "Point", "coordinates": [84.38, 21.866388888888892]}, "properties": {"station_code": "001-MDBURLA", "name": "Mahulpali", "type": "Base", "nearest_town": null, "warning_level": null, "danger_level": null, "frl": null, "mwl": null, "highest_flow_level": 253.18}}, {"type": "Feature", "geometry": {"type": "Point", "coordinates": [92.02361111111111, 24.17527777777778]}, "properties": {"station_code": "001-MDSIL", "name": "KUMARGHAT GD SITE", "type": "Base", "nearest_town": null, "warning_level": 29.0, "danger_level": 30.0, "frl": null, "mwl": null, "highest_flow_level": 32.97}}, {"type": "Feature", "geometry": {"type": "Point", "coordinates": [81.66333333333334, 27.125]}, "properties": {"station_code": "001-MGD1LKN", "name": "Colonelganj", "type": "Base", "nearest_town": "", "warning_level": 104.0, "danger_level": 105.0, "frl": null, "mwl": null, "highest_flow_level": 105.28}}, {"type": "Feature", "geometry": {"type": "Point", "coordinates": [78.39611111111111, 28.189444444444444]}, "properties": {"station_code": "001-MGD2LKN", "name": "NARORA Barrage", "type": "Inflow", "nearest_town": "", "warning_level": null, "danger_level": null, "frl": 179.07, "mwl": 181.34, "highest_flow_level": null}}, {"type": "Feature", "geometry": {"type": "Point", "coordinates": [83.18333333333334, 26.05]}, "properties": {"station_code": "001-MGD3VNS", "name": "Azamgarh", "type": "Level", "nearest_town": "Azamgarh", "warning_level": 73.88, "danger_level": 74.88, "frl": null, "mwl": null, "highest_flow_level": 75.0}}, {"type": "Feature", "geometry": {"type": "Point", "coordinates": [84.53555555555555, 26.960277777777776]}, "properties": {"station_code": "001-MGD4PTN", "name": "Chanpatia", "type": "Base", "nearest_town": "", "warning_level": 72.68, "danger_level": 73.68, "frl": null, "mwl": null, "highest_flow_level": 76.68}}, {"type": "Feature", "geometry": {"type": "Point", "coordinates": [83.97666666666667, 25.579722222222223]}, "properties": {"station_code": "001-MGD5PTN", "name": "Buxar", "type": "Level", "nearest_town": "", "warning_level": 59.32, "danger_level": 60.32, "frl": null, "mwl": null, "highest_flow_level": 62.09}}, {"type": "Feature", "geometry": {"type": "Point", "coordinates": [92.01861111111111, 25.189722222222223]}, "properties": {"station_code": "001-MIDSHL", "name": "Dawki", "type": "Base", "nearest_town": "", "warning_level": null, "danger_level": null, "frl": null, "mwl": null, "highest_flow_level": 73.0}}, {"type": "Feature", "geometry": {"type": "Point", "coordinates": [80.66561111111112, 22.14938888888889]}, "properties": {"station_code": "001-NDBHP", "name": "Mukki", "type": "Base", "nearest_town": "", "warning_level": 542.0, "danger_level": 543.5, "frl": null, "mwl": null, "highest_flow_level": 542.78}}, {"type": "Feature", "geometry": {"type": "Point", "coordinates": [92.96527777777779, 23.034444444444446]}, "properties": {"station_code": "001-NEID2", "name": "Tuichang", "type": "Base", "nearest_town": "Hnathiyal", "warning_level": null, "danger_level": null, "frl": null, "mwl": null, "highest_flow_level": null}}, {"type": "Feature", "geometry": {"type": "Point", "coordinates": [78.63636111111111, 31.764388888888888]}, "properties": {"station_code": "001-SHDSIM", "name": "TITANG", "type": "Base", "nearest_town": "poo", "warning_level": null, "danger_level": null, "frl": null, "mwl": null, "highest_flow_level": 2456.74}}, {"type": "Feature", "geometry": {"type": "Point", "coordinates": [78.53944444444444, 12.684166666666666]}, "properties": {"station_code": "001-SRDCBE", "name": "Avarankuppam", "type": "Base", "nearest_town": "", "warning_level": 367.21, "danger_level": 368.21, "frl": null, "mwl": 365.755, "highest_flow_level": 368.82}}, {"type": "Feature", "geometry": {"type": "Point", "coordinates": [75.15694444444445, 12.495833333333332]}, "properties": {"station_code": "001-SWRDKOCHI", "name": "ERINJIPUZHA", "type": "Base", "nearest_town": "", "warning_level": 18.03, "danger_level": 19.03, "frl": null, "mwl": null, "highest_flow_level": 19.08}}, {"type": "Feature", "geometry": {"type": "Point", "coordinates": [73.72722222222222, 22.265]}, "properties": {"station_code": "001-TDSURAT", "name": "BODELI", "type": "Base", "nearest_town": null, "warning_level": 76.0, "danger_level": 76.8, "frl": null, "mwl": null, "highest_flow_level": 80.9}}, {"type": "Feature", "geometry": {"type": "Point", "coordinates": [97.02583333333334, 28.25722222222222]}, "properties": {"station_code": "001-UBDDIB", "name": "Kibithu", "type": "Base", "nearest_town": "", "warning_level": 1228.25, "danger_level": 1229.25, "frl": null, "mwl": null, "highest_flow_level": 1230.26}}, {"type": "Feature", "geometry": {"type": "Point", "coordinates": [74.19, 17.29361111111111]}, "properties": {"station_code": "001-UKDPUNE", "name": "Karad", "type": "Base", "nearest_town": "Karad", "warning_level": 563.41, "danger_level": 567.04, "frl": null, "mwl": null, "highest_flow_level": 567.162}}, {"type": "Feature", "geometry": {"type": "Point", "coordinates": [78.13805555555557, 30.791666666666668]}, "properties": {"station_code": "001-UYDDEL", "name": "Naugaon", "type": "Base", "nearest_town": "", "warning_level": 1059.5, "danger_level": 1060.5, "frl": null, "mwl": null, "highest_flow_level": 1060.4}}, {"type": "Feature", "geometry": {"type": "Point", "coordinates": [79.89972222222222, 22.38138888888889]}, "properties": {"station_code": "001-WGDNGP", "name": "Keolari", "type": "Base", "nearest_town": "", "warning_level": null, "danger_level": null, "frl": null, "mwl": null, "highest_flow_level": 443.03}}, {"type": "Feature", "geometry": {"type": "Point", "coordinates": [80.15333333333334, 25.94472222222222]}, "properties": {"station_code": "0010-LYDAGRA", "name": "SAHIJINA", "type": "Level", "nearest_town": "Hamirpur", "warning_level": 103.54, "danger_level": 104.54, "frl": null, "mwl": null, "highest_flow_level": 108.95}}, {"type": "Feature", "geometry": {"type": "Point", "coordinates": [93.60027777777778, 27.066666666666666]}, "properties": {"station_code": "0010NEID3", "name": "Chimpu", "type": "Base", "nearest_town": null, "warning_level": null, "danger_level": null, "frl": null, "mwl": null, "highest_flow_level": null}}, {"type": "Feature", "geometry": {"type": "Point", "coordinates": [94.1463888888889, 28.600555555555555]}, "properties": {"station_code": "0013NEID3", "name": "Mechuka", "type": "Base", "nearest_town": null, "warning_level": 1909.0, "danger_level": 1910.0, "frl": null, "mwl": null, "highest_flow_level": 1908.87}}, {"type": "Feature", "geometry": {"type": "Point", "coordinates": [92.88666666666667, 24.35638888888889]}, "properties": {"station_code": "001BOBO-INFLOW", "name": "Tuirial Dam_NEEPCO", "type": "Inflow", "nearest_town": null, "warning_level": null, "danger_level": null, "frl": 90.5, "mwl": 95.2, "highest_flow_level": 90.5}}, {"type": "Feature", "geometry": {"type": "Point", "coordinates": [92.22583333298152, 25.22027777817503]}, "properties": {"station_code": "001NEID1", "name": "Myndu Stage II, Dam Site", "type": "Base", "nearest_town": "", "warning_level": null, "danger_level": null, "frl": null, "mwl": null, "highest_flow_level": null}}, {"type": "Feature", "geometry": {"type": "Point", "coordinates": [92.01361111111112, 27.622777777777777]}, "properties": {"station_code": "001NEID3", "name": "Rho Basti", "type": "Base", "nearest_town": null, "warning_level": null, "danger_level": null, "frl": null, "mwl": null, "highest_flow_level": null}}, {"type": "Feature", "geometry": {"type": "Point", "coordinates": [75.66250000000001, 14.237222222222222]}, "properties": {"station_code": "002-CDBNG", "name": "Honnali", "type": "Base", "nearest_town": null, "warning_level": 544.2, "danger_level": 544.75, "frl": null, "mwl": null, "highest_flow_level": 546.47}}, {"type": "Feature", "geometry": {"type": "Point", "coordinates": [75.34444444444443, 23.72138888888889]}, "properties": {"station_code": "002-CDJAPR", "name": "Tal", "type": "Base", "nearest_town": "", "warning_level": 441.0, "danger_level": 443.0, "frl": null, "mwl": null, "highest_flow_level": 438.12}}, {"type": "Feature", "geometry": {"type": "Point", "coordinates": [87.08694444444444, 24.31138888888889]}, "properties": {"station_code": "002-DDASL", "name": "Haripur", "type": "Base", "nearest_town": "", "warning_level": null, "danger_level": null, "frl": null, "mwl": null, "highest_flow_level": 137.1}}, {"type": "Feature", "geometry": {"type": "Point", "coordinates": [86.57138888888889, 22.16611111111111]}, "properties": {"station_code": "002-ERDBWN", "name": "Chandanpur", "type": "Base", "nearest_town": null, "warning_level": null, "danger_level": null, "frl": null, "mwl": null, "highest_flow_level": 88.4}}, {"type": "Feature", "geometry": {"type": "Point", "coordinates": [79.55333333333333, 30.566944444444445]}, "properties": {"station_code": "002-HGDDDN", "name": "Joshimath", "type": "Base", "nearest_town": "", "warning_level": 1382.0, "danger_level": 1383.0, "frl": null, "mwl": null, "highest_flow_level": 1388.65}}, {"type": "Feature", "geometry": {"type": "Point", "coordinates": [79.9888888888889, 14.470277777777778]}, "properties": {"station_code": "002-HYDCHENNAI", "name": "Nellore CWC", "type": "Level", "nearest_town": "", "warning_level": 15.91, "danger_level": 17.28, "frl": null, "mwl": null, "highest_flow_level": 18.7}}, {"type": "Feature", "geometry": {"type": "Point", "coordinates": [75.06672222222223, 33.83305555555556]}, "properties": {"station_code": "002-JHELUM", "name": "Sangam", "type": "Level", "nearest_town": "", "warning_level": 1591.2, "danger_level": 1592.42, "frl": null, "mwl": null, "highest_flow_level": 1595.37}}, {"type": "Feature", "geometry": {"type": "Point", "coordinates": [90.91789722222222, 26.494133333333334]}, "properties": {"station_code": "002-LBDJPG", "name": "Beki Road bridge", "type": "Level", "nearest_town": "", "warning_level": 44.1, "danger_level": 45.1, "frl": null, "mwl": null, "highest_flow_level": 46.2}}, {"type": "Feature", "geometry": {"type": "Point", "coordinates": [88.1375, 24.4575]}, "properties": {"station_code": "002-LGD3BEH", "name": "BISWANATHPUR", "type": "Base", "nearest_town": null, "warning_level": 19.24, "danger_level": 20.94, "frl": null, "mwl": null, "highest_flow_level": 22.79}}, {"type": "Feature", "geometry": {"type": "Point", "coordinates": [79.91000000000001, 18.82]}, "properties": {"station_code": "002-LGDHYD", "name": "Kaleswaram", "type": "Level", "nearest_town": "", "warning_level": 103.5, "danger_level": 104.75, "frl": null, "mwl": null, "highest_flow_level": 108.19}}, {"type": "Feature", "geometry": {"type": "Point", "coordinates": [76.36, 16.2]}, "properties": {"station_code": "002-LKDHYD", "name": "Narayanapur Reservoir", "type": "Inflow", "nearest_town": "Bijapur", "warning_level": null, "danger_level": null, "frl": 492.25, "mwl": 492.25, "highest_flow_level": null}}, {"type": "Feature", "geometry": {"type": "Point", "coordinates": [78.98333333333333, 26.749722222222225]}, "properties": {"station_code": "002-LYDAGRA", "name": "ETAWAH", "type": "Level", "nearest_town": "Etawah", "warning_level": 120.92, "danger_level": 121.92, "frl": null, "mwl": null, "highest_flow_level": 126.13}}, {"type": "Feature", "geometry": {"type": "Point", "coordinates": [74.23361111111112, 23.353611111111114]}, "properties": {"station_code": "002-MAHGAND", "name": "Anas PH-II", "type": "Base", "nearest_town": "", "warning_level": 145.0, "danger_level": 146.0, "frl": null, "mwl": null, "highest_flow_level": 160.0}}, {"type": "Feature", "geometry": {"type": "Point", "coordinates": [90.63388888888889, 26.184722222222224]}, "properties": {"station_code": "002-MBDGHY", "name": "Goalpara", "type": "Level", "nearest_town": "Goalpara", "warning_level": 35.27, "danger_level": 36.27, "frl": null, "mwl": null, "highest_flow_level": 37.43}}, {"type": "Feature", "geometry": {"type": "Point", "coordinates": [84.1061111111111, 21.789444444444445]}, "properties": {"station_code": "002-MDBURLA", "name": "Parmanpur", "type": "Base", "nearest_town": null, "warning_level": null, "danger_level": null, "frl": null, "mwl": null, "highest_flow_level": 217.06}}, {"type": "Feature", "geometry": {"type": "Point", "coordinates": [91.83583333333333, 24.193055555555556]}, "properties": {"station_code": "002-MDSIL", "name": "KAMALPUR", "type": "Base", "nearest_town": "KAMALPUR", "warning_level": 31.5, "danger_level": 32.5, "frl": null, "mwl": null, "highest_flow_level": 33.85}}, {"type": "Feature", "geometry": {"type": "Point", "coordinates": [81.43305555555555, 27.988055555555558]}, "properties": {"station_code": "002-MGD1LKN", "name": "Gaighat", "type": "Base", "nearest_town": "", "warning_level": 129.54, "danger_level": 130.54, "frl": null, "mwl": null, "highest_flow_level": 132.45}}, {"type": "Feature", "geometry": {"type": "Point", "coordinates": [78.8625, 27.931944444444447]}, "properties": {"station_code": "002-MGD2LKN", "name": "Kachhla Bridge", "type": "Level", "nearest_town": "", "warning_level": 161.8, "danger_level": 162.4, "frl": null, "mwl": null, "highest_flow_level": 163.02}}, {"type": "Feature", "geometry": {"type": "Point", "coordinates": [81.86333333333333, 25.504166666666666]}, "properties": {"station_code": "002-MGD3VNS", "name": "Phaphamau", "type": "Level", "nearest_town": "Allahabad", "warning_level": 83.734, "danger_level": 84.734, "frl": null, "mwl": 74.95, "highest_flow_level": 87.98}}, {"type": "Feature", "geometry": {"type": "Point", "coordinates": [85.01388888888889, 26.65861111111111]}, "properties": {"station_code": "002-MGD4PTN", "name": "Lalbegiaghat", "type": "Level", "nearest_town": "motihari", "warning_level": 62.2, "danger_level": 63.2, "frl": null, "mwl": null, "highest_flow_level": 67.09}}, {"type": "Feature", "geometry": {"type": "Point", "coordinates": [85.06527777777778, 25.647777777777776]}, "properties": {"station_code": "002-MGD5PTN", "name": "Dighaghat", "type": "Level", "nearest_town": "", "warning_level": 49.45, "danger_level": 50.45, "frl": null, "mwl": null, "highest_flow_level": 52.52}}, {"type": "Feature", "geometry": {"type": "Point", "coordinates": [92.21083333333334, 25.158055555555553]}, "properties": {"station_code": "002-MIDSHL", "name": "Kharkhana", "type": "Base", "nearest_town": "", "warning_level": null, "danger_level": null, "frl": null, "mwl": null, "highest_flow_level": 47.17}}, {"type": "Feature", "geometry": {"type": "Point", "coordinates": [80.37638888888888, 22.485]}, "properties": {"station_code": "002-NDBHP", "name": "Bamni", "type": "Base", "nearest_town": null, "warning_level": 446.5, "danger_level": 447.5, "frl": null, "mwl": null, "highest_flow_level": 448.5}}, {"type": "Feature", "geometry": {"type": "Point", "coordinates": [92.52805555555555, 22.915277777777778]}, "properties": {"station_code": "002-NEID2", "name": "Tuichawng", "type": "Base", "nearest_town": "", "warning_level": null, "danger_level": null, "frl": null, "mwl": null, "highest_flow_level": null}}, {"type": "Feature", "geometry": {"type": "Point", "coordinates": [78.43611111111112, 31.605833333333333]}, "properties": {"station_code": "002-SHDSIM(A)", "name": "MOORANG", "type": "Base", "nearest_town": null, "warning_level": null, "danger_level": null, "frl": null, "mwl": null, "highest_flow_level": 2272.5}}, {"type": "Feature", "geometry": {"type": "Point", "coordinates": [78.13833333333334, 12.555000000000001]}, "properties": {"station_code": "002-SRDCBE", "name": "GUMMANUR", "type": "Base", "nearest_town": "", "warning_level": 494.0, "danger_level": 495.0, "frl": null, "mwl": null, "highest_flow_level": 495.7}}, {"type": "Feature", "geometry": {"type": "Point", "coordinates": [75.58415833333333, 11.9823]}, "properties": {"station_code": "002-SWRDKOCHI", "name": "PERUMANNU", "type": "Base", "nearest_town": "", "warning_level": 17.2, "danger_level": 18.2, "frl": null, "mwl": null, "highest_flow_level": 18.28}}, {"type": "Feature", "geometry": {"type": "Point", "coordinates": [73.46611111111112, 21.87777777777778]}, "properties": {"station_code": "002-TDSURAT", "name": "RAJPIPLA", "type": "Base", "nearest_town": null, "warning_level": 25.96, "danger_level": 26.8, "frl": null, "mwl": null, "highest_flow_level": 30.3}}, {"type": "Feature", "geometry": {"type": "Point", "coordinates": [94.88694444444445, 28.995]}, "properties": {"station_code": "002-UBDDIB", "name": "Tuting", "type": "Base", "nearest_town": "TUTING", "warning_level": 440.0, "danger_level": 441.0, "frl": null, "mwl": null, "highest_flow_level": 435.95}}, {"type": "Feature", "geometry": {"type": "Point", "coordinates": [74.16472222222222, 17.272777777777776]}, "properties": {"station_code": "002-UKDPUNE", "name": "Warunji", "type": "Base", "nearest_town": "", "warning_level": 562.8, "danger_level": 565.2, "frl": null, "mwl": null, "highest_flow_level": 568.047}}, {"type": "Feature", "geometry": {"type": "Point", "coordinates": [80.17527777777778, 21.884444444444444]}, "properties": {"station_code": "002-WGDNGP", "name": "Kumhari", "type": "Base", "nearest_town": "Balaghat", "warning_level": null, "danger_level": null, "frl": null, "mwl": null, "highest_flow_level": 308.0}}, {"type": "Feature", "geometry": {"type": "Point", "coordinates": [75.45, 25.92]}, "properties": {"station_code": "0022-CDJAIPUR", "name": "Bisalpur Reservoir", "type": "Inflow", "nearest_town": "Tonk", "warning_level": null, "danger_level": null, "frl": 315.5, "mwl": 316.345, "highest_flow_level": null}}, {"type": "Feature", "geometry": {"type": "Point", "coordinates": [77.8, 11.8]}, "properties": {"station_code": "0024-SRDCWC", "name": "Mettur Reservoir", "type": "Inflow", "nearest_town": "Mettur", "warning_level": null, "danger_level": null, "frl": 240.79, "mwl": 242.62, "highest_flow_level": null}}, {"type": "Feature", "geometry": {"type": "Point", "coordinates": [76.97, 9.84]}, "properties": {"station_code": "0024-SWRDKOCHI", "name": "Idukki (Eb)/Idukki Arch Reservoir", "type": "Inflow", "nearest_town": null, "warning_level": null, "danger_level": null, "frl": 732.43, "mwl": null, "highest_flow_level": null}}, {"type": "Feature", "geometry": {"type": "Point", "coordinates": [77.1, 11.47]}, "properties": {"station_code": "0025-SRDCWC", "name": "Bhavani Sagar Dam", "type": "Inflow", "nearest_town": "Bhavanisagar", "warning_level": null, "danger_level": null, "frl": 278.892, "mwl": 280.42, "highest_flow_level": null}}, {"type": "Feature", "geometry": {"type": "Point", "coordinates": [76.7, 10.22]}, "properties": {"station_code": "0025-SWRDKOCHI", "name": "Idamalayar Reservoir", "type": "Inflow", "nearest_town": null, "warning_level": null, "danger_level": null, "frl": 169.0, "mwl": null, "highest_flow_level": null}}, {"type": "Feature", "geometry": {"type": "Point", "coordinates": [81.2875, 24.191666666666666]}, "properties": {"station_code": "0026-MGD3VNS", "name": "Bansagar Dam_1", "type": "Inflow", "nearest_town": "Shahdol", "warning_level": null, "danger_level": null, "frl": 341.64, "mwl": 342.934, "highest_flow_level": null}}, {"type": "Feature", "geometry": {"type": "Point", "coordinates": [78.81888888888888, 10.83]}, "properties": {"station_code": "0026-SRDCBE", "name": "Grand Anicut", "type": "Inflow", "nearest_town": "Thanjavur", "warning_level": null, "danger_level": null, "frl": 59.21, "mwl": 59.21, "highest_flow_level": null}}, {"type": "Feature", "geometry": {"type": "Point", "coordinates": [80.05, 16.75]}, "properties": {"station_code": "0029-LKDHYD", "name": "DR KLRS Pulichintala Dam", "type": "Inflow", "nearest_town": "", "warning_level": null, "danger_level": null, "frl": 53.34, "mwl": null, "highest_flow_level": null}}, {"type": "Feature", "geometry": {"type": "Point", "coordinates": [77.41375000000001, 8.653333333333334]}, "properties": {"station_code": "0029-SRDCBE", "name": "Manimuthar Dam", "type": "Inflow", "nearest_town": null, "warning_level": null, "danger_level": null, "frl": 109.12, "mwl": 112.165, "highest_flow_level": null}}, {"type": "Feature", "geometry": {"type": "Point", "coordinates": [92.21749999991997, 25.156666666315516]}, "properties": {"station_code": "002NEID1", "name": "Myntdu Stage-II power house", "type": "Base", "nearest_town": "", "warning_level": null, "danger_level": null, "frl": null, "mwl": null, "highest_flow_level": null}}, {"type": "Feature", "geometry": {"type": "Point", "coordinates": [92.02638888888889, 27.61388888888889]}, "properties": {"station_code": "002NEID3", "name": "Murga Bridge", "type": "Base", "nearest_town": null, "warning_level": null, "danger_level": null, "frl": null, "mwl": null, "highest_flow_level": null}}, {"type": "Feature", "geometry": {"type": "Point", "coordinates": [75.67444444444445, 14.830555555555556]}, "properties": {"station_code": "003-CDBNG", "name": "Haralahalli", "type": "Base", "nearest_town": null, "warning_level": 514.0, "danger_level": 514.5, "frl": null, "mwl": null, "highest_flow_level": 518.346}}, {"type": "Feature", "geometry": {"type": "Point", "coordinates": [85.90111111111112, 24.221944444444443]}, "properties": {"station_code": "003-DDASL", "name": "Barkisuriya", "type": "Base", "nearest_town": "", "warning_level": 288.4, "danger_level": 289.4, "frl": null, "mwl": null, "highest_flow_level": 292.32}}, {"type": "Feature", "geometry": {"type": "Point", "coordinates": [86.68333333333334, 21.609166666666667]}, "properties": {"station_code": "003-ERDBWN", "name": "Jeypore", "type": "Base", "nearest_town": "", "warning_level": 25.17, "danger_level": 26.17, "frl": null, "mwl": null, "highest_flow_level": 27.4}}, {"type": "Feature", "geometry": {"type": "Point", "coordinates": [79.56638888888888, 30.039166666666667]}, "properties": {"station_code": "003-HGDDDN", "name": "Nandkeshri", "type": "Base", "nearest_town": "", "warning_level": 1267.0, "danger_level": 1268.0, "frl": null, "mwl": null, "highest_flow_level": 1267.4}}, {"type": "Feature", "geometry": {"type": "Point", "coordinates": [79.01888888888888, 14.721111111111112]}, "properties": {"station_code": "003-HYDCHENNAI", "name": "Nandipalli", "type": "Base", "nearest_town": "", "warning_level": 100.93, "danger_level": 101.93, "frl": null, "mwl": null, "highest_flow_level": 102.43}}, {"type": "Feature", "geometry": {"type": "Point", "coordinates": [90.82916666666667, 26.58833333333333]}, "properties": {"station_code": "003-LBDJPG", "name": "PANBARI", "type": "Base", "nearest_town": "", "warning_level": null, "danger_level": null, "frl": null, "mwl": null, "highest_flow_level": 55.96}}, {"type": "Feature", "geometry": {"type": "Point", "coordinates": [87.93666666666667, 24.790833333333335]}, "properties": {"station_code": "003-LGD3BEH", "name": "CS 97 A GANGA FARAKKA", "type": "Base", "nearest_town": null, "warning_level": 21.25, "danger_level": 22.25, "frl": null, "mwl": null, "highest_flow_level": 25.13}}, {"type": "Feature", "geometry": {"type": "Point", "coordinates": [82.51194444444444, 19.1975]}, "properties": {"station_code": "003-LGDHYD", "name": "Nowrangpur", "type": "Base", "nearest_town": "Nowrangpur", "warning_level": 555.75, "danger_level": 557.75, "frl": null, "mwl": null, "highest_flow_level": 559.33}}, {"type": "Feature", "geometry": {"type": "Point", "coordinates": [76.92305555555556, 16.490277777777777]}, "properties": {"station_code": "003-LKDHYD", "name": "Huvinhedigi", "type": "Base", "nearest_town": "", "warning_level": 355.24, "danger_level": 356.24, "frl": null, "mwl": null, "highest_flow_level": 358.35}}, {"type": "Feature", "geometry": {"type": "Point", "coordinates": [77.90305555555557, 26.659444444444443]}, "properties": {"station_code": "003-LYDAGRA", "name": "DHOLPUR", "type": "Level", "nearest_town": "Dholpur", "warning_level": 129.79, "danger_level": 130.79, "frl": null, "mwl": null, "highest_flow_level": 146.57}}, {"type": "Feature", "geometry": {"type": "Point", "coordinates": [74.47555555555556, 24.086388888888887]}, "properties": {"station_code": "003-MAHGAND", "name": "Dhariawad", "type": "Base", "nearest_town": "", "warning_level": 205.0, "danger_level": 206.0, "frl": null, "mwl": null, "highest_flow_level": 210.06}}, {"type": "Feature", "geometry": {"type": "Point", "coordinates": [91.53582222222222, 26.791405555555556]}, "properties": {"station_code": "003-MBDGHY", "name": "Matunga", "type": "Base", "nearest_town": "", "warning_level": null, "danger_level": null, "frl": null, "mwl": null, "highest_flow_level": 168.18}}, {"type": "Feature", "geometry": {"type": "Point", "coordinates": [82.21444444444445, 23.20138888888889]}, "properties": {"station_code": "003-MDBURLA", "name": "Manendragarh", "type": "Base", "nearest_town": null, "warning_level": null, "danger_level": null, "frl": null, "mwl": null, "highest_flow_level": 420.86}}, {"type": "Feature", "geometry": {"type": "Point", "coordinates": [92.17055555555557, 24.41861111111111]}, "properties": {"station_code": "003-MDSIL", "name": "NUTANBAZAR GD SITE", "type": "Base", "nearest_town": "Dharmanagar", "warning_level": 18.5, "danger_level": 19.5, "frl": null, "mwl": null, "highest_flow_level": 20.66}}, {"type": "Feature", "geometry": {"type": "Point", "coordinates": [81.77444444444444, 27.89527777777778]}, "properties": {"station_code": "003-MGD1LKN", "name": "Kakardhari", "type": "Level", "nearest_town": "", "warning_level": 130.0, "danger_level": 131.0, "frl": null, "mwl": null, "highest_flow_level": 132.37}}, {"type": "Feature", "geometry": {"type": "Point", "coordinates": [79.62305555555555, 27.40138888888889]}, "properties": {"station_code": "003-MGD2LKN", "name": "Fatehgarh", "type": "Level", "nearest_town": "", "warning_level": 136.6, "danger_level": 137.6, "frl": null, "mwl": null, "highest_flow_level": 138.14}}, {"type": "Feature", "geometry": {"type": "Point", "coordinates": [81.9113888888889, 25.403055555555554]}, "properties": {"station_code": "003-MGD3VNS", "name": "Allahabad", "type": "Level", "nearest_town": "Allahabad", "warning_level": 83.734, "danger_level": 84.734, "frl": null, "mwl": 71.01, "highest_flow_level": 88.03}}, {"type": "Feature", "geometry": {"type": "Point", "coordinates": [85.06611111111111, 26.415277777777778]}, "properties": {"station_code": "003-MGD4PTN", "name": "Ahirwalia", "type": "Level", "nearest_town": "", "warning_level": 58.62, "danger_level": 59.62, "frl": null, "mwl": null, "highest_flow_level": 61.17}}, {"type": "Feature", "geometry": {"type": "Point", "coordinates": [85.17111111111112, 25.623333333333335]}, "properties": {"station_code": "003-MGD5PTN", "name": "Gandhighat", "type": "Level", "nearest_town": "", "warning_level": 47.6, "danger_level": 48.6, "frl": null, "mwl": null, "highest_flow_level": 50.52}}, {"type": "Feature", "geometry": {"type": "Point", "coordinates": [80.62330555555555, 22.765805555555556]}, "properties": {"station_code": "003-NDBHP", "name": "Mohgaon", "type": "Base", "nearest_town": "", "warning_level": 463.0, "danger_level": 464.5, "frl": null, "mwl": null, "highest_flow_level": 467.3}}, {"type": "Feature", "geometry": {"type": "Point", "coordinates": [92.94269444444444, 22.42361111111111]}, "properties": {"station_code": "003-NEID2", "name": "Sihthangpui", "type": "Base", "nearest_town": "", "warning_level": null, "danger_level": null, "frl": null, "mwl": null, "highest_flow_level": null}}, {"type": "Feature", "geometry": {"type": "Point", "coordinates": [77.96555555555555, 31.566111111111113]}, "properties": {"station_code": "003-SHDSIM", "name": "NATHPA", "type": "Base", "nearest_town": null, "warning_level": null, "danger_level": null, "frl": null, "mwl": null, "highest_flow_level": 1451.0}}, {"type": "Feature", "geometry": {"type": "Point", "coordinates": [77.46277777777777, 11.840555555555556]}, "properties": {"station_code": "003-SRDCBE", "name": "KUDLUR", "type": "Base", "nearest_town": "Chamarajnagar", "warning_level": 437.0, "danger_level": 438.0, "frl": null, "mwl": null, "highest_flow_level": 440.1}}, {"type": "Feature", "geometry": {"type": "Point", "coordinates": [76.08416666666666, 11.808055555555557]}, "properties": {"station_code": "003-SWRDKOCHI", "name": "MUTHANKERA", "type": "Level", "nearest_town": null, "warning_level": 710.3, "danger_level": 711.25, "frl": null, "mwl": null, "highest_flow_level": 713.89}}, {"type": "Feature", "geometry": {"type": "Point", "coordinates": [73.65, 21.89]}, "properties": {"station_code": "003-TDSURAT", "name": "Garudeshwar", "type": "Level", "nearest_town": "", "warning_level": 30.48, "danger_level": 31.09, "frl": null, "mwl": null, "highest_flow_level": 41.645}}, {"type": "Feature", "geometry": {"type": "Point", "coordinates": [95.01694444444445, 28.64361111111111]}, "properties": {"station_code": "003-UBDDIB", "name": "Yinkiang", "type": "Level", "nearest_town": "Yingkiang", "warning_level": null, "danger_level": null, "frl": null, "mwl": null, "highest_flow_level": null}}, {"type": "Feature", "geometry": {"type": "Point", "coordinates": [73.80333333333333, 20.001944444444444]}, "properties": {"station_code": "003-UGDHYD", "name": "Nasik", "type": "Level", "nearest_town": "", "warning_level": 558.1, "danger_level": 559.6, "frl": null, "mwl": null, "highest_flow_level": 563.51}}, {"type": "Feature", "geometry": {"type": "Point", "coordinates": [74.49666666666667, 16.85638888888889]}, "properties": {"station_code": "003-UKDPUNE", "name": "Samdoli (Seasonal)", "type": "Base", "nearest_town": "", "warning_level": 541.95, "danger_level": 543.15, "frl": null, "mwl": null, "highest_flow_level": 546.994}}, {"type": "Feature", "geometry": {"type": "Point", "coordinates": [77.85305555555556, 30.954722222222223]}, "properties": {"station_code": "003-UYDDEL", "name": "Tuini (Pabar)", "type": "Base", "nearest_town": "", "warning_level": 929.5, "danger_level": 930.5, "frl": null, "mwl": null, "highest_flow_level": 931.88}}, {"type": "Feature", "geometry": {"type": "Point", "coordinates": [80.15833333333335, 21.80527777777778]}, "properties": {"station_code": "003-WGDNGP", "name": "Balaghat", "type": "Base", "nearest_town": "", "warning_level": null, "danger_level": null, "frl": null, "mwl": null, "highest_flow_level": 297.45}}, {"type": "Feature", "geometry": {"type": "Point", "coordinates": [77.83, 15.88]}, "properties": {"station_code": "0030-LKDHYD", "name": "Sunkesula Barrage", "type": "Inflow", "nearest_town": "Kurnool", "warning_level": null, "danger_level": null, "frl": 292.0, "mwl": 292.7, "highest_flow_level": null}}, {"type": "Feature", "geometry": {"type": "Point", "coordinates": [75.9054138888889, 12.493799999999998]}, "properties": {"station_code": "0031-CDBNG", "name": "Harangi Reservoir", "type": "Inflow", "nearest_town": "Somwarpet", "warning_level": null, "danger_level": null, "frl": 871.42, "mwl": null, "highest_flow_level": null}}, {"type": "Feature", "geometry": {"type": "Point", "coordinates": [79.52, 17.235]}, "properties": {"station_code": "0031-LKDHYD", "name": "Musi Dam", "type": "Inflow", "nearest_town": "Suryapet", "warning_level": null, "danger_level": null, "frl": 196.6, "mwl": 196.6, "highest_flow_level": null}}, {"type": "Feature", "geometry": {"type": "Point", "coordinates": [76.05423333333333, 12.821961111111111]}, "properties": {"station_code": "0032-CDBNG", "name": "Hemavathy Reservoir", "type": "Inflow", "nearest_town": "Chennarayapatna", "warning_level": null, "danger_level": null, "frl": 890.63, "mwl": null, "highest_flow_level": null}}, {"type": "Feature", "geometry": {"type": "Point", "coordinates": [76.35275, 11.973391666666666]}, "properties": {"station_code": "0033-CDBNG", "name": "Kabini Reservoir", "type": "Inflow", "nearest_town": "H D Kote", "warning_level": null, "danger_level": null, "frl": 696.16, "mwl": null, "highest_flow_level": null}}, {"type": "Feature", "geometry": {"type": "Point", "coordinates": [80.08, 13.01]}, "properties": {"station_code": "0033-HYDCHENNAI", "name": "Chembarampakkam", "type": "Inflow", "nearest_town": "Chennai", "warning_level": null, "danger_level": null, "frl": 26.03, "mwl": 26.03, "highest_flow_level": null}}, {"type": "Feature", "geometry": {"type": "Point", "coordinates": [76.57249999999999, 12.425594444444444]}, "properties": {"station_code": "0034-CDBNG", "name": "Krishnarajasagar Reservoir", "type": "Inflow", "nearest_town": "Srirangapatna", "warning_level": null, "danger_level": null, "frl": 752.49, "mwl": null, "highest_flow_level": null}}, {"type": "Feature", "geometry": {"type": "Point", "coordinates": [75.69861111111112, 12.314444444444446]}, "properties": {"station_code": "0035-CDBNG", "name": "NAPOKLU", "type": "Base", "nearest_town": null, "warning_level": 863.5, "danger_level": 864.0, "frl": null, "mwl": null, "highest_flow_level": 865.98}}, {"type": "Feature", "geometry": {"type": "Point", "coordinates": [75.52638888888889, 13.843333333333334]}, "properties": {"station_code": "0036-CDBNG", "name": "Upper Tunga Prject", "type": "Inflow", "nearest_town": "Shimoga", "warning_level": null, "danger_level": null, "frl": 588.24, "mwl": 588.24, "highest_flow_level": null}}, {"type": "Feature", "geometry": {"type": "Point", "coordinates": [75.63661111111112, 13.701352777777776]}, "properties": {"station_code": "0037-CDBNG", "name": "Bhadra Reservoir", "type": "Inflow", "nearest_town": "Lakkavalli", "warning_level": null, "danger_level": null, "frl": 657.75, "mwl": 657.75, "highest_flow_level": null}}, {"type": "Feature", "geometry": {"type": "Point", "coordinates": [85.51611111111112, 25.034166666666668]}, "properties": {"station_code": "0037MGD5PTN", "name": "Giriyak", "type": "Base", "nearest_town": null, "warning_level": 61.48, "danger_level": 62.48, "frl": null, "mwl": null, "highest_flow_level": 64.0}}, {"type": "Feature", "geometry": {"type": "Point", "coordinates": [86.02027777777778, 22.974444444444444]}, "properties": {"station_code": "0038-ERDBWN", "name": "Chandil Dam", "type": "Inflow", "nearest_town": "Umesh nagar", "warning_level": null, "danger_level": null, "frl": 189.0, "mwl": 192.0, "highest_flow_level": null}}, {"type": "Feature", "geometry": {"type": "Point", "coordinates": [95.00277777777778, 28.233611111111113]}, "properties": {"station_code": "003NEID-3", "name": "Pangin", "type": "Base", "nearest_town": null, "warning_level": 219.0, "danger_level": 220.0, "frl": null, "mwl": null, "highest_flow_level": 212.02}}, {"type": "Feature", "geometry": {"type": "Point", "coordinates": [93.09777777809086, 23.226666666598838]}, "properties": {"station_code": "003NEID1", "name": "Bailley Bridge Tuipui", "type": "Base", "nearest_town": "", "warning_level": null, "danger_level": null, "frl": null, "mwl": null, "highest_flow_level": null}}, {"type": "Feature", "geometry": {"type": "Point", "coordinates": [75.61805555555554, 14.93888888888889]}, "properties": {"station_code": "004-CDBNG", "name": "Marol", "type": "Base", "nearest_town": null, "warning_level": 515.0, "danger_level": 515.5, "frl": null, "mwl": null, "highest_flow_level": 518.171}}, {"type": "Feature", "geometry": {"type": "Point", "coordinates": [75.75555555555556, 23.175555555555558]}, "properties": {"station_code": "004-CDJPR", "name": "Ujjain", "type": "Base", "nearest_town": "", "warning_level": 476.0, "danger_level": 477.0, "frl": null, "mwl": null, "highest_flow_level": 483.81}}, {"type": "Feature", "geometry": {"type": "Point", "coordinates": [86.43305555555555, 24.0325]}, "properties": {"station_code": "004-DDASL", "name": "Nandadih", "type": "Base", "nearest_town": "", "warning_level": 193.21, "danger_level": 194.21, "frl": null, "mwl": null, "highest_flow_level": 200.395}}, {"type": "Feature", "geometry": {"type": "Point", "coordinates": [86.71861111111112, 21.93111111111111]}, "properties": {"station_code": "004-ERDBWN", "name": "Baripada", "type": "Base", "nearest_town": "", "warning_level": 29.7, "danger_level": 30.92, "frl": null, "mwl": null, "highest_flow_level": 34.82}}, {"type": "Feature", "geometry": {"type": "Point", "coordinates": [78.9842, 30.288061111111112]}, "properties": {"station_code": "004-HGDDDN", "name": "Rudraprayag (A)", "type": "Base", "nearest_town": null, "warning_level": 626.0, "danger_level": 627.0, "frl": null, "mwl": null, "highest_flow_level": 634.85}}, {"type": "Feature", "geometry": {"type": "Point", "coordinates": [79.3, 14.48]}, "properties": {"station_code": "004-HYDCHENNAI", "name": "Somasila Dam", "type": "Inflow", "nearest_town": null, "warning_level": null, "danger_level": null, "frl": 100.58, "mwl": null, "highest_flow_level": null}}, {"type": "Feature", "geometry": {"type": "Point", "coordinates": [90.75003333333333, 26.464216666666665]}, "properties": {"station_code": "004-LBDJPG", "name": "Manas N H Crossing", "type": "Level", "nearest_town": "", "warning_level": 47.81, "danger_level": 48.42, "frl": null, "mwl": null, "highest_flow_level": 50.08}}, {"type": "Feature", "geometry": {"type": "Point", "coordinates": [87.91638888888889, 24.799166666666668]}, "properties": {"station_code": "004-LGD3BEH", "name": "FARAKKA(HR)", "type": "Base", "nearest_town": null, "warning_level": null, "danger_level": null, "frl": null, "mwl": null, "highest_flow_level": 27.647}}, {"type": "Feature", "geometry": {"type": "Point", "coordinates": [82.23305555555555, 19.27722222222222]}, "properties": {"station_code": "004-LGDHYD", "name": "Kosagumda (Bhaskel)", "type": "Base", "nearest_town": "Nowrangpur", "warning_level": 555.0, "danger_level": 556.0, "frl": null, "mwl": null, "highest_flow_level": 557.98}}, {"type": "Feature", "geometry": {"type": "Point", "coordinates": [77.35722222222222, 16.38222222222222]}, "properties": {"station_code": "004-LKDHYD", "name": "Deosugur", "type": "Base", "nearest_town": "", "warning_level": 334.511, "danger_level": 335.511, "frl": null, "mwl": null, "highest_flow_level": 339.961}}, {"type": "Feature", "geometry": {"type": "Point", "coordinates": [78.93777777777778, 26.69638888888889]}, "properties": {"station_code": "004-LYDAGRA", "name": "UDI", "type": "Base", "nearest_town": "", "warning_level": 119.8, "danger_level": 120.8, "frl": null, "mwl": null, "highest_flow_level": 129.91}}, {"type": "Feature", "geometry": {"type": "Point", "coordinates": [74.71805555555555, 23.349722222222223]}, "properties": {"station_code": "004-MAHGAND", "name": "Mataji", "type": "Base", "nearest_town": "", "warning_level": 291.5, "danger_level": 293.0, "frl": null, "mwl": null, "highest_flow_level": 298.32}}, {"type": "Feature", "geometry": {"type": "Point", "coordinates": [91.45980277777778, 26.45040277777778]}, "properties": {"station_code": "004-MBDGHY", "name": "Pagladiya N T Road Crossing", "type": "Level", "nearest_town": "Nalbari", "warning_level": 51.75, "danger_level": 52.75, "frl": null, "mwl": null, "highest_flow_level": 55.45}}, {"type": "Feature", "geometry": {"type": "Point", "coordinates": [82.58, 22.6]}, "properties": {"station_code": "004-MDBURLA", "name": "Bangodam", "type": "Base", "nearest_town": null, "warning_level": null, "danger_level": null, "frl": null, "mwl": null, "highest_flow_level": 302.1}}, {"type": "Feature", "geometry": {"type": "Point", "coordinates": [91.59833333333333, 24.0625]}, "properties": {"station_code": "004-MDSIL", "name": "KHOWAI", "type": "Base", "nearest_town": "Khowai", "warning_level": 25.0, "danger_level": 26.0, "frl": null, "mwl": null, "highest_flow_level": 28.005}}, {"type": "Feature", "geometry": {"type": "Point", "coordinates": [80.24583333333334, 29.438055555555557]}, "properties": {"station_code": "004-MGD1LKN", "name": "Pancheshwar", "type": "Base", "nearest_town": null, "warning_level": 431.0, "danger_level": 432.0, "frl": null, "mwl": null, "highest_flow_level": 433.3}}, {"type": "Feature", "geometry": {"type": "Point", "coordinates": [79.98305555555555, 27.020833333333332]}, "properties": {"station_code": "004-MGD2LKN", "name": "Kannauj", "type": "Level", "nearest_town": "Farrukabad", "warning_level": 124.97, "danger_level": 125.97, "frl": null, "mwl": null, "highest_flow_level": 126.78}}, {"type": "Feature", "geometry": {"type": "Point", "coordinates": [82.28722222222223, 25.27722222222222]}, "properties": {"station_code": "004-MGD3VNS", "name": "SITAMARHI", "type": "Base", "nearest_town": "", "warning_level": 80.2, "danger_level": 81.2, "frl": null, "mwl": 64.42, "highest_flow_level": 81.2}}, {"type": "Feature", "geometry": {"type": "Point", "coordinates": [85.3761111111111, 26.142777777777777]}, "properties": {"station_code": "004-MGD4PTN", "name": "Sikandarpur (Muzzafarpur)", "type": "Level", "nearest_town": "", "warning_level": 51.53, "danger_level": 52.53, "frl": null, "mwl": null, "highest_flow_level": 54.29}}, {"type": "Feature", "geometry": {"type": "Point", "coordinates": [85.9875, 25.384999999999998]}, "properties": {"station_code": "004-MGD5PTN", "name": "Hathidah", "type": "Level", "nearest_town": "", "warning_level": 40.76, "danger_level": 41.76, "frl": null, "mwl": null, "highest_flow_level": 43.52}}, {"type": "Feature", "geometry": {"type": "Point", "coordinates": [92.93416666666667, 23.223333333333333]}, "properties": {"station_code": "004-MIDSHL", "name": "Keitum", "type": "Base", "nearest_town": null, "warning_level": null, "danger_level": null, "frl": null, "mwl": null, "highest_flow_level": 90.18}}, {"type": "Feature", "geometry": {"type": "Point", "coordinates": [77.30833333333334, 22.405277777777776]}, "properties": {"station_code": "004-NDBHP", "name": "Chhidgaon", "type": "Base", "nearest_town": null, "warning_level": 295.8, "danger_level": 296.5, "frl": null, "mwl": null, "highest_flow_level": 301.92}}, {"type": "Feature", "geometry": {"type": "Point", "coordinates": [77.628, 31.44311111111111]}, "properties": {"station_code": "004-SHDSIM", "name": "RAMPUR_1", "type": "Base", "nearest_town": null, "warning_level": null, "danger_level": null, "frl": null, "mwl": null, "highest_flow_level": 924.5}}, {"type": "Feature", "geometry": {"type": "Point", "coordinates": [75.75833333333334, 11.650833333333333]}, "properties": {"station_code": "004-SWRDKOCHI", "name": "KUTTYADI", "type": "Base", "nearest_town": "KOZHIKODE", "warning_level": 5.95, "danger_level": 6.95, "frl": null, "mwl": null, "highest_flow_level": 8.7}}, {"type": "Feature", "geometry": {"type": "Point", "coordinates": [73.0, 21.7]}, "properties": {"station_code": "004-TDSURAT", "name": "Bharuch", "type": "Level", "nearest_town": "Bharuch", "warning_level": 6.705, "danger_level": 7.315, "frl": null, "mwl": null, "highest_flow_level": 12.645}}, {"type": "Feature", "geometry": {"type": "Point", "coordinates": [93.55972222222222, 28.372777777777777]}, "properties": {"station_code": "004-UBDDIB", "name": "Lemeking", "type": "Base", "nearest_town": "", "warning_level": 1108.745, "danger_level": 1109.745, "frl": null, "mwl": null, "highest_flow_level": 1107.17}}, {"type": "Feature", "geometry": {"type": "Point", "coordinates": [74.63222222222221, 16.781944444444445]}, "properties": {"station_code": "004-UKDPUNE", "name": "Arjunwad (Seasonal)", "type": "Level", "nearest_town": "miraj", "warning_level": 539.2, "danger_level": 540.7, "frl": null, "mwl": null, "highest_flow_level": 544.345}}, {"type": "Feature", "geometry": {"type": "Point", "coordinates": [77.84666666666666, 30.939722222222223]}, "properties": {"station_code": "004-UYDDEL", "name": "Tuini (Tons)", "type": "Base", "nearest_town": "", "warning_level": 901.5, "danger_level": 902.5, "frl": null, "mwl": null, "highest_flow_level": 904.0}}, {"type": "Feature", "geometry": {"type": "Point", "coordinates": [80.25333333333333, 21.62388888888889]}, "properties": {"station_code": "004-WGDNGP", "name": "Rajegaon", "type": "Base", "nearest_town": "", "warning_level": null, "danger_level": null, "frl": null, "mwl": null, "highest_flow_level": 284.23}}, {"type": "Feature", "geometry": {"type": "Point", "coordinates": [77.83611111111111, 12.870000000000001]}, "properties": {"station_code": "0041-CDBNG", "name": "SINGASADANAPALLI", "type": "Base", "nearest_town": null, "warning_level": 844.5, "danger_level": 845.0, "frl": null, "mwl": null, "highest_flow_level": 847.39}}, {"type": "Feature", "geometry": {"type": "Point", "coordinates": [77.04055555555556, 12.668333333333333]}, "properties": {"station_code": "0042-CDBNG", "name": "THORESHETTAHALLI", "type": "Base", "nearest_town": null, "warning_level": 625.0, "danger_level": 626.0, "frl": null, "mwl": null, "highest_flow_level": 627.1}}, {"type": "Feature", "geometry": {"type": "Point", "coordinates": [76.46305555555556, 12.114166666666666]}, "properties": {"station_code": "0043-CDBNG", "name": "HOMMARAGALLI", "type": "Base", "nearest_town": null, "warning_level": 667.0, "danger_level": 668.0, "frl": null, "mwl": null, "highest_flow_level": 670.68}}, {"type": "Feature", "geometry": {"type": "Point", "coordinates": [75.77222222222223, 12.490555555555554]}, "properties": {"station_code": "0044-CDBNG", "name": "MUKKODLU", "type": "Base", "nearest_town": null, "warning_level": 880.0, "danger_level": 881.0, "frl": null, "mwl": null, "highest_flow_level": 889.62}}, {"type": "Feature", "geometry": {"type": "Point", "coordinates": [77.44083333333333, 12.296111111111111]}, "properties": {"station_code": "0045-CDBNG", "name": "KOKKEDODDY", "type": "Base", "nearest_town": null, "warning_level": 373.0, "danger_level": 374.0, "frl": null, "mwl": null, "highest_flow_level": 374.25}}, {"type": "Feature", "geometry": {"type": "Point", "coordinates": [77.03666666666666, 12.510277777777778]}, "properties": {"station_code": "0046-CDBNG", "name": "CHIKKARASINAKERE", "type": "Base", "nearest_town": null, "warning_level": 616.0, "danger_level": 617.0, "frl": null, "mwl": null, "highest_flow_level": 618.075}}, {"type": "Feature", "geometry": {"type": "Point", "coordinates": [77.40944444444445, 12.069444444444445]}, "properties": {"station_code": "0047-CDBNG", "name": "PUDUNAGARA", "type": "Base", "nearest_town": null, "warning_level": 587.0, "danger_level": 587.5, "frl": null, "mwl": null, "highest_flow_level": 588.15}}, {"type": "Feature", "geometry": {"type": "Point", "coordinates": [77.05666666666666, 12.595555555555556]}, "properties": {"station_code": "0048-CDBNG", "name": "CHIKKAMALUR", "type": "Base", "nearest_town": null, "warning_level": 651.0, "danger_level": 652.0, "frl": null, "mwl": null, "highest_flow_level": 650.87}}, {"type": "Feature", "geometry": {"type": "Point", "coordinates": [92.95333333334062, 24.542500000225463]}, "properties": {"station_code": "004NEID1", "name": "Kashithal", "type": "Base", "nearest_town": "", "warning_level": null, "danger_level": null, "frl": null, "mwl": null, "highest_flow_level": null}}, {"type": "Feature", "geometry": {"type": "Point", "coordinates": [94.96111111111111, 28.308055555555555]}, "properties": {"station_code": "004NEID3", "name": "Boleng", "type": "Base", "nearest_town": null, "warning_level": 233.0, "danger_level": 234.0, "frl": null, "mwl": null, "highest_flow_level": 218.2}}, {"type": "Feature", "geometry": {"type": "Point", "coordinates": [80.1, 29.533055555555556]}, "properties": {"station_code": "004RAMES", "name": "RAMESHWAR", "type": "Base", "nearest_town": null, "warning_level": null, "danger_level": null, "frl": null, "mwl": null, "highest_flow_level": null}}, {"type": "Feature", "geometry": {"type": "Point", "coordinates": [75.77972222222222, 14.43388888888889]}, "properties": {"station_code": "005-CDBNG", "name": "BYALADAHALLI", "type": "Base", "nearest_town": "", "warning_level": 534.9, "danger_level": 535.4, "frl": null, "mwl": null, "highest_flow_level": 538.45}}, {"type": "Feature", "geometry": {"type": "Point", "coordinates": [75.6375, 23.479999999999997]}, "properties": {"station_code": "005-CDJAPR", "name": "Mahidpur", "type": "Base", "nearest_town": "", "warning_level": 453.0, "danger_level": 454.0, "frl": null, "mwl": null, "highest_flow_level": 456.3}}, {"type": "Feature", "geometry": {"type": "Point", "coordinates": [86.81, 23.779999999999998]}, "properties": {"station_code": "005-DDASL", "name": "Maithon Reservoir", "type": "Inflow", "nearest_town": "", "warning_level": null, "danger_level": 150.876, "frl": 150.88, "mwl": 151.79, "highest_flow_level": 151.83}}, {"type": "Feature", "geometry": {"type": "Point", "coordinates": [86.91805555555555, 21.547777777777778]}, "properties": {"station_code": "005-ERDBWN", "name": "Govindpur (NH5 Road Bridge)", "type": "Level", "nearest_town": "", "warning_level": 7.21, "danger_level": 8.13, "frl": null, "mwl": null, "highest_flow_level": 9.5}}, {"type": "Feature", "geometry": {"type": "Point", "coordinates": [78.965, 30.275277777777777]}, "properties": {"station_code": "005-HGDDDN", "name": "Rudraprayag (C)", "type": "Base", "nearest_town": null, "warning_level": 623.7, "danger_level": 624.7, "frl": null, "mwl": null, "highest_flow_level": 628.2}}, {"type": "Feature", "geometry": {"type": "Point", "coordinates": [74.83802777777777, 34.06944444444445]}, "properties": {"station_code": "005-JHELUM", "name": "Rammunshibagh (near Srinagar)", "type": "Level", "nearest_town": "Srinagar", "warning_level": 1585.48, "danger_level": 1586.4, "frl": null, "mwl": null, "highest_flow_level": 1589.0}}, {"type": "Feature", "geometry": {"type": "Point", "coordinates": [90.03248888888889, 25.990991666666666]}, "properties": {"station_code": "005-LBDJPG", "name": "Dhubri", "type": "Level", "nearest_town": "", "warning_level": 27.62, "danger_level": 28.62, "frl": null, "mwl": null, "highest_flow_level": 30.37}}, {"type": "Feature", "geometry": {"type": "Point", "coordinates": [87.76833333333333, 25.430555555555557]}, "properties": {"station_code": "005-LGD3BEH", "name": "LABHA", "type": "Base", "nearest_town": null, "warning_level": 27.1, "danger_level": 28.0, "frl": null, "mwl": null, "highest_flow_level": 30.79}}, {"type": "Feature", "geometry": {"type": "Point", "coordinates": [82.27583333333334, 19.059444444444445]}, "properties": {"station_code": "005-LGDHYD", "name": "Murthahandi (Journala)", "type": "Base", "nearest_town": null, "warning_level": null, "danger_level": null, "frl": null, "mwl": null, "highest_flow_level": 545.24}}, {"type": "Feature", "geometry": {"type": "Point", "coordinates": [76.33, 17.17]}, "properties": {"station_code": "005-LKDHYD", "name": "Deongaon Bridge", "type": "Level", "nearest_town": "", "warning_level": 402.0, "danger_level": 404.5, "frl": null, "mwl": null, "highest_flow_level": 409.0}}, {"type": "Feature", "geometry": {"type": "Point", "coordinates": [79.47888888888889, 26.428055555555556]}, "properties": {"station_code": "005-LYDAGRA", "name": "AURAIYA", "type": "Level", "nearest_town": "", "warning_level": 112.0, "danger_level": 113.0, "frl": null, "mwl": null, "highest_flow_level": 118.51}}, {"type": "Feature", "geometry": {"type": "Point", "coordinates": [74.54722222222222, 23.628611111111113]}, "properties": {"station_code": "005-MAHGAND", "name": "Mahi Bajaj Sagar Dam", "type": "Inflow", "nearest_town": "", "warning_level": null, "danger_level": null, "frl": 281.5, "mwl": 281.5, "highest_flow_level": null}}, {"type": "Feature", "geometry": {"type": "Point", "coordinates": [91.69288611111112, 26.775008333333332]}, "properties": {"station_code": "005-MBDGHY", "name": "DRF", "type": "Base", "nearest_town": "Rangia", "warning_level": null, "danger_level": null, "frl": null, "mwl": null, "highest_flow_level": 144.98}}, {"type": "Feature", "geometry": {"type": "Point", "coordinates": [82.70277777777778, 22.393333333333334]}, "properties": {"station_code": "005-MDBURLA", "name": "Korba", "type": "Base", "nearest_town": null, "warning_level": null, "danger_level": null, "frl": null, "mwl": null, "highest_flow_level": 279.02}}, {"type": "Feature", "geometry": {"type": "Point", "coordinates": [91.27277777777778, 23.82611111111111]}, "properties": {"station_code": "005-MDSIL", "name": "HAORA", "type": "Base", "nearest_town": "Agartala", "warning_level": 10.0, "danger_level": 10.7, "frl": null, "mwl": null, "highest_flow_level": 12.42}}, {"type": "Feature", "geometry": {"type": "Point", "coordinates": [80.10555555555555, 28.995833333333334]}, "properties": {"station_code": "005-MGD1LKN", "name": "Banbasa", "type": "Base", "nearest_town": "", "warning_level": 220.7, "danger_level": 221.7, "frl": 222.96, "mwl": null, "highest_flow_level": 223.3}}, {"type": "Feature", "geometry": {"type": "Point", "coordinates": [80.47777777777777, 27.34611111111111]}, "properties": {"station_code": "005-MGD2LKN", "name": "Neemsar", "type": "Base", "nearest_town": "", "warning_level": 125.8, "danger_level": 126.8, "frl": null, "mwl": null, "highest_flow_level": 129.08}}, {"type": "Feature", "geometry": {"type": "Point", "coordinates": [82.5296, 25.1546]}, "properties": {"station_code": "005-MGD3VNS", "name": "Mirzapur", "type": "Level", "nearest_town": "Mirzapur", "warning_level": 76.724, "danger_level": 77.724, "frl": null, "mwl": 62.42, "highest_flow_level": 80.34}}, {"type": "Feature", "geometry": {"type": "Point", "coordinates": [85.80499999999999, 25.860833333333336]}, "properties": {"station_code": "005-MGD4PTN", "name": "Samastipur", "type": "Level", "nearest_town": "", "warning_level": 45.02, "danger_level": 46.02, "frl": null, "mwl": null, "highest_flow_level": 49.38}}, {"type": "Feature", "geometry": {"type": "Point", "coordinates": [86.4625, 25.37777777777778]}, "properties": {"station_code": "005-MGD5PTN", "name": "Munger", "type": "Level", "nearest_town": "munger", "warning_level": 38.33, "danger_level": 39.33, "frl": null, "mwl": null, "highest_flow_level": 40.99}}, {"type": "Feature", "geometry": {"type": "Point", "coordinates": [74.74472222222222, 21.94361111111111]}, "properties": {"station_code": "005-NDBHP", "name": "Pati", "type": "Base", "nearest_town": null, "warning_level": 195.0, "danger_level": 196.0, "frl": null, "mwl": null, "highest_flow_level": 207.1}}, {"type": "Feature", "geometry": {"type": "Point", "coordinates": [77.288, 31.267305555555556]}, "properties": {"station_code": "005-SHDSIM", "name": "PANDOA", "type": "Base", "nearest_town": "", "warning_level": null, "danger_level": null, "frl": null, "mwl": null, "highest_flow_level": 689.6}}, {"type": "Feature", "geometry": {"type": "Point", "coordinates": [88.26027777777777, 27.27027777777778]}, "properties": {"station_code": "005-SIDGTK", "name": "Toyum", "type": "Base", "nearest_town": "", "warning_level": null, "danger_level": null, "frl": null, "mwl": null, "highest_flow_level": 653.45}}, {"type": "Feature", "geometry": {"type": "Point", "coordinates": [76.91916666666667, 11.572777777777777]}, "properties": {"station_code": "005-SRDCBE", "name": "THENGUMARAHADA", "type": "Base", "nearest_town": "", "warning_level": 341.0, "danger_level": 342.0, "frl": null, "mwl": null, "highest_flow_level": 342.4}}, {"type": "Feature", "geometry": {"type": "Point", "coordinates": [76.02333333333333, 11.239444444444443]}, "properties": {"station_code": "005-SWRDKOCHI", "name": "KUNIYIL", "type": "Base", "nearest_town": "Kuttooli", "warning_level": 10.85, "danger_level": 11.85, "frl": null, "mwl": null, "highest_flow_level": 12.14}}, {"type": "Feature", "geometry": {"type": "Point", "coordinates": [72.96333333333334, 21.23777777777778]}, "properties": {"station_code": "005-TDSURAT", "name": "MOTINAROLI", "type": "Base", "nearest_town": null, "warning_level": 16.0, "danger_level": 18.0, "frl": null, "mwl": null, "highest_flow_level": 18.225}}, {"type": "Feature", "geometry": {"type": "Point", "coordinates": [95.33555555555554, 28.07777777777778]}, "properties": {"station_code": "005-UBDDIB", "name": "Passighat", "type": "Level", "nearest_town": "", "warning_level": 152.96, "danger_level": 153.96, "frl": null, "mwl": null, "highest_flow_level": 157.54}}, {"type": "Feature", "geometry": {"type": "Point", "coordinates": [74.13194444444444, 20.009166666666665]}, "properties": {"station_code": "005-UGDHYD", "name": "NMD-Weir", "type": "Inflow", "nearest_town": "", "warning_level": null, "danger_level": null, "frl": 533.5, "mwl": null, "highest_flow_level": null}}, {"type": "Feature", "geometry": {"type": "Point", "coordinates": [74.60222222222221, 16.684444444444445]}, "properties": {"station_code": "005-UKDPUNE", "name": "KURUNDWAD", "type": "Base", "nearest_town": "", "warning_level": 535.64, "danger_level": 537.16, "frl": null, "mwl": null, "highest_flow_level": 541.35}}, {"type": "Feature", "geometry": {"type": "Point", "coordinates": [77.82583333333334, 30.537222222222223]}, "properties": {"station_code": "005-UYDDEL", "name": "Haripur", "type": "Base", "nearest_town": "", "warning_level": 479.5, "danger_level": 480.5, "frl": null, "mwl": null, "highest_flow_level": 482.48}}, {"type": "Feature", "geometry": {"type": "Point", "coordinates": [79.8, 21.58111111111111]}, "properties": {"station_code": "005-WGDNGP", "name": "Sitekasa", "type": "Base", "nearest_town": "", "warning_level": null, "danger_level": null, "frl": null, "mwl": null, "highest_flow_level": 311.5}}, {"type": "Feature", "geometry": {"type": "Point", "coordinates": [78.11666666666666, 9.933333333333334]}, "properties": {"station_code": "0052-SRDCBE", "name": "Madurai", "type": "Level", "nearest_town": null, "warning_level": 131.5, "danger_level": 132.5, "frl": null, "mwl": null, "highest_flow_level": 134.76}}, {"type": "Feature", "geometry": {"type": "Point", "coordinates": [92.80444444403835, 24.49083333343883]}, "properties": {"station_code": "005NEID1", "name": "Kulichera", "type": "Base", "nearest_town": "", "warning_level": null, "danger_level": null, "frl": null, "mwl": null, "highest_flow_level": null}}, {"type": "Feature", "geometry": {"type": "Point", "coordinates": [92.43083333333334, 27.581944444444446]}, "properties": {"station_code": "005NEID3", "name": "METEOROLOGICAL STATION JANG", "type": "Base", "nearest_town": null, "warning_level": null, "danger_level": null, "frl": null, "mwl": null, "highest_flow_level": null}}, {"type": "Feature", "geometry": {"type": "Point", "coordinates": [80.2, 29.133055555555558]}, "properties": {"station_code": "005PURNA", "name": "PURNAGIRI", "type": "Base", "nearest_town": null, "warning_level": null, "danger_level": null, "frl": null, "mwl": null, "highest_flow_level": null}}, {"type": "Feature", "geometry": {"type": "Point", "coordinates": [75.68527777777778, 13.97638888888889]}, "properties": {"station_code": "006-CDBNG", "name": "HOLEHONNUR", "type": "Base", "nearest_town": null, "warning_level": 560.2, "danger_level": 560.725, "frl": null, "mwl": null, "highest_flow_level": 563.465}}, {"type": "Feature", "geometry": {"type": "Point", "coordinates": [74.62322222222221, 34.246694444444444]}, "properties": {"station_code": "006-CHEJMU", "name": "Safapora", "type": "Level", "nearest_town": "Baramulla", "warning_level": 1580.52, "danger_level": 1581.28, "frl": null, "mwl": null, "highest_flow_level": 1582.2}}, {"type": "Feature", "geometry": {"type": "Point", "coordinates": [85.1725, 23.704722222222223]}, "properties": {"station_code": "006-DDASL", "name": "Hendegir", "type": "Base", "nearest_town": "", "warning_level": 364.24, "danger_level": 365.24, "frl": null, "mwl": null, "highest_flow_level": 369.21}}, {"type": "Feature", "geometry": {"type": "Point", "coordinates": [86.17361111111111, 22.79138888888889]}, "properties": {"station_code": "006-ERDBWN", "name": "Adityapur", "type": "Base", "nearest_town": null, "warning_level": null, "danger_level": null, "frl": null, "mwl": null, "highest_flow_level": 137.8}}, {"type": "Feature", "geometry": {"type": "Point", "coordinates": [78.97916666666667, 30.288611111111113]}, "properties": {"station_code": "006-HGDDDN", "name": "Rudraprayag (M)", "type": "Base", "nearest_town": null, "warning_level": 625.0, "danger_level": 626.0, "frl": null, "mwl": null, "highest_flow_level": 634.0}}, {"type": "Feature", "geometry": {"type": "Point", "coordinates": [89.7863888888889, 26.47472222222222]}, "properties": {"station_code": "006-LBDJPG", "name": "Barabisha", "type": "Base", "nearest_town": "", "warning_level": null, "danger_level": null, "frl": null, "mwl": null, "highest_flow_level": 50.1}}, {"type": "Feature", "geometry": {"type": "Point", "coordinates": [87.61638888888888, 24.89472222222222]}, "properties": {"station_code": "006-LGD3BEH", "name": "BERHAIT (SEASONAL DISCHARGE))", "type": "Base", "nearest_town": null, "warning_level": null, "danger_level": 47.53, "frl": null, "mwl": null, "highest_flow_level": 49.8}}, {"type": "Feature", "geometry": {"type": "Point", "coordinates": [82.02277777777778, 19.108055555555556]}, "properties": {"station_code": "006-LGDHYD", "name": "Jagdalpur", "type": "Level", "nearest_town": "", "warning_level": 539.5, "danger_level": 540.8, "frl": null, "mwl": null, "highest_flow_level": 544.68}}, {"type": "Feature", "geometry": {"type": "Point", "coordinates": [77.46277777777777, 17.254444444444445]}, "properties": {"station_code": "006-LKDHYD", "name": "Jewangi", "type": "Base", "nearest_town": null, "warning_level": 425.5, "danger_level": 426.6, "frl": null, "mwl": null, "highest_flow_level": 428.38}}, {"type": "Feature", "geometry": {"type": "Point", "coordinates": [79.75944444444444, 26.129166666666666]}, "properties": {"station_code": "006-LYDAGR", "name": "KALPI", "type": "Level", "nearest_town": "kalpi", "warning_level": 107.0, "danger_level": 108.0, "frl": null, "mwl": null, "highest_flow_level": 112.98}}, {"type": "Feature", "geometry": {"type": "Point", "coordinates": [74.13388888888889, 23.76638888888889]}, "properties": {"station_code": "006-MAHGAND", "name": "Paderdibadi", "type": "Base", "nearest_town": "", "warning_level": 139.0, "danger_level": 140.0, "frl": null, "mwl": null, "highest_flow_level": 149.65}}, {"type": "Feature", "geometry": {"type": "Point", "coordinates": [91.65277777777779, 26.365833333333335]}, "properties": {"station_code": "006-MBDGHY", "name": "Puthimari NH Rd Xing", "type": "Level", "nearest_town": "", "warning_level": 51.31, "danger_level": 52.31, "frl": null, "mwl": null, "highest_flow_level": 55.08}}, {"type": "Feature", "geometry": {"type": "Point", "coordinates": [82.71333333333334, 21.9]}, "properties": {"station_code": "006-MDBURLA", "name": "Bamnidhi", "type": "Base", "nearest_town": null, "warning_level": null, "danger_level": null, "frl": null, "mwl": null, "highest_flow_level": 229.255}}, {"type": "Feature", "geometry": {"type": "Point", "coordinates": [91.23083333333334, 23.649444444444445]}, "properties": {"station_code": "006-MDSIL", "name": "GAJARIA", "type": "Base", "nearest_town": null, "warning_level": 8.6, "danger_level": 9.2, "frl": null, "mwl": null, "highest_flow_level": 11.25}}, {"type": "Feature", "geometry": {"type": "Point", "coordinates": [80.55333333333333, 28.384999999999998]}, "properties": {"station_code": "006-MGD1LKN", "name": "Paliakalan", "type": "Base", "nearest_town": null, "warning_level": 153.59, "danger_level": 154.59, "frl": null, "mwl": null, "highest_flow_level": 155.82}}, {"type": "Feature", "geometry": {"type": "Point", "coordinates": [80.8, 27.191111111111113]}, "properties": {"station_code": "006-MGD2LKN", "name": "Bhatpurwaghat", "type": "Base", "nearest_town": "", "warning_level": 113.3, "danger_level": 114.3, "frl": null, "mwl": null, "highest_flow_level": 115.55}}, {"type": "Feature", "geometry": {"type": "Point", "coordinates": [83.03999999999999, 25.325833333333332]}, "properties": {"station_code": "006-MGD3VNS", "name": "Varanasi", "type": "Level", "nearest_town": "Varanasi", "warning_level": 70.262, "danger_level": 71.262, "frl": null, "mwl": 58.101, "highest_flow_level": 73.901}}, {"type": "Feature", "geometry": {"type": "Point", "coordinates": [86.02111111111111, 25.749722222222225]}, "properties": {"station_code": "006-MGD4PTN", "name": "Rosera", "type": "Level", "nearest_town": "", "warning_level": 41.63, "danger_level": 42.63, "frl": null, "mwl": null, "highest_flow_level": 46.56}}, {"type": "Feature", "geometry": {"type": "Point", "coordinates": [87.01555555555555, 25.269444444444442]}, "properties": {"station_code": "006-MGD5PTN", "name": "Bhagalpur", "type": "Level", "nearest_town": "", "warning_level": 32.68, "danger_level": 33.68, "frl": null, "mwl": null, "highest_flow_level": 34.86}}, {"type": "Feature", "geometry": {"type": "Point", "coordinates": [79.66277777777778, 23.311666666666667]}, "properties": {"station_code": "006-NDBHP", "name": "Patan", "type": "Base", "nearest_town": null, "warning_level": 353.0, "danger_level": 354.0, "frl": null, "mwl": null, "highest_flow_level": 356.83}}, {"type": "Feature", "geometry": {"type": "Point", "coordinates": [76.83305555555555, 32.04666666666667]}, "properties": {"station_code": "006-SHDSIM", "name": "BAROT", "type": "Base", "nearest_town": null, "warning_level": null, "danger_level": null, "frl": null, "mwl": null, "highest_flow_level": 1826.72}}, {"type": "Feature", "geometry": {"type": "Point", "coordinates": [77.71583333333334, 11.559166666666668]}, "properties": {"station_code": "006-SRDCBE", "name": "SEVANUR", "type": "Base", "nearest_town": "", "warning_level": 173.0, "danger_level": 173.25, "frl": null, "mwl": null, "highest_flow_level": 173.33}}, {"type": "Feature", "geometry": {"type": "Point", "coordinates": [76.03944444444444, 11.056944444444445]}, "properties": {"station_code": "006-SWRDKOCHI", "name": "KARATHODU", "type": "Base", "nearest_town": "", "warning_level": 12.0, "danger_level": 13.0, "frl": null, "mwl": null, "highest_flow_level": 14.7}}, {"type": "Feature", "geometry": {"type": "Point", "coordinates": [73.46527777777779, 22.05]}, "properties": {"station_code": "006-TDSURAT", "name": "CHANWADA", "type": "Base", "nearest_town": null, "warning_level": 24.0, "danger_level": 25.0, "frl": null, "mwl": null, "highest_flow_level": 33.55}}, {"type": "Feature", "geometry": {"type": "Point", "coordinates": [96.17055555555557, 27.910833333333333]}, "properties": {"station_code": "006-UBDDIB", "name": "Tezu", "type": "Base", "nearest_town": "", "warning_level": 190.25, "danger_level": 191.25, "frl": null, "mwl": null, "highest_flow_level": 197.8}}, {"type": "Feature", "geometry": {"type": "Point", "coordinates": [74.49, 19.89]}, "properties": {"station_code": "006-UGDHYD", "name": "Kopergaon", "type": "Level", "nearest_town": "", "warning_level": 490.9, "danger_level": 493.68, "frl": null, "mwl": null, "highest_flow_level": 499.17}}, {"type": "Feature", "geometry": {"type": "Point", "coordinates": [74.57416666666666, 16.67638888888889]}, "properties": {"station_code": "006-UKDPUNE", "name": "Terwad (Seasonal)", "type": "Base", "nearest_town": "", "warning_level": 534.0, "danger_level": 536.0, "frl": null, "mwl": null, "highest_flow_level": 541.64}}, {"type": "Feature", "geometry": {"type": "Point", "coordinates": [77.20944444444444, 30.88222222222222]}, "properties": {"station_code": "006-UYDDEL", "name": "Yashwant Nagar", "type": "Base", "nearest_town": "", "warning_level": 900.0, "danger_level": 901.0, "frl": null, "mwl": null, "highest_flow_level": 903.8}}, {"type": "Feature", "geometry": {"type": "Point", "coordinates": [79.66861111111112, 21.149166666666666]}, "properties": {"station_code": "006-WGDNGP", "name": "Bhandara", "type": "Level", "nearest_town": "Bhandara", "warning_level": 245.5, "danger_level": 245.7, "frl": null, "mwl": null, "highest_flow_level": 250.9}}, {"type": "Feature", "geometry": {"type": "Point", "coordinates": [80.3, 29.283333333333335]}, "properties": {"station_code": "006RUPALI", "name": "RUPALIGAD", "type": "Base", "nearest_town": null, "warning_level": null, "danger_level": null, "frl": null, "mwl": null, "highest_flow_level": null}}, {"type": "Feature", "geometry": {"type": "Point", "coordinates": [76.74916666666667, 13.9825]}, "properties": {"station_code": "007-CDBNG", "name": "HOOVINAHOLE", "type": "Base", "nearest_town": null, "warning_level": 97.0, "danger_level": 98.0, "frl": null, "mwl": null, "highest_flow_level": 97.78}}, {"type": "Feature", "geometry": {"type": "Point", "coordinates": [75.61, 24.65]}, "properties": {"station_code": "007-CDJAIPUR", "name": "Gandhi Sagar Reservoir", "type": "Inflow", "nearest_town": "mandsaur", "warning_level": null, "danger_level": null, "frl": 399.9, "mwl": 399.9, "highest_flow_level": null}}, {"type": "Feature", "geometry": {"type": "Point", "coordinates": [85.5111111111111, 23.641666666666666]}, "properties": {"station_code": "007-DDASL", "name": "Ramgarh", "type": "Base", "nearest_town": "", "warning_level": 306.51, "danger_level": 307.51, "frl": null, "mwl": null, "highest_flow_level": 316.68}}, {"type": "Feature", "geometry": {"type": "Point", "coordinates": [85.87527777777777, 23.36888888888889]}, "properties": {"station_code": "007-ERDBWN", "name": "Muri", "type": "Base", "nearest_town": null, "warning_level": null, "danger_level": null, "frl": null, "mwl": null, "highest_flow_level": 238.12}}, {"type": "Feature", "geometry": {"type": "Point", "coordinates": [78.78666666666666, 30.228888888888886]}, "properties": {"station_code": "007-HGDDDN", "name": "Srinagar", "type": "Level", "nearest_town": null, "warning_level": 535.0, "danger_level": 536.0, "frl": null, "mwl": null, "highest_flow_level": 537.9}}, {"type": "Feature", "geometry": {"type": "Point", "coordinates": [78.01638888888888, 14.921944444444444]}, "properties": {"station_code": "007-HYDCHENNAI", "name": "Tadipatri", "type": "Base", "nearest_town": "", "warning_level": 228.84, "danger_level": 229.84, "frl": null, "mwl": null, "highest_flow_level": 230.34}}, {"type": "Feature", "geometry": {"type": "Point", "coordinates": [89.85805555555555, 26.45777777777778]}, "properties": {"station_code": "007-LBDJPG", "name": "Sankosh LRP", "type": "Base", "nearest_town": "", "warning_level": null, "danger_level": null, "frl": null, "mwl": null, "highest_flow_level": 49.25}}, {"type": "Feature", "geometry": {"type": "Point", "coordinates": [88.16583333333334, 23.857222222222223]}, "properties": {"station_code": "007-LGD3BEH", "name": "BAZARSAU", "type": "Base", "nearest_town": null, "warning_level": null, "danger_level": null, "frl": null, "mwl": null, "highest_flow_level": 18.75}}, {"type": "Feature", "geometry": {"type": "Point", "coordinates": [81.88388888888889, 19.26972222222222]}, "properties": {"station_code": "007-LGDHYD", "name": "Sonarpal (Narangi Markandi)", "type": "Base", "nearest_town": null, "warning_level": null, "danger_level": null, "frl": null, "mwl": null, "highest_flow_level": 543.2}}, {"type": "Feature", "geometry": {"type": "Point", "coordinates": [77.1563888888889, 17.203333333333333]}, "properties": {"station_code": "007-LKDHYD", "name": "Malkhed", "type": "Base", "nearest_town": null, "warning_level": 398.0, "danger_level": 399.0, "frl": null, "mwl": null, "highest_flow_level": 403.19}}, {"type": "Feature", "geometry": {"type": "Point", "coordinates": [77.92027777777778, 23.88722222222222]}, "properties": {"station_code": "007-LYDAGRA", "name": "BASODA", "type": "Base", "nearest_town": "", "warning_level": 395.05, "danger_level": 396.05, "frl": null, "mwl": null, "highest_flow_level": 405.605}}, {"type": "Feature", "geometry": {"type": "Point", "coordinates": [73.82472222222222, 23.30527777777778]}, "properties": {"station_code": "007-MAHGAND", "name": "Kadana Dam", "type": "Inflow", "nearest_town": "SANTRAMPUR", "warning_level": null, "danger_level": null, "frl": 127.71, "mwl": 127.71, "highest_flow_level": null}}, {"type": "Feature", "geometry": {"type": "Point", "coordinates": [91.71483888888889, 26.65373333333333]}, "properties": {"station_code": "007-MBDGHY", "name": "Suklai", "type": "Base", "nearest_town": "Nalbari", "warning_level": null, "danger_level": null, "frl": null, "mwl": null, "highest_flow_level": 76.2}}, {"type": "Feature", "geometry": {"type": "Point", "coordinates": [83.93361111111112, 22.646666666666665]}, "properties": {"station_code": "007-MDBURLA", "name": "Thethetanger", "type": "Base", "nearest_town": null, "warning_level": null, "danger_level": null, "frl": null, "mwl": null, "highest_flow_level": 365.615}}, {"type": "Feature", "geometry": {"type": "Point", "coordinates": [92.885, 24.71611111111111]}, "properties": {"station_code": "007-MDSIL", "name": "TULARGRAM", "type": "Base", "nearest_town": "", "warning_level": null, "danger_level": null, "frl": null, "mwl": null, "highest_flow_level": 24.73}}, {"type": "Feature", "geometry": {"type": "Point", "coordinates": [80.965, 28.063333333333333]}, "properties": {"station_code": "007-MGD1LKN", "name": "Shardanagar", "type": "Base", "nearest_town": "", "warning_level": 134.49, "danger_level": 135.49, "frl": null, "mwl": null, "highest_flow_level": 136.55}}, {"type": "Feature", "geometry": {"type": "Point", "coordinates": [78.76055555555556, 29.497222222222224]}, "properties": {"station_code": "007-MGD2LKN", "name": "Kalagarh ", "type": "Base", "nearest_town": null, "warning_level": null, "danger_level": null, "frl": null, "mwl": null, "highest_flow_level": 263.67}}, {"type": "Feature", "geometry": {"type": "Point", "coordinates": [83.58833333333332, 25.58]}, "properties": {"station_code": "007-MGD3VNS", "name": "Ghazipur", "type": "Level", "nearest_town": "Ghazipur", "warning_level": 62.1, "danger_level": 63.105, "frl": null, "mwl": 51.66, "highest_flow_level": 65.22}}, {"type": "Feature", "geometry": {"type": "Point", "coordinates": [86.43694444444445, 25.486666666666668]}, "properties": {"station_code": "007-MGD4PTN", "name": "Khagaria", "type": "Level", "nearest_town": "", "warning_level": 35.58, "danger_level": 36.58, "frl": null, "mwl": null, "highest_flow_level": 39.22}}, {"type": "Feature", "geometry": {"type": "Point", "coordinates": [87.22611111111111, 25.265833333333333]}, "properties": {"station_code": "007-MGD5PTN", "name": "Kahalgaon", "type": "Level", "nearest_town": "", "warning_level": 30.09, "danger_level": 31.09, "frl": null, "mwl": null, "highest_flow_level": 32.87}}, {"type": "Feature", "geometry": {"type": "Point", "coordinates": [75.68444444444445, 22.101111111111113]}, "properties": {"station_code": "007-NDBHP", "name": "kogaon", "type": "Base", "nearest_town": null, "warning_level": 158.5, "danger_level": 159.5, "frl": null, "mwl": null, "highest_flow_level": 164.25}}, {"type": "Feature", "geometry": {"type": "Point", "coordinates": [77.75083333333333, 11.527222222222223]}, "properties": {"station_code": "007-SRDCBE", "name": "THEVUR", "type": "Base", "nearest_town": "", "warning_level": 171.5, "danger_level": 172.5, "frl": null, "mwl": null, "highest_flow_level": 173.2}}, {"type": "Feature", "geometry": {"type": "Point", "coordinates": [76.19194444444445, 10.898055555555555]}, "properties": {"station_code": "007-SWRDKOCHI", "name": "PULAMANTHOLE", "type": "Base", "nearest_town": "PALAKKAD", "warning_level": 15.6, "danger_level": 16.6, "frl": null, "mwl": null, "highest_flow_level": 20.25}}, {"type": "Feature", "geometry": {"type": "Point", "coordinates": [74.71555555555555, 20.47861111111111]}, "properties": {"station_code": "007-TDSURAT", "name": "Girna Dam", "type": "Base", "nearest_town": null, "warning_level": 398.068, "danger_level": 398.068, "frl": null, "mwl": null, "highest_flow_level": 398.07}}, {"type": "Feature", "geometry": {"type": "Point", "coordinates": [95.56611111111111, 27.76361111111111]}, "properties": {"station_code": "007-UBDDIB", "name": "Dholabazar", "type": "Level", "nearest_town": "", "warning_level": 127.27, "danger_level": 128.27, "frl": null, "mwl": null, "highest_flow_level": 130.07}}, {"type": "Feature", "geometry": {"type": "Point", "coordinates": [74.83361111111111, 19.53527777777778]}, "properties": {"station_code": "007-UGDHYD", "name": "Pachegaon", "type": "Base", "nearest_town": "", "warning_level": null, "danger_level": null, "frl": null, "mwl": 482.5, "highest_flow_level": 478.0}}, {"type": "Feature", "geometry": {"type": "Point", "coordinates": [74.5275, 16.56361111111111]}, "properties": {"station_code": "007-UKDPUNE", "name": "Sadalga (Seasonal)", "type": "Base", "nearest_town": "", "warning_level": 537.8, "danger_level": 538.8, "frl": null, "mwl": null, "highest_flow_level": 541.125}}, {"type": "Feature", "geometry": {"type": "Point", "coordinates": [77.46833333333333, 30.5875]}, "properties": {"station_code": "007-UYDDEL", "name": "Jateon Barrage", "type": "Base", "nearest_town": "", "warning_level": null, "danger_level": null, "frl": null, "mwl": null, "highest_flow_level": 616.35}}, {"type": "Feature", "geometry": {"type": "Point", "coordinates": [78.82416666666666, 21.718888888888888]}, "properties": {"station_code": "007-WGDNGP", "name": "Ramakona", "type": "Base", "nearest_town": "", "warning_level": null, "danger_level": null, "frl": null, "mwl": null, "highest_flow_level": 349.2}}, {"type": "Feature", "geometry": {"type": "Point", "coordinates": [93.615, 27.073333333333334]}, "properties": {"station_code": "007NEID3", "name": "Jollang ", "type": "Base", "nearest_town": null, "warning_level": null, "danger_level": null, "frl": null, "mwl": null, "highest_flow_level": null}}, {"type": "Feature", "geometry": {"type": "Point", "coordinates": [87.1641666661996, 21.767777777525993]}, "properties": {"station_code": "007RAJG", "name": "Rajghat_1", "type": "Base", "nearest_town": "Balasore", "warning_level": 10.0, "danger_level": 11.0, "frl": null, "mwl": null, "highest_flow_level": 12.21}}, {"type": "Feature", "geometry": {"type": "Point", "coordinates": [76.31972222222223, 13.754166666666666]}, "properties": {"station_code": "008-CDBNG", "name": "KELLODU", "type": "Base", "nearest_town": null, "warning_level": 652.25, "danger_level": 652.75, "frl": null, "mwl": null, "highest_flow_level": 653.99}}, {"type": "Feature", "geometry": {"type": "Point", "coordinates": [75.03416666666666, 25.250555555555554]}, "properties": {"station_code": "008-CDJAPR", "name": "Bigod", "type": "Base", "nearest_town": "", "warning_level": 351.565, "danger_level": 352.565, "frl": null, "mwl": null, "highest_flow_level": 353.265}}, {"type": "Feature", "geometry": {"type": "Point", "coordinates": [85.83999999999999, 23.72472222222222]}, "properties": {"station_code": "008-DDASL", "name": "Tenughat Reservoir", "type": "Inflow", "nearest_town": "Peterbar", "warning_level": null, "danger_level": 268.834, "frl": 268.834, "mwl": 267.834, "highest_flow_level": 265.56}}, {"type": "Feature", "geometry": {"type": "Point", "coordinates": [86.21611111111112, 22.815555555555555]}, "properties": {"station_code": "008-ERDBWN", "name": "Jamshedpur", "type": "Level", "nearest_town": "", "warning_level": 122.5, "danger_level": 123.5, "frl": null, "mwl": null, "highest_flow_level": 129.82}}, {"type": "Feature", "geometry": {"type": "Point", "coordinates": [78.44694444444445, 30.729166666666664]}, "properties": {"station_code": "008-HGDDDN", "name": "Uttarkashi", "type": "Base", "nearest_town": null, "warning_level": 1122.0, "danger_level": 1123.0, "frl": null, "mwl": null, "highest_flow_level": 1125.07}}, {"type": "Feature", "geometry": {"type": "Point", "coordinates": [78.66861111111112, 14.717222222222222]}, "properties": {"station_code": "008-HYDCHENNAI", "name": "Alladupalli", "type": "Base", "nearest_town": "", "warning_level": 141.735, "danger_level": 142.735, "frl": null, "mwl": null, "highest_flow_level": 143.235}}, {"type": "Feature", "geometry": {"type": "Point", "coordinates": [89.8236111111111, 26.107222222222223]}, "properties": {"station_code": "008-LBDJPG", "name": "Golokganj", "type": "Level", "nearest_town": "dhubri", "warning_level": 28.94, "danger_level": 29.94, "frl": null, "mwl": null, "highest_flow_level": 30.95}}, {"type": "Feature", "geometry": {"type": "Point", "coordinates": [88.2425, 24.089166666666664]}, "properties": {"station_code": "008-LGD3BEH", "name": "BERHAMPORE", "type": "Base", "nearest_town": null, "warning_level": 16.92, "danger_level": 17.22, "frl": null, "mwl": null, "highest_flow_level": 19.125}}, {"type": "Feature", "geometry": {"type": "Point", "coordinates": [81.78888888888889, 19.296666666666667]}, "properties": {"station_code": "008-LGDHYD", "name": "Ambabal (Narangi)", "type": "Base", "nearest_town": null, "warning_level": null, "danger_level": null, "frl": null, "mwl": null, "highest_flow_level": 542.55}}, {"type": "Feature", "geometry": {"type": "Point", "coordinates": [77.12527777777777, 16.7375]}, "properties": {"station_code": "008-LKDHYD", "name": "Yadgir", "type": "Base", "nearest_town": "", "warning_level": 359.503, "danger_level": 360.503, "frl": null, "mwl": null, "highest_flow_level": 362.653}}, {"type": "Feature", "geometry": {"type": "Point", "coordinates": [78.66388888888889, 25.391944444444444]}, "properties": {"station_code": "008-LYDAGRA", "name": "NAUTGHAT", "type": "Base", "nearest_town": "", "warning_level": 204.0, "danger_level": 205.0, "frl": null, "mwl": null, "highest_flow_level": 207.99}}, {"type": "Feature", "geometry": {"type": "Point", "coordinates": [73.42944444444444, 22.9475]}, "properties": {"station_code": "008-MAHGAND", "name": "Wanakbori Weir", "type": "Level", "nearest_town": null, "warning_level": 71.93, "danger_level": 74.98, "frl": null, "mwl": null, "highest_flow_level": 76.1}}, {"type": "Feature", "geometry": {"type": "Point", "coordinates": [83.39916666666667, 22.11527777777778]}, "properties": {"station_code": "008-MDBURLA", "name": "Sundergarh", "type": "Base", "nearest_town": null, "warning_level": null, "danger_level": null, "frl": null, "mwl": null, "highest_flow_level": 222.9}}, {"type": "Feature", "geometry": {"type": "Point", "coordinates": [92.43305555555555, 24.54361111111111]}, "properties": {"station_code": "008-MDSIL", "name": "ANIPUR", "type": "Base", "nearest_town": "Hailakandi", "warning_level": null, "danger_level": 19.0, "frl": null, "mwl": null, "highest_flow_level": 20.0}}, {"type": "Feature", "geometry": {"type": "Point", "coordinates": [80.92083333333333, 28.348333333333333]}, "properties": {"station_code": "008-MGD1LKN", "name": "Motipur", "type": "Base", "nearest_town": "", "warning_level": 138.5, "danger_level": 139.5, "frl": null, "mwl": null, "highest_flow_level": 141.42}}, {"type": "Feature", "geometry": {"type": "Point", "coordinates": [78.79833333333333, 28.826666666666668]}, "properties": {"station_code": "008-MGD2LKN", "name": "Moradabad", "type": "Level", "nearest_town": null, "warning_level": 189.6, "danger_level": 190.6, "frl": null, "mwl": null, "highest_flow_level": 192.88}}, {"type": "Feature", "geometry": {"type": "Point", "coordinates": [84.38333333333334, 25.75]}, "properties": {"station_code": "008-MGD3VNS", "name": "Ballia", "type": "Level", "nearest_town": "BALLIA", "warning_level": 56.615, "danger_level": 57.615, "frl": null, "mwl": 47.795, "highest_flow_level": 60.39}}, {"type": "Feature", "geometry": {"type": "Point", "coordinates": [83.90694444444445, 27.435833333333335]}, "properties": {"station_code": "008-MGD4PTN", "name": "Triveni", "type": "Base", "nearest_town": "", "warning_level": 108.67, "danger_level": 109.67, "frl": null, "mwl": 0.0, "highest_flow_level": 112.79}}, {"type": "Feature", "geometry": {"type": "Point", "coordinates": [87.64916666666667, 25.247777777777777]}, "properties": {"station_code": "008-MGD5PTN", "name": "Sahibganj", "type": "Level", "nearest_town": "", "warning_level": 26.25, "danger_level": 27.25, "frl": null, "mwl": null, "highest_flow_level": 30.91}}, {"type": "Feature", "geometry": {"type": "Point", "coordinates": [81.0761111111111, 22.947777777777777]}, "properties": {"station_code": "008-NDBHP", "name": "Dindori", "type": "Base", "nearest_town": "", "warning_level": 667.0, "danger_level": 670.0, "frl": null, "mwl": null, "highest_flow_level": 669.64}}, {"type": "Feature", "geometry": {"type": "Point", "coordinates": [88.53222222222222, 27.51722222222222]}, "properties": {"station_code": "008-SIDGTK", "name": "Sankalang", "type": "Base", "nearest_town": "", "warning_level": null, "danger_level": null, "frl": null, "mwl": null, "highest_flow_level": 770.0}}, {"type": "Feature", "geometry": {"type": "Point", "coordinates": [77.51, 11.520000000000001]}, "properties": {"station_code": "008-SRDCBE", "name": "SAVANDAPUR", "type": "Level", "nearest_town": "", "warning_level": 184.5, "danger_level": 185.5, "frl": null, "mwl": null, "highest_flow_level": 187.75}}, {"type": "Feature", "geometry": {"type": "Point", "coordinates": [75.4238888888889, 20.83361111111111]}, "properties": {"station_code": "008-TDSURAT", "name": "DAHIGAON", "type": "Base", "nearest_town": null, "warning_level": 221.9, "danger_level": 222.34, "frl": null, "mwl": null, "highest_flow_level": 226.162}}, {"type": "Feature", "geometry": {"type": "Point", "coordinates": [96.21916666666667, 27.49361111111111]}, "properties": {"station_code": "008-UBDDIB", "name": "Miao", "type": "Base", "nearest_town": "", "warning_level": 238.9, "danger_level": 239.9, "frl": null, "mwl": null, "highest_flow_level": 241.57}}, {"type": "Feature", "geometry": {"type": "Point", "coordinates": [74.025, 19.9375]}, "properties": {"station_code": "008-UGDHYD", "name": "Lasur", "type": "Base", "nearest_town": "", "warning_level": null, "danger_level": null, "frl": null, "mwl": null, "highest_flow_level": 513.5}}, {"type": "Feature", "geometry": {"type": "Point", "coordinates": [74.80111111111111, 16.18138888888889]}, "properties": {"station_code": "008-UKDPUNE", "name": "Gokak", "type": "Base", "nearest_town": null, "warning_level": 543.0, "danger_level": 546.0, "frl": null, "mwl": null, "highest_flow_level": 550.35}}, {"type": "Feature", "geometry": {"type": "Point", "coordinates": [77.62275833333332, 30.417705555555557]}, "properties": {"station_code": "008-UYDDEL", "name": "Paonta", "type": "Level", "nearest_town": "", "warning_level": 383.5, "danger_level": 384.5, "frl": null, "mwl": null, "highest_flow_level": 384.6}}, {"type": "Feature", "geometry": {"type": "Point", "coordinates": [79.23305555555555, 21.21638888888889]}, "properties": {"station_code": "008-WGDNGP", "name": "Satrapur", "type": "Base", "nearest_town": "", "warning_level": null, "danger_level": null, "frl": null, "mwl": null, "highest_flow_level": 278.43}}, {"type": "Feature", "geometry": {"type": "Point", "coordinates": [76.16777777777779, 33.26972222222222]}, "properties": {"station_code": "008CHEJMU", "name": "Gulabgarh", "type": "Base", "nearest_town": null, "warning_level": 1785.45, "danger_level": 1786.45, "frl": null, "mwl": null, "highest_flow_level": 1787.45}}, {"type": "Feature", "geometry": {"type": "Point", "coordinates": [93.46111111111111, 27.042222222222225]}, "properties": {"station_code": "008NEID3", "name": "Jotte", "type": "Base", "nearest_town": null, "warning_level": null, "danger_level": null, "frl": null, "mwl": null, "highest_flow_level": null}}, {"type": "Feature", "geometry": {"type": "Point", "coordinates": [77.7, 11.477777777777778]}, "properties": {"station_code": "009     -SRDCBE", "name": "URACHIKOTTAI", "type": "Base", "nearest_town": "", "warning_level": 163.0, "danger_level": 164.0, "frl": null, "mwl": null, "highest_flow_level": 165.95}}, {"type": "Feature", "geometry": {"type": "Point", "coordinates": [75.63388888888889, 14.5]}, "properties": {"station_code": "009-CDBNG", "name": "KUPPELUR", "type": "Base", "nearest_town": null, "warning_level": 537.65, "danger_level": 538.15, "frl": null, "mwl": null, "highest_flow_level": 540.89}}, {"type": "Feature", "geometry": {"type": "Point", "coordinates": [75.84166666666667, 26.197222222222223]}, "properties": {"station_code": "009-CDJAPR", "name": "Tonk", "type": "Base", "nearest_town": "", "warning_level": 262.0, "danger_level": 262.8, "frl": null, "mwl": null, "highest_flow_level": 262.05}}, {"type": "Feature", "geometry": {"type": "Point", "coordinates": [86.20222222222222, 23.714444444444442]}, "properties": {"station_code": "009-DDASL", "name": "Pupunki", "type": "Base", "nearest_town": "", "warning_level": 152.5, "danger_level": 153.5, "frl": null, "mwl": null, "highest_flow_level": 156.6}}, {"type": "Feature", "geometry": {"type": "Point", "coordinates": [86.46833333333333, 22.580555555555556]}, "properties": {"station_code": "009-ERDBWN", "name": "Ghatsila", "type": "Base", "nearest_town": null, "warning_level": null, "danger_level": null, "frl": null, "mwl": null, "highest_flow_level": 86.835}}, {"type": "Feature", "geometry": {"type": "Point", "coordinates": [88.55138888888888, 23.504166666666666]}, "properties": {"station_code": "009-GD3BEH", "name": "CHAPRA", "type": "Base", "nearest_town": null, "warning_level": 10.435, "danger_level": 10.961, "frl": null, "mwl": null, "highest_flow_level": 12.035}}, {"type": "Feature", "geometry": {"type": "Point", "coordinates": [78.50313888888888, 30.265777777777778]}, "properties": {"station_code": "009-HGDDDN", "name": "Koteshwar", "type": "Base", "nearest_town": "", "warning_level": 544.0, "danger_level": 545.0, "frl": null, "mwl": null, "highest_flow_level": 546.7}}, {"type": "Feature", "geometry": {"type": "Point", "coordinates": [78.01333333333334, 14.597777777777779]}, "properties": {"station_code": "009-HYDCHENNAI", "name": "Singavaram", "type": "Base", "nearest_town": "", "warning_level": 260.08, "danger_level": 261.08, "frl": null, "mwl": null, "highest_flow_level": 261.58}}, {"type": "Feature", "geometry": {"type": "Point", "coordinates": [88.52972222222222, 27.171666666666667]}, "properties": {"station_code": "009-LBDJPG", "name": "Rangpo", "type": "Base", "nearest_town": "", "warning_level": null, "danger_level": null, "frl": null, "mwl": null, "highest_flow_level": 304.6}}, {"type": "Feature", "geometry": {"type": "Point", "coordinates": [81.55138888888888, 19.64472222222222]}, "properties": {"station_code": "009-LGDHYD", "name": "Kiwaibalenga (Bawardhi)", "type": "Base", "nearest_town": null, "warning_level": null, "danger_level": null, "frl": null, "mwl": null, "highest_flow_level": 573.47}}, {"type": "Feature", "geometry": {"type": "Point", "coordinates": [77.7, 16.33]}, "properties": {"station_code": "009-LKDHYD", "name": "P.D. Jurala", "type": "Inflow", "nearest_town": "", "warning_level": null, "danger_level": null, "frl": 318.52, "mwl": null, "highest_flow_level": null}}, {"type": "Feature", "geometry": {"type": "Point", "coordinates": [79.4625, 25.82361111111111]}, "properties": {"station_code": "009-LYDAGRA", "name": "MOHANA", "type": "Level", "nearest_town": "", "warning_level": 121.66, "danger_level": 122.66, "frl": null, "mwl": null, "highest_flow_level": 132.16}}, {"type": "Feature", "geometry": {"type": "Point", "coordinates": [73.14027777777778, 22.535]}, "properties": {"station_code": "009-MAHGAND", "name": "Khanpur", "type": "Base", "nearest_town": "", "warning_level": 18.0, "danger_level": 19.0, "frl": null, "mwl": null, "highest_flow_level": 28.27}}, {"type": "Feature", "geometry": {"type": "Point", "coordinates": [93.00472222222223, 24.791666666666668]}, "properties": {"station_code": "009-MBDGHY", "name": "Lakhipur", "type": "Base", "nearest_town": "", "warning_level": null, "danger_level": null, "frl": null, "mwl": null, "highest_flow_level": 26.96}}, {"type": "Feature", "geometry": {"type": "Point", "coordinates": [82.65138888888889, 21.28888888888889]}, "properties": {"station_code": "009-MDBURLA", "name": "Sankara", "type": "Base", "nearest_town": null, "warning_level": null, "danger_level": null, "frl": null, "mwl": null, "highest_flow_level": 271.18}}, {"type": "Feature", "geometry": {"type": "Point", "coordinates": [92.9563888888889, 24.583055555555557]}, "properties": {"station_code": "009-MDSIL", "name": "Monierkhal", "type": "Base", "nearest_town": "", "warning_level": null, "danger_level": null, "frl": null, "mwl": null, "highest_flow_level": 32.18}}, {"type": "Feature", "geometry": {"type": "Point", "coordinates": [81.09083333333332, 28.272777777777776]}, "properties": {"station_code": "009-MGD1LKN", "name": "B.K.Ghat", "type": "Base", "nearest_town": "", "warning_level": 135.78, "danger_level": 136.78, "frl": 138.0, "mwl": 136.8, "highest_flow_level": 137.44}}, {"type": "Feature", "geometry": {"type": "Point", "coordinates": [79.36638888888888, 28.299166666666668]}, "properties": {"station_code": "009-MGD2LKN", "name": "Bareilly", "type": "Level", "nearest_town": "", "warning_level": 162.07, "danger_level": 163.07, "frl": null, "mwl": null, "highest_flow_level": 162.82}}, {"type": "Feature", "geometry": {"type": "Point", "coordinates": [82.0667, 26.275277777777777]}, "properties": {"station_code": "009-MGD3VNS", "name": "Sultanpur", "type": "Base", "nearest_town": null, "warning_level": 83.73, "danger_level": 84.73, "frl": null, "mwl": null, "highest_flow_level": 89.445}}, {"type": "Feature", "geometry": {"type": "Point", "coordinates": [83.8761111111111, 27.230833333333333]}, "properties": {"station_code": "009-MGD4PTN", "name": "Khadda", "type": "Level", "nearest_town": "", "warning_level": 95.0, "danger_level": 96.0, "frl": null, "mwl": null, "highest_flow_level": 97.5}}, {"type": "Feature", "geometry": {"type": "Point", "coordinates": [85.04972222222221, 25.993333333333336]}, "properties": {"station_code": "009-MGD5PTN", "name": "Rewaghat", "type": "Level", "nearest_town": "", "warning_level": 53.41, "danger_level": 54.41, "frl": null, "mwl": null, "highest_flow_level": 55.46}}, {"type": "Feature", "geometry": {"type": "Point", "coordinates": [80.51311111111112, 22.735833333333336]}, "properties": {"station_code": "009-NDBHP", "name": "Manot", "type": "Base", "nearest_town": "", "warning_level": 461.15, "danger_level": 462.15, "frl": null, "mwl": null, "highest_flow_level": 459.65}}, {"type": "Feature", "geometry": {"type": "Point", "coordinates": [76.51222222222222, 10.777500000000002]}, "properties": {"station_code": "009-SWRDKOCHI", "name": "PUDUR", "type": "Base", "nearest_town": "", "warning_level": 63.5, "danger_level": 64.5, "frl": null, "mwl": null, "highest_flow_level": 65.14}}, {"type": "Feature", "geometry": {"type": "Point", "coordinates": [74.71333333333334, 20.909444444444443]}, "properties": {"station_code": "009-TDSURAT", "name": "MORANE", "type": "Base", "nearest_town": null, "warning_level": 266.0, "danger_level": 267.0, "frl": null, "mwl": null, "highest_flow_level": 268.5}}, {"type": "Feature", "geometry": {"type": "Point", "coordinates": [95.84805555555555, 27.635555555555555]}, "properties": {"station_code": "009-UBDDIB", "name": "Namsai", "type": "Level", "nearest_town": "", "warning_level": 144.8, "danger_level": 145.8, "frl": null, "mwl": null, "highest_flow_level": 146.6}}, {"type": "Feature", "geometry": {"type": "Point", "coordinates": [75.3711111111111, 19.487222222222222]}, "properties": {"station_code": "009-UGDHYD", "name": "Jaikwadi Dam", "type": "Inflow", "nearest_town": "", "warning_level": null, "danger_level": null, "frl": 463.91, "mwl": 465.5, "highest_flow_level": null}}, {"type": "Feature", "geometry": {"type": "Point", "coordinates": [75.72333333333333, 15.872222222222224]}, "properties": {"station_code": "009-UKDPUNE", "name": "Cholachagudda", "type": "Base", "nearest_town": null, "warning_level": 529.0, "danger_level": 531.5, "frl": null, "mwl": null, "highest_flow_level": 537.2}}, {"type": "Feature", "geometry": {"type": "Point", "coordinates": [77.585, 30.314444444444444]}, "properties": {"station_code": "009-UYDDEL", "name": "Hathnikund Barrage", "type": "Inflow", "nearest_town": "", "warning_level": null, "danger_level": null, "frl": 334.0, "mwl": null, "highest_flow_level": null}}, {"type": "Feature", "geometry": {"type": "Point", "coordinates": [79.64944444444446, 20.795]}, "properties": {"station_code": "009-WGDNGP", "name": "Pauni", "type": "Level", "nearest_town": "Pauni", "warning_level": 226.73, "danger_level": 227.73, "frl": null, "mwl": null, "highest_flow_level": 237.115}}, {"type": "Feature", "geometry": {"type": "Point", "coordinates": [95.01277777777777, 28.661666666666665]}, "properties": {"station_code": "009NEID3", "name": "Yingkiong ", "type": "Level", "nearest_town": "Upper Siang", "warning_level": 324.0, "danger_level": 325.0, "frl": null, "mwl": null, "highest_flow_level": 295.48}}, {"type": "Feature", "geometry": {"type": "Point", "coordinates": [71.88027777777778, 21.473333333333333]}, "properties": {"station_code": "01 02 14 005", "name": "Shetrunji dam", "type": "Inflow", "nearest_town": null, "warning_level": null, "danger_level": null, "frl": 55.53, "mwl": 57.68, "highest_flow_level": null}}, {"type": "Feature", "geometry": {"type": "Point", "coordinates": [76.4738888888889, 20.93777777777778]}, "properties": {"station_code": "01 02 17 005", "name": " Purna at Yerli", "type": "Base", "nearest_town": null, "warning_level": 221.0, "danger_level": 223.0, "frl": null, "mwl": null, "highest_flow_level": 233.7}}, {"type": "Feature", "geometry": {"type": "Point", "coordinates": [90.24305555555556, 25.231944444444444]}, "properties": {"station_code": "01-10-01-001", "name": "Dimapara", "type": "Base", "nearest_town": "", "warning_level": null, "danger_level": null, "frl": null, "mwl": null, "highest_flow_level": 30.02}}, {"type": "Feature", "geometry": {"type": "Point", "coordinates": [90.49805555555555, 25.190555555555555]}, "properties": {"station_code": "01-10-02-001", "name": "Sibbari", "type": "Base", "nearest_town": "", "warning_level": null, "danger_level": null, "frl": null, "mwl": null, "highest_flow_level": 21.33}}, {"type": "Feature", "geometry": {"type": "Point", "coordinates": [91.765, 25.188055555555557]}, "properties": {"station_code": "01-10-09-001", "name": "Therriaghat", "type": "Base", "nearest_town": "", "warning_level": null, "danger_level": null, "frl": null, "mwl": null, "highest_flow_level": 27.34}}, {"type": "Feature", "geometry": {"type": "Point", "coordinates": [91.86583333333333, 26.040277777777778]}, "properties": {"station_code": "01-10-14-001", "name": "Byrnihat", "type": "Base", "nearest_town": null, "warning_level": null, "danger_level": null, "frl": null, "mwl": null, "highest_flow_level": 61.58}}, {"type": "Feature", "geometry": {"type": "Point", "coordinates": [91.63527777777779, 25.179722222222225]}, "properties": {"station_code": "01-10-15-001", "name": "Shella", "type": "Base", "nearest_town": null, "warning_level": null, "danger_level": null, "frl": null, "mwl": null, "highest_flow_level": 25.83}}, {"type": "Feature", "geometry": {"type": "Point", "coordinates": [91.24527777777777, 25.219166666666666]}, "properties": {"station_code": "01-10-16-001", "name": "Ranikor", "type": "Base", "nearest_town": null, "warning_level": null, "danger_level": null, "frl": null, "mwl": null, "highest_flow_level": 29.18}}, {"type": "Feature", "geometry": {"type": "Point", "coordinates": [91.35527777777777, 25.223888888888887]}, "properties": {"station_code": "01-10-17-001", "name": "Balat", "type": "Base", "nearest_town": null, "warning_level": null, "danger_level": null, "frl": null, "mwl": null, "highest_flow_level": 31.316}}, {"type": "Feature", "geometry": {"type": "Point", "coordinates": [92.36277777777777, 25.110555555555557]}, "properties": {"station_code": "01-10-18-001", "name": "Sonapur", "type": "Base", "nearest_town": null, "warning_level": null, "danger_level": null, "frl": null, "mwl": null, "highest_flow_level": 32.88}}, {"type": "Feature", "geometry": {"type": "Point", "coordinates": [91.30111111111111, 25.467777777777776]}, "properties": {"station_code": "01-10-19-001", "name": "Nongstoin-I (Mawthungkper)", "type": "Base", "nearest_town": null, "warning_level": null, "danger_level": null, "frl": null, "mwl": null, "highest_flow_level": 1444.44}}, {"type": "Feature", "geometry": {"type": "Point", "coordinates": [92.38388888888889, 25.060555555555556]}, "properties": {"station_code": "01-10-21-001", "name": "Umkiang", "type": "Base", "nearest_town": null, "warning_level": null, "danger_level": null, "frl": null, "mwl": null, "highest_flow_level": 18.81}}, {"type": "Feature", "geometry": {"type": "Point", "coordinates": [92.31777777777778, 25.33222222222222]}, "properties": {"station_code": "01-10-22-001", "name": "Rymbai", "type": "Base", "nearest_town": null, "warning_level": null, "danger_level": null, "frl": null, "mwl": null, "highest_flow_level": 1098.54}}, {"type": "Feature", "geometry": {"type": "Point", "coordinates": [92.55722222222222, 25.578055555555554]}, "properties": {"station_code": "01-10-23-001", "name": "Myntangtihwieh (Khadkasla)", "type": "Base", "nearest_town": null, "warning_level": null, "danger_level": null, "frl": null, "mwl": null, "highest_flow_level": 758.98}}, {"type": "Feature", "geometry": {"type": "Point", "coordinates": [92.45666666666666, 25.0025]}, "properties": {"station_code": "01-10-24-001", "name": "Jalalpur", "type": "Base", "nearest_town": null, "warning_level": null, "danger_level": null, "frl": null, "mwl": null, "highest_flow_level": 18.08}}, {"type": "Feature", "geometry": {"type": "Point", "coordinates": [91.19611111111111, 25.50777777777778]}, "properties": {"station_code": "01-10-25-001", "name": "Risiang", "type": "Base", "nearest_town": null, "warning_level": null, "danger_level": null, "frl": null, "mwl": null, "highest_flow_level": 1220.12}}, {"type": "Feature", "geometry": {"type": "Point", "coordinates": [90.6438888888889, 25.199166666666667]}, "properties": {"station_code": "01-10-28-001", "name": "Baghmara", "type": "Base", "nearest_town": null, "warning_level": null, "danger_level": null, "frl": null, "mwl": null, "highest_flow_level": 23.85}}, {"type": "Feature", "geometry": {"type": "Point", "coordinates": [93.11055555555555, 24.803333333333335]}, "properties": {"station_code": "01-10-29-001", "name": "Jiribam", "type": "Base", "nearest_town": null, "warning_level": null, "danger_level": null, "frl": null, "mwl": null, "highest_flow_level": 29.67}}, {"type": "Feature", "geometry": {"type": "Point", "coordinates": [91.99194444444444, 25.710555555555555]}, "properties": {"station_code": "01-10-30-001", "name": "Umroi", "type": "Base", "nearest_town": null, "warning_level": null, "danger_level": null, "frl": null, "mwl": null, "highest_flow_level": 869.69}}, {"type": "Feature", "geometry": {"type": "Point", "coordinates": [92.60888888888888, 24.649444444444445]}, "properties": {"station_code": "01-11-01-002", "name": "Matijuri", "type": "Level", "nearest_town": "", "warning_level": 19.27, "danger_level": 20.27, "frl": null, "mwl": null, "highest_flow_level": 22.81}}, {"type": "Feature", "geometry": {"type": "Point", "coordinates": [92.57833333333333, 24.87527777777778]}, "properties": {"station_code": "01-11-01-006", "name": "Badarpur Ghat", "type": "Level", "nearest_town": "Badarpur", "warning_level": 15.85, "danger_level": 16.85, "frl": null, "mwl": null, "highest_flow_level": 18.48}}, {"type": "Feature", "geometry": {"type": "Point", "coordinates": [92.79166666666667, 24.83277777777778]}, "properties": {"station_code": "01-11-01-007", "name": "Annapurna Ghat", "type": "Level", "nearest_town": "Silchar", "warning_level": 18.83, "danger_level": 19.83, "frl": null, "mwl": null, "highest_flow_level": 21.84}}, {"type": "Feature", "geometry": {"type": "Point", "coordinates": [93.00777777777778, 24.790277777777778]}, "properties": {"station_code": "01-11-01-008", "name": "Fulertal", "type": "Base", "nearest_town": "Lakhipur", "warning_level": null, "danger_level": 23.88, "frl": null, "mwl": null, "highest_flow_level": 26.43}}, {"type": "Feature", "geometry": {"type": "Point", "coordinates": [92.29027777777777, 24.860833333333336]}, "properties": {"station_code": "01-11-03-001", "name": "Fakirabazar", "type": "Base", "nearest_town": "", "warning_level": null, "danger_level": null, "frl": null, "mwl": null, "highest_flow_level": 18.575}}, {"type": "Feature", "geometry": {"type": "Point", "coordinates": [92.84527777777777, 24.59361111111111]}, "properties": {"station_code": "01-11-06-003", "name": "Dholai", "type": "Base", "nearest_town": "", "warning_level": null, "danger_level": 24.58, "frl": null, "mwl": null, "highest_flow_level": 28.24}}, {"type": "Feature", "geometry": {"type": "Point", "coordinates": [92.51833333333333, 24.97694444444444]}, "properties": {"station_code": "01-11-13-001", "name": "Gumrabazar", "type": "Base", "nearest_town": null, "warning_level": null, "danger_level": null, "frl": null, "mwl": null, "highest_flow_level": 18.5}}, {"type": "Feature", "geometry": {"type": "Point", "coordinates": [76.89111111111112, 11.287777777777778]}, "properties": {"station_code": "010- SRDCBE", "name": "NELLITHURAI", "type": "Base", "nearest_town": "", "warning_level": 306.5, "danger_level": 307.0, "frl": null, "mwl": null, "highest_flow_level": 309.47}}, {"type": "Feature", "geometry": {"type": "Point", "coordinates": [75.33555555555554, 13.697222222222223]}, "properties": {"station_code": "010-CDBNG", "name": "MAHISHI", "type": "Base", "nearest_town": null, "warning_level": 593.5, "danger_level": 594.0, "frl": null, "mwl": null, "highest_flow_level": 596.985}}, {"type": "Feature", "geometry": {"type": "Point", "coordinates": [76.67027777777778, 26.002777777777776]}, "properties": {"station_code": "010-CDJAPR", "name": "Baranwada", "type": "Base", "nearest_town": "", "warning_level": 197.0, "danger_level": 198.0, "frl": null, "mwl": null, "highest_flow_level": 202.865}}, {"type": "Feature", "geometry": {"type": "Point", "coordinates": [86.75, 23.68]}, "properties": {"station_code": "010-DDASL", "name": "Panchat Reservoir", "type": "Inflow", "nearest_town": "", "warning_level": null, "danger_level": 132.588, "frl": 132.59, "mwl": 132.59, "highest_flow_level": 132.893}}, {"type": "Feature", "geometry": {"type": "Point", "coordinates": [86.71666666666667, 22.21972222222222]}, "properties": {"station_code": "010-ERDBWN", "name": "Jamsholaghat", "type": "Base", "nearest_town": "", "warning_level": 48.32, "danger_level": 49.16, "frl": null, "mwl": null, "highest_flow_level": 56.755}}, {"type": "Feature", "geometry": {"type": "Point", "coordinates": [78.59944444444444, 30.151944444444442]}, "properties": {"station_code": "010-HGDDDN", "name": "Devprayag (B)", "type": "Base", "nearest_town": "", "warning_level": 462.0, "danger_level": 463.0, "frl": null, "mwl": null, "highest_flow_level": 474.5}}, {"type": "Feature", "geometry": {"type": "Point", "coordinates": [78.67777777777778, 14.580555555555556]}, "properties": {"station_code": "010-HYDCHENNAI", "name": "Kamalapuram", "type": "Base", "nearest_town": "", "warning_level": 137.7, "danger_level": 138.7, "frl": null, "mwl": null, "highest_flow_level": 139.2}}, {"type": "Feature", "geometry": {"type": "Point", "coordinates": [88.14861111111112, 24.995]}, "properties": {"station_code": "010-LGD3BEH", "name": "ENGLISHBAZAR", "type": "Base", "nearest_town": null, "warning_level": 22.75, "danger_level": 23.5, "frl": null, "mwl": null, "highest_flow_level": 24.77}}, {"type": "Feature", "geometry": {"type": "Point", "coordinates": [81.48583333333333, 19.645833333333332]}, "properties": {"station_code": "010-LGDHYD", "name": "Cherribeda (Bardha)", "type": "Base", "nearest_town": null, "warning_level": null, "danger_level": null, "frl": null, "mwl": null, "highest_flow_level": 575.63}}, {"type": "Feature", "geometry": {"type": "Point", "coordinates": [76.33999999999999, 15.26]}, "properties": {"station_code": "010-LKDHYD", "name": "Tungabhadra Dam", "type": "Inflow", "nearest_town": "Shimoga", "warning_level": null, "danger_level": null, "frl": 497.74, "mwl": 497.74, "highest_flow_level": null}}, {"type": "Feature", "geometry": {"type": "Point", "coordinates": [73.71666666666667, 23.054166666666667]}, "properties": {"station_code": "010-MAHGAND", "name": "Panam Dam", "type": "Inflow", "nearest_town": "", "warning_level": null, "danger_level": null, "frl": 127.41, "mwl": 128.015, "highest_flow_level": null}}, {"type": "Feature", "geometry": {"type": "Point", "coordinates": [92.79166666666667, 24.83277777777778]}, "properties": {"station_code": "010-MBDGHY", "name": "Annapurnaghat", "type": "Level", "nearest_town": "Silchar", "warning_level": 18.83, "danger_level": 19.83, "frl": null, "mwl": null, "highest_flow_level": 21.84}}, {"type": "Feature", "geometry": {"type": "Point", "coordinates": [82.51611111111112, 21.647222222222222]}, "properties": {"station_code": "010-MDBURLA", "name": "Rampur", "type": "Base", "nearest_town": null, "warning_level": null, "danger_level": null, "frl": null, "mwl": null, "highest_flow_level": 229.665}}, {"type": "Feature", "geometry": {"type": "Point", "coordinates": [92.65, 23.811944444444446]}, "properties": {"station_code": "010-MDSIL", "name": "Sairang", "type": "Base", "nearest_town": "", "warning_level": null, "danger_level": null, "frl": null, "mwl": null, "highest_flow_level": 75.96}}, {"type": "Feature", "geometry": {"type": "Point", "coordinates": [81.48611111111111, 27.095277777777778]}, "properties": {"station_code": "010-MGD1LKN", "name": "Elginbridge", "type": "Level", "nearest_town": "Barabanki", "warning_level": 105.07, "danger_level": 106.07, "frl": null, "mwl": null, "highest_flow_level": 107.616}}, {"type": "Feature", "geometry": {"type": "Point", "coordinates": [79.69722222222222, 27.498055555555556]}, "properties": {"station_code": "010-MGD2LKN", "name": "Dabri", "type": "Level", "nearest_town": "", "warning_level": 136.3, "danger_level": 137.3, "frl": null, "mwl": null, "highest_flow_level": 139.695}}, {"type": "Feature", "geometry": {"type": "Point", "coordinates": [82.67194444444445, 25.749166666666667]}, "properties": {"station_code": "010-MGD3VNS", "name": "Jaunpur", "type": "Level", "nearest_town": "", "warning_level": 73.066, "danger_level": 74.066, "frl": null, "mwl": null, "highest_flow_level": 77.738}}, {"type": "Feature", "geometry": {"type": "Point", "coordinates": [84.5586111111111, 26.532777777777778]}, "properties": {"station_code": "010-MGD4PTN", "name": "Chatia", "type": "Level", "nearest_town": "", "warning_level": 68.15, "danger_level": 69.15, "frl": null, "mwl": null, "highest_flow_level": 70.04}}, {"type": "Feature", "geometry": {"type": "Point", "coordinates": [80.36527777777778, 22.598333333333333]}, "properties": {"station_code": "010-NDBHP", "name": "Mandla", "type": "Level", "nearest_town": "", "warning_level": 437.0, "danger_level": 437.8, "frl": null, "mwl": null, "highest_flow_level": 439.405}}, {"type": "Feature", "geometry": {"type": "Point", "coordinates": [76.48611111111111, 10.761111111111111]}, "properties": {"station_code": "010-SWRDKOCHI", "name": "MANKARA", "type": "Base", "nearest_town": "OTTAPALAM", "warning_level": 51.53, "danger_level": 52.53, "frl": null, "mwl": null, "highest_flow_level": 52.53}}, {"type": "Feature", "geometry": {"type": "Point", "coordinates": [77.36055555555555, 20.845555555555553]}, "properties": {"station_code": "010-TDSURAT", "name": "LAKHPURI", "type": "Base", "nearest_town": null, "warning_level": null, "danger_level": null, "frl": null, "mwl": null, "highest_flow_level": 271.015}}, {"type": "Feature", "geometry": {"type": "Point", "coordinates": [94.90972222222223, 27.488611111111112]}, "properties": {"station_code": "010-UBDDIB", "name": "Dibrugarh", "type": "Level", "nearest_town": "", "warning_level": 104.7, "danger_level": 105.7, "frl": null, "mwl": null, "highest_flow_level": 106.48}}, {"type": "Feature", "geometry": {"type": "Point", "coordinates": [76.36638888888888, 19.199722222222224]}, "properties": {"station_code": "010-UGDHYD", "name": "Dhalegaon", "type": "Base", "nearest_town": "", "warning_level": 400.0, "danger_level": 400.8, "frl": null, "mwl": 399.29, "highest_flow_level": 400.005}}, {"type": "Feature", "geometry": {"type": "Point", "coordinates": [75.13916666666667, 17.97138888888889]}, "properties": {"station_code": "010-UKDPUNE", "name": "Narsingpur", "type": "Base", "nearest_town": "", "warning_level": 458.403, "danger_level": 459.033, "frl": null, "mwl": null, "highest_flow_level": 462.393}}, {"type": "Feature", "geometry": {"type": "Point", "coordinates": [77.35388888888889, 30.067777777777778]}, "properties": {"station_code": "010-UYDDEL", "name": "Kalanaur", "type": "Base", "nearest_town": "", "warning_level": 266.2, "danger_level": 267.2, "frl": null, "mwl": null, "highest_flow_level": 268.66}}, {"type": "Feature", "geometry": {"type": "Point", "coordinates": [79.78861111111111, 19.684722222222224]}, "properties": {"station_code": "010-WGDNGP", "name": "Ashti", "type": "Base", "nearest_town": null, "warning_level": null, "danger_level": null, "frl": null, "mwl": null, "highest_flow_level": 155.35}}, {"type": "Feature", "geometry": {"type": "Point", "coordinates": [71.0475, 20.826944444444443]}, "properties": {"station_code": "0102009002", "name": "Una", "type": "Base", "nearest_town": "", "warning_level": 18.5, "danger_level": 19.5, "frl": null, "mwl": null, "highest_flow_level": 19.8}}, {"type": "Feature", "geometry": {"type": "Point", "coordinates": [72.56333333333333, 24.593333333333334]}, "properties": {"station_code": "010202008", "name": "Karoti", "type": "Base", "nearest_town": null, "warning_level": 237.0, "danger_level": 238.0, "frl": null, "mwl": null, "highest_flow_level": 239.0}}, {"type": "Feature", "geometry": {"type": "Point", "coordinates": [74.78, 23.21611111111111]}, "properties": {"station_code": "010213UA1", "name": "Borwa", "type": "Base", "nearest_town": "", "warning_level": 322.0, "danger_level": 323.0, "frl": null, "mwl": null, "highest_flow_level": 331.35}}, {"type": "Feature", "geometry": {"type": "Point", "coordinates": [73.66416666666667, 24.011388888888888]}, "properties": {"station_code": "010213UA3", "name": "Khandiovari", "type": "Base", "nearest_town": "", "warning_level": 270.0, "danger_level": 271.0, "frl": null, "mwl": null, "highest_flow_level": 272.45}}, {"type": "Feature", "geometry": {"type": "Point", "coordinates": [74.70027777777779, 23.918333333333333]}, "properties": {"station_code": "010213UB1", "name": "Sohagpura", "type": "Base", "nearest_town": "", "warning_level": 401.0, "danger_level": 402.0, "frl": null, "mwl": null, "highest_flow_level": 402.72}}, {"type": "Feature", "geometry": {"type": "Point", "coordinates": [73.84638888888888, 24.2875]}, "properties": {"station_code": "010213UB3", "name": "Amarpura", "type": "Base", "nearest_town": "", "warning_level": 289.0, "danger_level": 289.5, "frl": null, "mwl": null, "highest_flow_level": 289.72}}, {"type": "Feature", "geometry": {"type": "Point", "coordinates": [68.76833333333333, 23.349166666666665]}, "properties": {"station_code": "010214001", "name": "Chhasara", "type": "Base", "nearest_town": null, "warning_level": 7.5, "danger_level": 8.5, "frl": null, "mwl": null, "highest_flow_level": 8.84}}, {"type": "Feature", "geometry": {"type": "Point", "coordinates": [70.45666666666666, 20.949444444444445]}, "properties": {"station_code": "010214002", "name": "Savni", "type": "Base", "nearest_town": null, "warning_level": 21.0, "danger_level": 22.0, "frl": null, "mwl": null, "highest_flow_level": 23.25}}, {"type": "Feature", "geometry": {"type": "Point", "coordinates": [69.485, 21.92]}, "properties": {"station_code": "010214003", "name": "Jamraval", "type": "Base", "nearest_town": null, "warning_level": 8.0, "danger_level": 9.0, "frl": null, "mwl": null, "highest_flow_level": 10.4}}, {"type": "Feature", "geometry": {"type": "Point", "coordinates": [85.16805555555555, 25.83138888888889]}, "properties": {"station_code": "010MGD5PTN", "name": "Lalganj", "type": "Base", "nearest_town": "", "warning_level": 49.5, "danger_level": 50.5, "frl": null, "mwl": null, "highest_flow_level": 52.12}}, {"type": "Feature", "geometry": {"type": "Point", "coordinates": [75.30361111111111, 13.5225]}, "properties": {"station_code": "011-CDBMG", "name": "HARIHARAPURA", "type": "Base", "nearest_town": null, "warning_level": 617.5, "danger_level": 618.0, "frl": null, "mwl": null, "highest_flow_level": 619.865}}, {"type": "Feature", "geometry": {"type": "Point", "coordinates": [75.79388888888889, 12.943333333333333]}, "properties": {"station_code": "011-CDBNG", "name": "SAKLESHPUR", "type": "Base", "nearest_town": null, "warning_level": 892.5, "danger_level": 894.0, "frl": null, "mwl": null, "highest_flow_level": 895.05}}, {"type": "Feature", "geometry": {"type": "Point", "coordinates": [76.14750000000001, 25.379444444444445]}, "properties": {"station_code": "011-CDJAPR", "name": "Mandawara", "type": "Base", "nearest_town": "", "warning_level": 216.0, "danger_level": 220.0, "frl": null, "mwl": null, "highest_flow_level": 225.58}}, {"type": "Feature", "geometry": {"type": "Point", "coordinates": [85.76194444444444, 23.929444444444446]}, "properties": {"station_code": "011-DDASL", "name": "Konar Reservoir", "type": "Inflow", "nearest_town": "", "warning_level": null, "danger_level": 427.94, "frl": 427.94, "mwl": 426.94, "highest_flow_level": 427.91}}, {"type": "Feature", "geometry": {"type": "Point", "coordinates": [86.91638888888889, 22.308611111111112]}, "properties": {"station_code": "011-ERDBWN", "name": "Fekoghat", "type": "Base", "nearest_town": "", "warning_level": null, "danger_level": null, "frl": null, "mwl": null, "highest_flow_level": 48.4}}, {"type": "Feature", "geometry": {"type": "Point", "coordinates": [78.59694444444445, 30.140555555555554]}, "properties": {"station_code": "011-HGDDDN", "name": "Devprayag (G)", "type": "Base", "nearest_town": "", "warning_level": 462.0, "danger_level": 463.0, "frl": null, "mwl": null, "highest_flow_level": 472.5}}, {"type": "Feature", "geometry": {"type": "Point", "coordinates": [77.37222222222222, 14.18888888888889]}, "properties": {"station_code": "011-HYDCHENNAI", "name": "Nagalamedike", "type": "Base", "nearest_town": null, "warning_level": 548.045, "danger_level": 549.045, "frl": null, "mwl": null, "highest_flow_level": 549.545}}, {"type": "Feature", "geometry": {"type": "Point", "coordinates": [88.32222222222222, 27.107222222222223]}, "properties": {"station_code": "011-LBDJPG", "name": "Majitar", "type": "Base", "nearest_town": "", "warning_level": null, "danger_level": null, "frl": null, "mwl": null, "highest_flow_level": 279.29}}, {"type": "Feature", "geometry": {"type": "Point", "coordinates": [88.6086111111111, 23.35777777777778]}, "properties": {"station_code": "011-LGD3BEH", "name": "HANSKHALI", "type": "Base", "nearest_town": null, "warning_level": 7.96, "danger_level": 8.59, "frl": null, "mwl": null, "highest_flow_level": 10.03}}, {"type": "Feature", "geometry": {"type": "Point", "coordinates": [81.3, 19.083055555555557]}, "properties": {"station_code": "011-LGDHYD", "name": "Chindnar", "type": "Base", "nearest_town": "", "warning_level": null, "danger_level": null, "frl": null, "mwl": null, "highest_flow_level": 340.2}}, {"type": "Feature", "geometry": {"type": "Point", "coordinates": [76.7175, 15.491944444444444]}, "properties": {"station_code": "011-LKDHYD", "name": "Oollenur", "type": "Base", "nearest_town": "", "warning_level": null, "danger_level": null, "frl": null, "mwl": null, "highest_flow_level": 381.74}}, {"type": "Feature", "geometry": {"type": "Point", "coordinates": [79.34333333333333, 25.080833333333334]}, "properties": {"station_code": "011-LYDAGRA", "name": "GARRAULI", "type": "Base", "nearest_town": "Mohana", "warning_level": 203.0, "danger_level": 204.0, "frl": null, "mwl": null, "highest_flow_level": 205.4}}, {"type": "Feature", "geometry": {"type": "Point", "coordinates": [74.0325, 23.97833333333333]}, "properties": {"station_code": "011-MAHGAND", "name": "Som Kamla Amba Dam", "type": "Inflow", "nearest_town": "", "warning_level": null, "danger_level": null, "frl": 213.5, "mwl": 215.5, "highest_flow_level": null}}, {"type": "Feature", "geometry": {"type": "Point", "coordinates": [92.57833333333333, 24.87527777777778]}, "properties": {"station_code": "011-MBDGHY", "name": "Badarpurghat", "type": "Level", "nearest_town": "Badarpurghat", "warning_level": 15.85, "danger_level": 16.85, "frl": null, "mwl": null, "highest_flow_level": 18.48}}, {"type": "Feature", "geometry": {"type": "Point", "coordinates": [83.39916666666667, 21.891111111111112]}, "properties": {"station_code": "011-MDBURLA", "name": "Kelo at Raigarh", "type": "Base", "nearest_town": null, "warning_level": null, "danger_level": null, "frl": null, "mwl": null, "highest_flow_level": 229.69}}, {"type": "Feature", "geometry": {"type": "Point", "coordinates": [92.79972222222221, 23.71833333333333]}, "properties": {"station_code": "011-MDSIL", "name": "Tuirial", "type": "Base", "nearest_town": "", "warning_level": null, "danger_level": null, "frl": null, "mwl": null, "highest_flow_level": 152.77}}, {"type": "Feature", "geometry": {"type": "Point", "coordinates": [82.2075, 26.811111111111114]}, "properties": {"station_code": "011-MGD1LKN", "name": "Ayodhya ", "type": "Level", "nearest_town": "", "warning_level": 91.73, "danger_level": 92.73, "frl": null, "mwl": null, "highest_flow_level": 94.01}}, {"type": "Feature", "geometry": {"type": "Point", "coordinates": [80.03277777777778, 26.93305555555556]}, "properties": {"station_code": "011-MGD2LKN", "name": "Ankinghat", "type": "Level", "nearest_town": "", "warning_level": 123.0, "danger_level": 124.0, "frl": null, "mwl": null, "highest_flow_level": 124.49}}, {"type": "Feature", "geometry": {"type": "Point", "coordinates": [82.84027777777777, 23.501944444444444]}, "properties": {"station_code": "011-MGD3VNS", "name": "Kharra", "type": "Base", "nearest_town": "", "warning_level": 407.61, "danger_level": 408.61, "frl": null, "mwl": 395.73, "highest_flow_level": 411.11}}, {"type": "Feature", "geometry": {"type": "Point", "coordinates": [84.74805555555555, 26.35888888888889]}, "properties": {"station_code": "011-MGD4PTN", "name": "Dumariaghat", "type": "Level", "nearest_town": "", "warning_level": 61.22, "danger_level": 62.22, "frl": null, "mwl": null, "highest_flow_level": 64.36}}, {"type": "Feature", "geometry": {"type": "Point", "coordinates": [85.19611111111111, 25.689722222222223]}, "properties": {"station_code": "011-MGD5PTN", "name": "Hajipur", "type": "Level", "nearest_town": "", "warning_level": 49.32, "danger_level": 50.32, "frl": null, "mwl": null, "highest_flow_level": 50.93}}, {"type": "Feature", "geometry": {"type": "Point", "coordinates": [77.89, 11.08]}, "properties": {"station_code": "011-SRDCBE", "name": "KODUMUDI", "type": "Level", "nearest_town": "erode", "warning_level": 125.5, "danger_level": 126.5, "frl": null, "mwl": 121.65, "highest_flow_level": 128.14}}, {"type": "Feature", "geometry": {"type": "Point", "coordinates": [76.32222222222222, 10.286111111111111]}, "properties": {"station_code": "011-SWRDKOCHI", "name": "ARANGALI", "type": "Base", "nearest_town": "CHALAKKUDY", "warning_level": 7.1, "danger_level": 8.1, "frl": null, "mwl": null, "highest_flow_level": 10.58}}, {"type": "Feature", "geometry": {"type": "Point", "coordinates": [76.99138888888889, 20.874166666666667]}, "properties": {"station_code": "011-TDSURAT", "name": "GOPALKHEDA", "type": "Base", "nearest_town": "", "warning_level": 245.0, "danger_level": null, "frl": null, "mwl": null, "highest_flow_level": 252.45}}, {"type": "Feature", "geometry": {"type": "Point", "coordinates": [95.66277777777778, 27.283611111111114]}, "properties": {"station_code": "011-UBDDIB", "name": "Margherita", "type": "Base", "nearest_town": "", "warning_level": 134.85, "danger_level": 135.85, "frl": null, "mwl": null, "highest_flow_level": 137.51}}, {"type": "Feature", "geometry": {"type": "Point", "coordinates": [76.71638888888889, 19.01638888888889]}, "properties": {"station_code": "011-UGDHYD", "name": "G.R.BRIDGE", "type": "Base", "nearest_town": null, "warning_level": null, "danger_level": null, "frl": null, "mwl": null, "highest_flow_level": null}}, {"type": "Feature", "geometry": {"type": "Point", "coordinates": [75.84777777777778, 17.414166666666667]}, "properties": {"station_code": "011-UKDPUNE", "name": "Takli", "type": "Base", "nearest_town": "", "warning_level": 419.0, "danger_level": 420.5, "frl": null, "mwl": null, "highest_flow_level": 424.5}}, {"type": "Feature", "geometry": {"type": "Point", "coordinates": [77.13166666666666, 29.76222222222222]}, "properties": {"station_code": "011-UYDDEL", "name": "Karnal", "type": "Level", "nearest_town": "", "warning_level": 248.8, "danger_level": 249.5, "frl": null, "mwl": null, "highest_flow_level": 250.07}}, {"type": "Feature", "geometry": {"type": "Point", "coordinates": [78.325, 20.547222222222224]}, "properties": {"station_code": "011-WGDNGP", "name": "Hivra", "type": "Base", "nearest_town": "", "warning_level": null, "danger_level": null, "frl": null, "mwl": null, "highest_flow_level": 248.41}}, {"type": "Feature", "geometry": {"type": "Point", "coordinates": [75.96083333333334, 12.5025]}, "properties": {"station_code": "012-CDBNG", "name": "KUDIGE", "type": "Base", "nearest_town": null, "warning_level": 819.0, "danger_level": 820.0, "frl": null, "mwl": null, "highest_flow_level": 822.34}}, {"type": "Feature", "geometry": {"type": "Point", "coordinates": [76.56777777777778, 25.854722222222225]}, "properties": {"station_code": "012-CDJAPR", "name": "Pali", "type": "Base", "nearest_town": "", "warning_level": 197.0, "danger_level": 198.0, "frl": null, "mwl": null, "highest_flow_level": 204.1}}, {"type": "Feature", "geometry": {"type": "Point", "coordinates": [87.16416666666667, 21.767777777777777]}, "properties": {"station_code": "012-ERDBWN", "name": "Rajghat", "type": "Level", "nearest_town": "", "warning_level": 9.45, "danger_level": 10.36, "frl": null, "mwl": null, "highest_flow_level": 12.69}}, {"type": "Feature", "geometry": {"type": "Point", "coordinates": [79.04194444444444, 30.400555555555552]}, "properties": {"station_code": "012-HGDDDN", "name": "Ganganagar", "type": "Level", "nearest_town": null, "warning_level": 803.0, "danger_level": 804.0, "frl": null, "mwl": null, "highest_flow_level": 808.01}}, {"type": "Feature", "geometry": {"type": "Point", "coordinates": [79.89722222222223, 13.947222222222223]}, "properties": {"station_code": "012-HYDCHENNAI", "name": "Naidupet", "type": "Base", "nearest_town": "", "warning_level": 23.95, "danger_level": 24.95, "frl": null, "mwl": null, "highest_flow_level": 25.95}}, {"type": "Feature", "geometry": {"type": "Point", "coordinates": [88.46277777777777, 24.15138888888889]}, "properties": {"station_code": "012-LGD3BEH", "name": "ISLAMPUR (SEASONAL)", "type": "Base", "nearest_town": null, "warning_level": null, "danger_level": null, "frl": null, "mwl": null, "highest_flow_level": 19.21}}, {"type": "Feature", "geometry": {"type": "Point", "coordinates": [81.2325, 19.01222222222222]}, "properties": {"station_code": "012-LGDHYD", "name": "Tumnar (Dantewara)", "type": "Base", "nearest_town": "", "warning_level": null, "danger_level": null, "frl": null, "mwl": null, "highest_flow_level": 326.83}}, {"type": "Feature", "geometry": {"type": "Point", "coordinates": [76.96555555555555, 15.661111111111111]}, "properties": {"station_code": "012-LKDHYD", "name": "T. Ramapuram", "type": "Base", "nearest_town": "", "warning_level": 353.368, "danger_level": 354.368, "frl": null, "mwl": null, "highest_flow_level": 356.478}}, {"type": "Feature", "geometry": {"type": "Point", "coordinates": [79.8436111111111, 24.2425]}, "properties": {"station_code": "012-LYDAGRA", "name": "GAISABAD", "type": "Base", "nearest_town": "", "warning_level": 306.0, "danger_level": 307.0, "frl": null, "mwl": null, "highest_flow_level": 309.085}}, {"type": "Feature", "geometry": {"type": "Point", "coordinates": [74.22333333333333, 23.872222222222224]}, "properties": {"station_code": "012-MAHGAND", "name": "Rangeli", "type": "Base", "nearest_town": "", "warning_level": 155.0, "danger_level": 156.0, "frl": null, "mwl": null, "highest_flow_level": 160.86}}, {"type": "Feature", "geometry": {"type": "Point", "coordinates": [92.51611111111112, 24.28527777777778]}, "properties": {"station_code": "012-MBDGHY", "name": "Gharmura", "type": "Base", "nearest_town": "", "warning_level": null, "danger_level": 28.05, "frl": null, "mwl": null, "highest_flow_level": 36.51}}, {"type": "Feature", "geometry": {"type": "Point", "coordinates": [83.85, 21.52]}, "properties": {"station_code": "012-MDBURLA", "name": "Hirakud Reservoir", "type": "Inflow", "nearest_town": "Sambalpur", "warning_level": null, "danger_level": null, "frl": 192.02, "mwl": null, "highest_flow_level": 192.3}}, {"type": "Feature", "geometry": {"type": "Point", "coordinates": [91.26277777777777, 23.47222222222222]}, "properties": {"station_code": "012-MDSIL", "name": "Sonamura", "type": "Level", "nearest_town": "", "warning_level": 11.5, "danger_level": 13.5, "frl": null, "mwl": null, "highest_flow_level": 14.43}}, {"type": "Feature", "geometry": {"type": "Point", "coordinates": [83.87472222222222, 26.141111111111112]}, "properties": {"station_code": "012-MGD1LKN", "name": "Turtipar", "type": "Level", "nearest_town": "", "warning_level": 63.01, "danger_level": 64.01, "frl": null, "mwl": null, "highest_flow_level": 66.0}}, {"type": "Feature", "geometry": {"type": "Point", "coordinates": [80.3786111111111, 26.47222222222222]}, "properties": {"station_code": "012-MGD2LKN", "name": "Kanpur", "type": "Level", "nearest_town": "", "warning_level": 112.0, "danger_level": 114.0, "frl": null, "mwl": null, "highest_flow_level": 114.08}}, {"type": "Feature", "geometry": {"type": "Point", "coordinates": [81.70416666666667, 24.410833333333333]}, "properties": {"station_code": "012-MGD3VNS", "name": "Kuldah Bridge", "type": "Base", "nearest_town": "", "warning_level": 237.25, "danger_level": 238.25, "frl": null, "mwl": null, "highest_flow_level": 245.18}}, {"type": "Feature", "geometry": {"type": "Point", "coordinates": [85.58555555555554, 26.841666666666665]}, "properties": {"station_code": "012-MGD4PTN", "name": "Sonbarsa", "type": "Level", "nearest_town": "", "warning_level": 80.85, "danger_level": 81.85, "frl": null, "mwl": null, "highest_flow_level": 83.2}}, {"type": "Feature", "geometry": {"type": "Point", "coordinates": [84.12694444444443, 26.075]}, "properties": {"station_code": "012-MGD5PTN", "name": "Darauli", "type": "Level", "nearest_town": "", "warning_level": 59.82, "danger_level": 60.82, "frl": null, "mwl": null, "highest_flow_level": 61.82}}, {"type": "Feature", "geometry": {"type": "Point", "coordinates": [79.03194444444445, 23.022777777777776]}, "properties": {"station_code": "012-NDBHP", "name": "Barmanghat", "type": "Base", "nearest_town": "", "warning_level": 322.0, "danger_level": 323.0, "frl": null, "mwl": null, "highest_flow_level": 331.32}}, {"type": "Feature", "geometry": {"type": "Point", "coordinates": [77.8875, 11.031666666666668]}, "properties": {"station_code": "012-SRDCBE", "name": "ELUNUTHIMANGALAM", "type": "Base", "nearest_town": "", "warning_level": 132.0, "danger_level": 133.0, "frl": null, "mwl": 129.08, "highest_flow_level": 133.22}}, {"type": "Feature", "geometry": {"type": "Point", "coordinates": [76.49555555555555, 10.18361111111111]}, "properties": {"station_code": "012-SWRDKOCHI", "name": "NEELEESWARAM", "type": "Level", "nearest_town": "", "warning_level": 9.0, "danger_level": 10.0, "frl": null, "mwl": null, "highest_flow_level": 12.4}}, {"type": "Feature", "geometry": {"type": "Point", "coordinates": [76.47416666666666, 20.93638888888889]}, "properties": {"station_code": "012-TDSURAT", "name": "YERLI", "type": "Base", "nearest_town": "", "warning_level": 221.0, "danger_level": 223.0, "frl": null, "mwl": null, "highest_flow_level": 233.7}}, {"type": "Feature", "geometry": {"type": "Point", "coordinates": [95.33138888888888, 27.29388888888889]}, "properties": {"station_code": "012-UBDDIB", "name": "Naharkatia", "type": "Level", "nearest_town": "", "warning_level": 119.4, "danger_level": 120.4, "frl": null, "mwl": null, "highest_flow_level": 122.69}}, {"type": "Feature", "geometry": {"type": "Point", "coordinates": [76.75, 18.979999999999997]}, "properties": {"station_code": "012-UGDHYD", "name": "Gangakhed W/L Station", "type": "Level", "nearest_town": "", "warning_level": 374.0, "danger_level": 375.0, "frl": null, "mwl": null, "highest_flow_level": 377.24}}, {"type": "Feature", "geometry": {"type": "Point", "coordinates": [75.88472222222222, 17.534166666666668]}, "properties": {"station_code": "012-UKDPUNE", "name": "Wadakbal", "type": "Base", "nearest_town": "", "warning_level": 426.5, "danger_level": 427.5, "frl": null, "mwl": null, "highest_flow_level": 430.6}}, {"type": "Feature", "geometry": {"type": "Point", "coordinates": [77.15444444444445, 29.3825]}, "properties": {"station_code": "012-UYDDEL", "name": "Mawi ", "type": "Level", "nearest_town": "", "warning_level": 231.0, "danger_level": 231.5, "frl": null, "mwl": null, "highest_flow_level": 232.75}}, {"type": "Feature", "geometry": {"type": "Point", "coordinates": [78.80888888888889, 20.525555555555556]}, "properties": {"station_code": "012-WGDNGP", "name": "Nandgaon", "type": "Base", "nearest_town": "", "warning_level": null, "danger_level": null, "frl": null, "mwl": null, "highest_flow_level": 213.63}}, {"type": "Feature", "geometry": {"type": "Point", "coordinates": [78.34777777777778, 22.91611111111111]}, "properties": {"station_code": "013 NDBHP", "name": "Sandia", "type": "Base", "nearest_town": "", "warning_level": 310.53, "danger_level": 311.53, "frl": null, "mwl": null, "highest_flow_level": 318.55}}, {"type": "Feature", "geometry": {"type": "Point", "coordinates": [76.14111111111112, 12.82]}, "properties": {"station_code": "013-CDBNG", "name": "M.H. HALLI", "type": "Base", "nearest_town": null, "warning_level": 844.0, "danger_level": 846.0, "frl": null, "mwl": null, "highest_flow_level": 846.655}}, {"type": "Feature", "geometry": {"type": "Point", "coordinates": [77.2761111111111, 26.280833333333334]}, "properties": {"station_code": "013-CDJAPR", "name": "Manderial", "type": "Level", "nearest_town": "", "warning_level": 164.0, "danger_level": 165.0, "frl": null, "mwl": null, "highest_flow_level": 170.05}}, {"type": "Feature", "geometry": {"type": "Point", "coordinates": [87.31638888888888, 23.46638888888889]}, "properties": {"station_code": "013-DDASL", "name": "DURGAPUR BARRAGE", "type": "Inflow", "nearest_town": null, "warning_level": null, "danger_level": null, "frl": null, "mwl": null, "highest_flow_level": null}}, {"type": "Feature", "geometry": {"type": "Point", "coordinates": [85.91666666666667, 21.616666666666667]}, "properties": {"station_code": "013-ERDBWN", "name": "Swampatna", "type": "Base", "nearest_town": "", "warning_level": null, "danger_level": 311.1, "frl": null, "mwl": null, "highest_flow_level": 316.3}}, {"type": "Feature", "geometry": {"type": "Point", "coordinates": [78.70244444444445, 29.937305555555557]}, "properties": {"station_code": "013-HGDDDN", "name": "Marora ", "type": "Base", "nearest_town": "SATPULI", "warning_level": 555.0, "danger_level": 556.0, "frl": null, "mwl": null, "highest_flow_level": 556.6}}, {"type": "Feature", "geometry": {"type": "Point", "coordinates": [80.01, 13.707777777777777]}, "properties": {"station_code": "013-HYDCHENNAI", "name": "Sullurpet", "type": "Base", "nearest_town": "", "warning_level": 5.0, "danger_level": 6.0, "frl": null, "mwl": null, "highest_flow_level": 7.4}}, {"type": "Feature", "geometry": {"type": "Point", "coordinates": [88.51333333333334, 27.17777777777778]}, "properties": {"station_code": "013-LBDJPG", "name": "KHANITAR", "type": "Base", "nearest_town": "", "warning_level": null, "danger_level": null, "frl": null, "mwl": null, "highest_flow_level": 298.4}}, {"type": "Feature", "geometry": {"type": "Point", "coordinates": [88.37249999999999, 23.220277777777778]}, "properties": {"station_code": "013-LGD3BEH", "name": "KALNA (Ebb)", "type": "Base", "nearest_town": null, "warning_level": 7.03, "danger_level": 7.63, "frl": null, "mwl": null, "highest_flow_level": 10.3}}, {"type": "Feature", "geometry": {"type": "Point", "coordinates": [80.35, 18.81638888888889]}, "properties": {"station_code": "013-LGDHYD", "name": "Pathagudem", "type": "Base", "nearest_town": "", "warning_level": 98.45, "danger_level": 99.75, "frl": null, "mwl": null, "highest_flow_level": 103.61}}, {"type": "Feature", "geometry": {"type": "Point", "coordinates": [77.42, 15.94]}, "properties": {"station_code": "013-LKDHYD", "name": "Mantralayam", "type": "Level", "nearest_town": "", "warning_level": 310.0, "danger_level": 312.0, "frl": null, "mwl": null, "highest_flow_level": 318.77}}, {"type": "Feature", "geometry": {"type": "Point", "coordinates": [80.00694444444444, 24.732499999999998]}, "properties": {"station_code": "013-LYDAGRA", "name": "MADLA", "type": "Base", "nearest_town": "", "warning_level": 181.5, "danger_level": 182.5, "frl": null, "mwl": null, "highest_flow_level": 185.45}}, {"type": "Feature", "geometry": {"type": "Point", "coordinates": [72.9675, 23.60777777777778]}, "properties": {"station_code": "013-MAHGAND", "name": "Hathmati Weir", "type": "Base", "nearest_town": "", "warning_level": null, "danger_level": null, "frl": null, "mwl": null, "highest_flow_level": 146.4}}, {"type": "Feature", "geometry": {"type": "Point", "coordinates": [93.10249999999999, 24.68027777777778]}, "properties": {"station_code": "013-MBDGHY", "name": "Chotabekra", "type": "Base", "nearest_town": "", "warning_level": null, "danger_level": 26.2, "frl": null, "mwl": null, "highest_flow_level": 32.1}}, {"type": "Feature", "geometry": {"type": "Point", "coordinates": [83.21416666666667, 22.47722222222222]}, "properties": {"station_code": "013-MDBURLA", "name": "Dharamjaigarh", "type": "Base", "nearest_town": null, "warning_level": null, "danger_level": null, "frl": null, "mwl": null, "highest_flow_level": 279.575}}, {"type": "Feature", "geometry": {"type": "Point", "coordinates": [91.46611111111112, 23.25888888888889]}, "properties": {"station_code": "013-MDSIL", "name": "Belonia", "type": "Base", "nearest_town": "Belonia", "warning_level": 14.0, "danger_level": 15.0, "frl": null, "mwl": null, "highest_flow_level": 18.515}}, {"type": "Feature", "geometry": {"type": "Point", "coordinates": [83.12555555555555, 27.18888888888889]}, "properties": {"station_code": "013-MGD1LKN", "name": "Uskabazar", "type": "Base", "nearest_town": "", "warning_level": 82.52, "danger_level": 83.52, "frl": null, "mwl": null, "highest_flow_level": 85.62}}, {"type": "Feature", "geometry": {"type": "Point", "coordinates": [81.0286111111111, 26.060833333333335]}, "properties": {"station_code": "013-MGD2LKN", "name": "Dalmau", "type": "Level", "nearest_town": "", "warning_level": 98.36, "danger_level": 99.36, "frl": null, "mwl": null, "highest_flow_level": 99.84}}, {"type": "Feature", "geometry": {"type": "Point", "coordinates": [83.02305555555556, 24.529722222222222]}, "properties": {"station_code": "013-MGD3VNS", "name": "Chopan", "type": "Base", "nearest_town": "", "warning_level": 170.0, "danger_level": 171.0, "frl": null, "mwl": null, "highest_flow_level": 175.61}}, {"type": "Feature", "geometry": {"type": "Point", "coordinates": [85.80638888888889, 26.35388888888889]}, "properties": {"station_code": "013-MGD4PTN", "name": "Kamtaul", "type": "Level", "nearest_town": "", "warning_level": 49.0, "danger_level": 50.0, "frl": null, "mwl": null, "highest_flow_level": 53.05}}, {"type": "Feature", "geometry": {"type": "Point", "coordinates": [84.39222222222223, 25.940555555555555]}, "properties": {"station_code": "013-MGD5PTN", "name": "Gangpur Siswan", "type": "Level", "nearest_town": "", "warning_level": 56.04, "danger_level": 57.04, "frl": null, "mwl": null, "highest_flow_level": 58.26}}, {"type": "Feature", "geometry": {"type": "Point", "coordinates": [78.44027777777778, 10.938055555555556]}, "properties": {"station_code": "013-SRDCBE", "name": "MUSIRI", "type": "Level", "nearest_town": "", "warning_level": 82.115, "danger_level": 83.115, "frl": null, "mwl": 80.92, "highest_flow_level": 86.98}}, {"type": "Feature", "geometry": {"type": "Point", "coordinates": [76.63222222222221, 9.990555555555554]}, "properties": {"station_code": "013-SWRDKOCHI", "name": "KALAMPUR", "type": "Base", "nearest_town": "", "warning_level": 12.64, "danger_level": 13.64, "frl": null, "mwl": null, "highest_flow_level": 17.47}}, {"type": "Feature", "geometry": {"type": "Point", "coordinates": [77.77361111111111, 21.815]}, "properties": {"station_code": "013-TDSURAT", "name": "TESKA", "type": "Base", "nearest_town": null, "warning_level": 465.0, "danger_level": 475.53, "frl": null, "mwl": null, "highest_flow_level": 473.5}}, {"type": "Feature", "geometry": {"type": "Point", "coordinates": [94.88166666666666, 27.31222222222222]}, "properties": {"station_code": "013-UBDDIB", "name": "Chenimari (Khowang)", "type": "Level", "nearest_town": "", "warning_level": 101.11, "danger_level": 102.11, "frl": null, "mwl": null, "highest_flow_level": 104.23}}, {"type": "Feature", "geometry": {"type": "Point", "coordinates": [76.77333333333333, 19.39472222222222]}, "properties": {"station_code": "013-UGDHYD", "name": "Zari", "type": "Base", "nearest_town": "", "warning_level": 380.0, "danger_level": 381.0, "frl": null, "mwl": null, "highest_flow_level": 387.38}}, {"type": "Feature", "geometry": {"type": "Point", "coordinates": [73.51416666666667, 16.934722222222224]}, "properties": {"station_code": "013-UKDPUNE", "name": "Anjanari", "type": "Base", "nearest_town": null, "warning_level": 16.5, "danger_level": 17.5, "frl": null, "mwl": null, "highest_flow_level": 20.5}}, {"type": "Feature", "geometry": {"type": "Point", "coordinates": [77.20277777777778, 28.988055555555558]}, "properties": {"station_code": "013-UYDDEL", "name": "Baghpat", "type": "Base", "nearest_town": "", "warning_level": 215.5, "danger_level": 216.5, "frl": null, "mwl": null, "highest_flow_level": 217.18}}, {"type": "Feature", "geometry": {"type": "Point", "coordinates": [79.10083333333333, 19.95583333333333]}, "properties": {"station_code": "013-WGDNGP", "name": "Ghugus", "type": "Base", "nearest_town": "", "warning_level": null, "danger_level": null, "frl": null, "mwl": null, "highest_flow_level": 185.48}}, {"type": "Feature", "geometry": {"type": "Point", "coordinates": [74.63388888888889, 24.899722222222223]}, "properties": {"station_code": "014-CDJAPR", "name": "Chittorgarh", "type": "Base", "nearest_town": "", "warning_level": 406.9, "danger_level": 407.9, "frl": null, "mwl": null, "highest_flow_level": 409.235}}, {"type": "Feature", "geometry": {"type": "Point", "coordinates": [87.93333333333334, 23.083055555555557]}, "properties": {"station_code": "014-DDASL", "name": "JAMALPUR", "type": "Base", "nearest_town": "", "warning_level": null, "danger_level": null, "frl": null, "mwl": null, "highest_flow_level": 23.75}}, {"type": "Feature", "geometry": {"type": "Point", "coordinates": [85.67055555555557, 22.06888888888889]}, "properties": {"station_code": "014-ERDBWN", "name": "Champua", "type": "Base", "nearest_town": null, "warning_level": null, "danger_level": null, "frl": null, "mwl": null, "highest_flow_level": 379.06}}, {"type": "Feature", "geometry": {"type": "Point", "coordinates": [78.30388888888889, 30.103055555555557]}, "properties": {"station_code": "014-HGDDDN", "name": "Rishikesh", "type": "Level", "nearest_town": "RISHIKESH", "warning_level": 339.5, "danger_level": 340.5, "frl": null, "mwl": null, "highest_flow_level": 341.72}}, {"type": "Feature", "geometry": {"type": "Point", "coordinates": [79.33305555555555, 12.91388888888889]}, "properties": {"station_code": "014-HYDCHENNAI", "name": "Arcot", "type": "Base", "nearest_town": "", "warning_level": 158.69, "danger_level": 159.69, "frl": null, "mwl": null, "highest_flow_level": 160.19}}, {"type": "Feature", "geometry": {"type": "Point", "coordinates": [88.37249999999999, 23.220277777777778]}, "properties": {"station_code": "014-LGD3BEH", "name": "KALNA (flow)", "type": "Base", "nearest_town": null, "warning_level": 7.03, "danger_level": 7.63, "frl": null, "mwl": null, "highest_flow_level": 10.3}}, {"type": "Feature", "geometry": {"type": "Point", "coordinates": [80.37666666666667, 18.53666666666667]}, "properties": {"station_code": "014-LGDHYD", "name": "Perur", "type": "Base", "nearest_town": "venkatapuram", "warning_level": 78.15, "danger_level": 81.15, "frl": null, "mwl": null, "highest_flow_level": 87.42}}, {"type": "Feature", "geometry": {"type": "Point", "coordinates": [77.95722222222223, 15.8825]}, "properties": {"station_code": "014-LKDHYD", "name": "Bawapuram", "type": "Base", "nearest_town": "", "warning_level": 276.0, "danger_level": 278.0, "frl": null, "mwl": null, "highest_flow_level": 285.225}}, {"type": "Feature", "geometry": {"type": "Point", "coordinates": [80.31222222222222, 25.481388888888887]}, "properties": {"station_code": "014-LYDAGRA", "name": "BANDA", "type": "Level", "nearest_town": "Madla", "warning_level": 103.0, "danger_level": 104.0, "frl": null, "mwl": null, "highest_flow_level": 113.29}}, {"type": "Feature", "geometry": {"type": "Point", "coordinates": [73.40611111111112, 23.31833333333333]}, "properties": {"station_code": "014-MAHGAND", "name": "Watrak Dam", "type": "Base", "nearest_town": null, "warning_level": null, "danger_level": null, "frl": null, "mwl": null, "highest_flow_level": null}}, {"type": "Feature", "geometry": {"type": "Point", "coordinates": [83.53694444444444, 20.983055555555556]}, "properties": {"station_code": "014-MDBURLA", "name": "Salebhata", "type": "Base", "nearest_town": null, "warning_level": null, "danger_level": null, "frl": null, "mwl": null, "highest_flow_level": 139.93}}, {"type": "Feature", "geometry": {"type": "Point", "coordinates": [91.99388888888889, 24.3175]}, "properties": {"station_code": "014-MDSIL", "name": "KAILASHAHAR GDSQ SITE", "type": "Level", "nearest_town": "Kailashahar", "warning_level": 24.34, "danger_level": 25.34, "frl": null, "mwl": null, "highest_flow_level": 25.95}}, {"type": "Feature", "geometry": {"type": "Point", "coordinates": [82.50083333333333, 27.135555555555555]}, "properties": {"station_code": "014-MGD1LKN", "name": "Chandradeepghat", "type": "Base", "nearest_town": null, "warning_level": 87.84, "danger_level": 88.84, "frl": null, "mwl": null, "highest_flow_level": 92.04}}, {"type": "Feature", "geometry": {"type": "Point", "coordinates": [80.94611111111111, 26.861944444444447]}, "properties": {"station_code": "014-MGD2LKN", "name": "Lucknow", "type": "Level", "nearest_town": null, "warning_level": 108.5, "danger_level": 109.5, "frl": null, "mwl": null, "highest_flow_level": 110.85}}, {"type": "Feature", "geometry": {"type": "Point", "coordinates": [83.02, 24.21]}, "properties": {"station_code": "014-MGD3VNS", "name": "RIHAND DAM", "type": "Inflow", "nearest_town": "", "warning_level": null, "danger_level": null, "frl": 268.23, "mwl": 271.27, "highest_flow_level": null}}, {"type": "Feature", "geometry": {"type": "Point", "coordinates": [85.87638888888888, 26.119444444444444]}, "properties": {"station_code": "014-MGD4PTN", "name": "Ekmighat", "type": "Level", "nearest_town": "", "warning_level": 45.94, "danger_level": 46.94, "frl": null, "mwl": null, "highest_flow_level": 49.52}}, {"type": "Feature", "geometry": {"type": "Point", "coordinates": [84.7875, 25.754166666666666]}, "properties": {"station_code": "014-MGD5PTN", "name": "Chhapra", "type": "Level", "nearest_town": "", "warning_level": 52.68, "danger_level": 53.68, "frl": null, "mwl": null, "highest_flow_level": 54.59}}, {"type": "Feature", "geometry": {"type": "Point", "coordinates": [76.99333333333334, 22.496111111111112]}, "properties": {"station_code": "014-NDBHP", "name": "Handia", "type": "Base", "nearest_town": null, "warning_level": 271.9, "danger_level": 272.9, "frl": null, "mwl": null, "highest_flow_level": 274.9}}, {"type": "Feature", "geometry": {"type": "Point", "coordinates": [77.98472222222222, 10.880833333333333]}, "properties": {"station_code": "014-SRDCBE", "name": "NALLAMARANPATTY", "type": "Base", "nearest_town": "", "warning_level": 134.12, "danger_level": 135.12, "frl": null, "mwl": 128.01, "highest_flow_level": 138.5}}, {"type": "Feature", "geometry": {"type": "Point", "coordinates": [76.47833333333334, 9.943611111111112]}, "properties": {"station_code": "014-SWRDKOCHI", "name": "RAMAMANGALAM", "type": "Base", "nearest_town": "", "warning_level": 8.0, "danger_level": 9.0, "frl": null, "mwl": null, "highest_flow_level": 9.8}}, {"type": "Feature", "geometry": {"type": "Point", "coordinates": [76.75722222222223, 21.513055555555557]}, "properties": {"station_code": "014-TDSURAT", "name": "DEDTALAI", "type": "Base", "nearest_town": null, "warning_level": 283.0, "danger_level": 285.0, "frl": null, "mwl": null, "highest_flow_level": 295.0}}, {"type": "Feature", "geometry": {"type": "Point", "coordinates": [95.36999999999999, 27.14]}, "properties": {"station_code": "014-UBDDIB", "name": "Dillighat", "type": "Base", "nearest_town": "", "warning_level": 120.43, "danger_level": 121.43, "frl": null, "mwl": null, "highest_flow_level": 127.3}}, {"type": "Feature", "geometry": {"type": "Point", "coordinates": [77.03305555555555, 19.183333333333334]}, "properties": {"station_code": "014-UGDHYD", "name": "Purna", "type": "Base", "nearest_town": "", "warning_level": 368.0, "danger_level": 374.5, "frl": null, "mwl": null, "highest_flow_level": 372.72}}, {"type": "Feature", "geometry": {"type": "Point", "coordinates": [73.25416666666666, 19.16222222222222]}, "properties": {"station_code": "014-UKDPUNE", "name": "Badlapur", "type": "Base", "nearest_town": "Badlapur", "warning_level": 16.5, "danger_level": 17.5, "frl": null, "mwl": null, "highest_flow_level": 26.162}}, {"type": "Feature", "geometry": {"type": "Point", "coordinates": [77.21277777777777, 28.845277777777778]}, "properties": {"station_code": "014-UYDDEL", "name": "Palla", "type": "Base", "nearest_town": "", "warning_level": 211.0, "danger_level": 212.0, "frl": null, "mwl": null, "highest_flow_level": 212.8}}, {"type": "Feature", "geometry": {"type": "Point", "coordinates": [81.41861111111112, 25.665]}, "properties": {"station_code": "015- MGD3VNS", "name": "Shahzadpur", "type": "Base", "nearest_town": "", "warning_level": 89.3, "danger_level": 90.0, "frl": null, "mwl": 83.32, "highest_flow_level": 90.42}}, {"type": "Feature", "geometry": {"type": "Point", "coordinates": [76.30305555555556, 12.511111111111111]}, "properties": {"station_code": "015-CDBNG", "name": "CHUNCHUNAKATTE", "type": "Base", "nearest_town": null, "warning_level": 756.5, "danger_level": 758.0, "frl": null, "mwl": null, "highest_flow_level": 759.46}}, {"type": "Feature", "geometry": {"type": "Point", "coordinates": [76.32027777777778, 25.380277777777778]}, "properties": {"station_code": "015-CDJAPR", "name": "Barod", "type": "Base", "nearest_town": "", "warning_level": 210.0, "danger_level": 215.0, "frl": null, "mwl": null, "highest_flow_level": 223.8}}, {"type": "Feature", "geometry": {"type": "Point", "coordinates": [74.88444444444445, 32.76277777777778]}, "properties": {"station_code": "015-CHEJMU", "name": "Jammu Tawi (Sidhra)", "type": "Base", "nearest_town": null, "warning_level": 316.5, "danger_level": 317.0, "frl": null, "mwl": null, "highest_flow_level": 321.1}}, {"type": "Feature", "geometry": {"type": "Point", "coordinates": [87.90361111111112, 22.83861111111111]}, "properties": {"station_code": "015-DDASL", "name": "HARINKHOLA", "type": "Level", "nearest_town": "", "warning_level": 11.8, "danger_level": 12.8, "frl": null, "mwl": null, "highest_flow_level": 14.6}}, {"type": "Feature", "geometry": {"type": "Point", "coordinates": [86.12055555555555, 21.211111111111112]}, "properties": {"station_code": "015-ERDBWN", "name": "Anandpur", "type": "Level", "nearest_town": "", "warning_level": 37.44, "danger_level": 38.36, "frl": null, "mwl": null, "highest_flow_level": 41.35}}, {"type": "Feature", "geometry": {"type": "Point", "coordinates": [78.18752777777779, 29.975638888888888]}, "properties": {"station_code": "015-HGDDDN", "name": "Haridwar ", "type": "Level", "nearest_town": "HARIDWAR", "warning_level": 293.0, "danger_level": 294.0, "frl": null, "mwl": null, "highest_flow_level": 296.3}}, {"type": "Feature", "geometry": {"type": "Point", "coordinates": [79.75, 12.708333333333332]}, "properties": {"station_code": "015-HYDCHENNAI", "name": "Magaral", "type": "Base", "nearest_town": "", "warning_level": 60.78, "danger_level": 61.78, "frl": null, "mwl": null, "highest_flow_level": 62.28}}, {"type": "Feature", "geometry": {"type": "Point", "coordinates": [88.47222222222223, 26.901944444444442]}, "properties": {"station_code": "015-LBDJPG", "name": "CORONATION", "type": "Base", "nearest_town": "", "warning_level": null, "danger_level": null, "frl": null, "mwl": null, "highest_flow_level": 156.0}}, {"type": "Feature", "geometry": {"type": "Point", "coordinates": [88.14046111111112, 23.648777777777777]}, "properties": {"station_code": "015-LGD3BEH", "name": "KATWA", "type": "Base", "nearest_town": null, "warning_level": 13.1, "danger_level": 14.32, "frl": null, "mwl": null, "highest_flow_level": 15.45}}, {"type": "Feature", "geometry": {"type": "Point", "coordinates": [80.46000000000001, 18.32]}, "properties": {"station_code": "015-LGDHYD", "name": "Eturunagaram", "type": "Level", "nearest_town": "", "warning_level": 73.32, "danger_level": 75.82, "frl": null, "mwl": null, "highest_flow_level": 77.66}}, {"type": "Feature", "geometry": {"type": "Point", "coordinates": [77.84027777777777, 16.25777777777778]}, "properties": {"station_code": "015-LKDHYD", "name": "K. Agraharam", "type": "Base", "nearest_town": "", "warning_level": 281.0, "danger_level": 282.0, "frl": null, "mwl": null, "highest_flow_level": 285.3}}, {"type": "Feature", "geometry": {"type": "Point", "coordinates": [78.80416666666666, 26.171944444444446]}, "properties": {"station_code": "015-LYDAGRA", "name": "SEONDHA", "type": "Base", "nearest_town": "", "warning_level": 138.0, "danger_level": 139.0, "frl": null, "mwl": null, "highest_flow_level": 143.74}}, {"type": "Feature", "geometry": {"type": "Point", "coordinates": [72.74111111111111, 22.904166666666665]}, "properties": {"station_code": "015-MAHGAND", "name": "Raska WeIr", "type": "Base", "nearest_town": "", "warning_level": null, "danger_level": null, "frl": null, "mwl": null, "highest_flow_level": 38.17}}, {"type": "Feature", "geometry": {"type": "Point", "coordinates": [92.60888888888888, 24.649444444444445]}, "properties": {"station_code": "015-MBDGHY", "name": "Matijuri", "type": "Level", "nearest_town": "", "warning_level": 19.27, "danger_level": 20.27, "frl": null, "mwl": null, "highest_flow_level": 22.73}}, {"type": "Feature", "geometry": {"type": "Point", "coordinates": [81.88722222222223, 20.910555555555554]}, "properties": {"station_code": "015-MDBURLA", "name": "Baronda", "type": "Base", "nearest_town": null, "warning_level": null, "danger_level": null, "frl": null, "mwl": null, "highest_flow_level": 290.82}}, {"type": "Feature", "geometry": {"type": "Point", "coordinates": [92.64972222222222, 24.815833333333334]}, "properties": {"station_code": "015-MDSIL", "name": "Katigorah", "type": "Base", "nearest_town": null, "warning_level": null, "danger_level": null, "frl": null, "mwl": null, "highest_flow_level": 19.88}}, {"type": "Feature", "geometry": {"type": "Point", "coordinates": [83.02888888888889, 26.603055555555557]}, "properties": {"station_code": "015-MGD1LKN", "name": "Mukhlispur", "type": "Base", "nearest_town": "", "warning_level": 77.65, "danger_level": 78.65, "frl": null, "mwl": null, "highest_flow_level": 79.84}}, {"type": "Feature", "geometry": {"type": "Point", "coordinates": [80.79416666666667, 26.651666666666664]}, "properties": {"station_code": "015-MGD2LKN", "name": "Bani", "type": "Base", "nearest_town": null, "warning_level": 114.5, "danger_level": 115.5, "frl": null, "mwl": null, "highest_flow_level": 116.5}}, {"type": "Feature", "geometry": {"type": "Point", "coordinates": [85.32277777777777, 26.723888888888887]}, "properties": {"station_code": "015-MGD4PTN", "name": "Dheng Bridge", "type": "Level", "nearest_town": "", "warning_level": 70.0, "danger_level": 71.0, "frl": null, "mwl": null, "highest_flow_level": 73.47}}, {"type": "Feature", "geometry": {"type": "Point", "coordinates": [85.5936111111111, 24.912499999999998]}, "properties": {"station_code": "015-MGD5PTN", "name": "Kadirganj", "type": "Base", "nearest_town": "", "warning_level": 85.0, "danger_level": 86.0, "frl": null, "mwl": null, "highest_flow_level": 86.52}}, {"type": "Feature", "geometry": {"type": "Point", "coordinates": [77.97527777777778, 22.56222222222222]}, "properties": {"station_code": "015-NDBHP", "name": "Tawa Reservoir", "type": "Inflow", "nearest_town": "tawanagar", "warning_level": null, "danger_level": null, "frl": 355.4, "mwl": 356.692, "highest_flow_level": 356.692}}, {"type": "Feature", "geometry": {"type": "Point", "coordinates": [76.94611111111111, 10.631388888888889]}, "properties": {"station_code": "015-SRDCBE", "name": "AMBARAMPALAYAM", "type": "Base", "nearest_town": null, "warning_level": 223.5, "danger_level": 224.5, "frl": null, "mwl": null, "highest_flow_level": 224.78}}, {"type": "Feature", "geometry": {"type": "Point", "coordinates": [76.60277777777777, 9.674999999999999]}, "properties": {"station_code": "015-SWRDKOCHI", "name": "KIDANGOOR", "type": "Base", "nearest_town": "", "warning_level": 6.16, "danger_level": 7.16, "frl": null, "mwl": null, "highest_flow_level": 8.24}}, {"type": "Feature", "geometry": {"type": "Point", "coordinates": [76.23611111111111, 21.298333333333336]}, "properties": {"station_code": "015-TDSURAT", "name": "BURHANPUR", "type": "Base", "nearest_town": "", "warning_level": 218.0, "danger_level": 220.98, "frl": null, "mwl": null, "highest_flow_level": 239.95}}, {"type": "Feature", "geometry": {"type": "Point", "coordinates": [94.91222222222223, 27.046666666666667]}, "properties": {"station_code": "015-UBDDIB", "name": "Desangpani", "type": "Base", "nearest_town": "", "warning_level": 104.26, "danger_level": 105.26, "frl": null, "mwl": null, "highest_flow_level": 106.26}}, {"type": "Feature", "geometry": {"type": "Point", "coordinates": [77.31, 19.15]}, "properties": {"station_code": "015-UGDHYD", "name": "Nanded", "type": "Level", "nearest_town": "", "warning_level": 351.0, "danger_level": 354.0, "frl": null, "mwl": null, "highest_flow_level": 357.1}}, {"type": "Feature", "geometry": {"type": "Point", "coordinates": [73.59472222222222, 16.22083333333333]}, "properties": {"station_code": "015-UKDPUNE", "name": "Belne Bridge", "type": "Base", "nearest_town": null, "warning_level": 15.5, "danger_level": 16.5, "frl": null, "mwl": null, "highest_flow_level": 20.01}}, {"type": "Feature", "geometry": {"type": "Point", "coordinates": [77.24888888888889, 28.662499999999998]}, "properties": {"station_code": "015-UYDDEL", "name": "Delhi Railway Bridge", "type": "Level", "nearest_town": "", "warning_level": 204.5, "danger_level": 205.33, "frl": null, "mwl": null, "highest_flow_level": 208.66}}, {"type": "Feature", "geometry": {"type": "Point", "coordinates": [76.29222222222222, 12.347222222222223]}, "properties": {"station_code": "016-CDBNG", "name": "K.M. VADI", "type": "Base", "nearest_town": null, "warning_level": 771.0, "danger_level": 772.0, "frl": null, "mwl": null, "highest_flow_level": 773.365}}, {"type": "Feature", "geometry": {"type": "Point", "coordinates": [76.48388888888888, 25.679444444444446]}, "properties": {"station_code": "016-CDJAPR", "name": "Khatoli", "type": "Base", "nearest_town": "", "warning_level": 201.0, "danger_level": 202.0, "frl": null, "mwl": null, "highest_flow_level": 209.05}}, {"type": "Feature", "geometry": {"type": "Point", "coordinates": [86.27972222222222, 20.916944444444447]}, "properties": {"station_code": "016-ERDBWN", "name": "Akhuapada", "type": "Level", "nearest_town": "", "warning_level": 17.83, "danger_level": 18.33, "frl": null, "mwl": null, "highest_flow_level": 21.95}}, {"type": "Feature", "geometry": {"type": "Point", "coordinates": [78.03833333333333, 29.372777777777777]}, "properties": {"station_code": "016-HGDDDN", "name": "Ch. Charan Singh Madhya Ganga Barrage, Bijnor", "type": "Inflow", "nearest_town": "", "warning_level": 219.0, "danger_level": 220.0, "frl": 221.5, "mwl": 222.5, "highest_flow_level": 220.8}}, {"type": "Feature", "geometry": {"type": "Point", "coordinates": [79.94722222222222, 12.65]}, "properties": {"station_code": "016-HYDCHENNAI", "name": "Chengalpet", "type": "Base", "nearest_town": "", "warning_level": 27.5, "danger_level": 28.35, "frl": null, "mwl": null, "highest_flow_level": 29.35}}, {"type": "Feature", "geometry": {"type": "Point", "coordinates": [88.47277777777778, 26.88]}, "properties": {"station_code": "016-LBDJPG", "name": "SEVOKE", "type": "Base", "nearest_town": "", "warning_level": null, "danger_level": null, "frl": null, "mwl": null, "highest_flow_level": 147.3}}, {"type": "Feature", "geometry": {"type": "Point", "coordinates": [88.41805555555555, 23.79416666666667]}, "properties": {"station_code": "016-LGD3BEH", "name": "PALASIPARA (SEASONAL)", "type": "Base", "nearest_town": null, "warning_level": null, "danger_level": null, "frl": null, "mwl": null, "highest_flow_level": 14.855}}, {"type": "Feature", "geometry": {"type": "Point", "coordinates": [80.88, 17.852500000000003]}, "properties": {"station_code": "016-LGDHYD", "name": "Dummagudem", "type": "Level", "nearest_town": "", "warning_level": 53.0, "danger_level": 55.0, "frl": null, "mwl": null, "highest_flow_level": 60.25}}, {"type": "Feature", "geometry": {"type": "Point", "coordinates": [78.9, 16.08]}, "properties": {"station_code": "016-LKDHYD", "name": "Srisailam Reservoir", "type": "Inflow", "nearest_town": "", "warning_level": null, "danger_level": null, "frl": 269.75, "mwl": 269.75, "highest_flow_level": null}}, {"type": "Feature", "geometry": {"type": "Point", "coordinates": [80.1538888888889, 25.960277777777776]}, "properties": {"station_code": "016-LYDAGRA", "name": "HAMIRPUR", "type": "Level", "nearest_town": "Kalpi,Shahijina", "warning_level": 102.63, "danger_level": 103.63, "frl": null, "mwl": null, "highest_flow_level": 108.59}}, {"type": "Feature", "geometry": {"type": "Point", "coordinates": [73.00833333333334, 24.231111111111108]}, "properties": {"station_code": "016-MAHGAND", "name": "Kheroj", "type": "Base", "nearest_town": "", "warning_level": 215.0, "danger_level": 216.0, "frl": null, "mwl": null, "highest_flow_level": 218.0}}, {"type": "Feature", "geometry": {"type": "Point", "coordinates": [92.84527777777777, 24.59361111111111]}, "properties": {"station_code": "016-MBDGHY", "name": "Dholai", "type": "Base", "nearest_town": "", "warning_level": null, "danger_level": 24.58, "frl": null, "mwl": null, "highest_flow_level": 28.24}}, {"type": "Feature", "geometry": {"type": "Point", "coordinates": [81.59722222222221, 21.834722222222222]}, "properties": {"station_code": "016-MDBURLA", "name": "Andhiyarkhore", "type": "Base", "nearest_town": null, "warning_level": null, "danger_level": null, "frl": null, "mwl": null, "highest_flow_level": 260.2}}, {"type": "Feature", "geometry": {"type": "Point", "coordinates": [92.75333333333333, 24.924166666666668]}, "properties": {"station_code": "016-MDSIL", "name": "Borkhola", "type": "Base", "nearest_town": null, "warning_level": null, "danger_level": null, "frl": null, "mwl": null, "highest_flow_level": 20.4}}, {"type": "Feature", "geometry": {"type": "Point", "coordinates": [83.83305555555555, 26.736944444444447]}, "properties": {"station_code": "016-MGD1LKN", "name": "Hetimpur", "type": "Base", "nearest_town": "", "warning_level": 77.42, "danger_level": 78.42, "frl": null, "mwl": null, "highest_flow_level": 79.64}}, {"type": "Feature", "geometry": {"type": "Point", "coordinates": [81.25111111111111, 26.198611111111113]}, "properties": {"station_code": "016-MGD2LKN", "name": "Raebareli", "type": "Level", "nearest_town": "", "warning_level": 100.0, "danger_level": 101.0, "frl": null, "mwl": null, "highest_flow_level": 104.81}}, {"type": "Feature", "geometry": {"type": "Point", "coordinates": [82.00194444444445, 25.934166666666666]}, "properties": {"station_code": "016-MGD3VNS", "name": "Pratapgarh", "type": "Base", "nearest_town": "", "warning_level": 84.23, "danger_level": 85.23, "frl": null, "mwl": null, "highest_flow_level": 85.34}}, {"type": "Feature", "geometry": {"type": "Point", "coordinates": [85.48583333333333, 26.34611111111111]}, "properties": {"station_code": "016-MGD4PTN", "name": "Runisaidpur", "type": "Level", "nearest_town": "", "warning_level": 54.0, "danger_level": 55.0, "frl": null, "mwl": null, "highest_flow_level": 58.34}}, {"type": "Feature", "geometry": {"type": "Point", "coordinates": [86.10194444444444, 25.184722222222224]}, "properties": {"station_code": "016-MGD5PTN", "name": "Lakhisarai", "type": "Base", "nearest_town": "", "warning_level": 41.347, "danger_level": 42.347, "frl": null, "mwl": null, "highest_flow_level": 45.85}}, {"type": "Feature", "geometry": {"type": "Point", "coordinates": [77.73166666666667, 22.756666666666668]}, "properties": {"station_code": "016-NDBHP", "name": "Narmadapuram", "type": "Level", "nearest_town": "", "warning_level": 292.83, "danger_level": 293.83, "frl": null, "mwl": null, "highest_flow_level": 301.33}}, {"type": "Feature", "geometry": {"type": "Point", "coordinates": [77.485, 10.001111111111111]}, "properties": {"station_code": "016-SRDCBE", "name": "THENI", "type": "Base", "nearest_town": "", "warning_level": 282.5, "danger_level": 283.5, "frl": null, "mwl": null, "highest_flow_level": 285.67}}, {"type": "Feature", "geometry": {"type": "Point", "coordinates": [77.09055555555555, 9.573333333333332]}, "properties": {"station_code": "016-SWRDKOCHI", "name": "VANDIPERIYAR", "type": "Base", "nearest_town": "", "warning_level": 794.2, "danger_level": 795.2, "frl": null, "mwl": null, "highest_flow_level": 797.13}}, {"type": "Feature", "geometry": {"type": "Point", "coordinates": [75.95, 21.07]}, "properties": {"station_code": "016-TDSURAT", "name": "HATHNUR", "type": "Inflow", "nearest_town": "", "warning_level": 212.0, "danger_level": 214.0, "frl": 214.0, "mwl": 214.11, "highest_flow_level": 214.11}}, {"type": "Feature", "geometry": {"type": "Point", "coordinates": [94.77666666666667, 26.985]}, "properties": {"station_code": "016-UBDDIB", "name": "Nanglamoraghat", "type": "Level", "nearest_town": "", "warning_level": 93.46, "danger_level": 94.46, "frl": null, "mwl": null, "highest_flow_level": 96.49}}, {"type": "Feature", "geometry": {"type": "Point", "coordinates": [77.46666666666667, 19.03527777777778]}, "properties": {"station_code": "016-UGDHYD", "name": "Yelli", "type": "Base", "nearest_town": null, "warning_level": null, "danger_level": null, "frl": null, "mwl": null, "highest_flow_level": null}}, {"type": "Feature", "geometry": {"type": "Point", "coordinates": [74.57638888888889, 18.473888888888887]}, "properties": {"station_code": "016-UKDPUNE", "name": "Daund", "type": "Base", "nearest_town": null, "warning_level": 504.0, "danger_level": 505.0, "frl": null, "mwl": null, "highest_flow_level": 508.8}}, {"type": "Feature", "geometry": {"type": "Point", "coordinates": [77.45583333333333, 28.223611111111108]}, "properties": {"station_code": "016-UYDDEL", "name": "Mohna", "type": "Base", "nearest_town": "", "warning_level": 190.5, "danger_level": 191.5, "frl": null, "mwl": null, "highest_flow_level": 192.45}}, {"type": "Feature", "geometry": {"type": "Point", "coordinates": [78.56083333333333, 19.820833333333333]}, "properties": {"station_code": "016-WGDNGP", "name": "P.G. Bridge", "type": "Base", "nearest_town": "", "warning_level": null, "danger_level": null, "frl": null, "mwl": null, "highest_flow_level": 217.98}}, {"type": "Feature", "geometry": {"type": "Point", "coordinates": [76.40055555555556, 12.598611111111111]}, "properties": {"station_code": "017-CDBNG", "name": "AKKIHEBBAL", "type": "Base", "nearest_town": null, "warning_level": 753.0, "danger_level": 754.0, "frl": null, "mwl": null, "highest_flow_level": 754.8}}, {"type": "Feature", "geometry": {"type": "Point", "coordinates": [76.60388888888889, 24.429722222222225]}, "properties": {"station_code": "017-CDJAPR", "name": "Aklera", "type": "Base", "nearest_town": "", "warning_level": 308.0, "danger_level": 309.0, "frl": null, "mwl": null, "highest_flow_level": 314.45}}, {"type": "Feature", "geometry": {"type": "Point", "coordinates": [74.75888888888889, 32.90083333333333]}, "properties": {"station_code": "017-CHEJMU", "name": "Akhnoor", "type": "Base", "nearest_town": null, "warning_level": 322.29, "danger_level": 323.29, "frl": null, "mwl": null, "highest_flow_level": 324.29}}, {"type": "Feature", "geometry": {"type": "Point", "coordinates": [87.20222222222222, 24.32361111111111]}, "properties": {"station_code": "017-DDASL", "name": "Maharo", "type": "Base", "nearest_town": "", "warning_level": null, "danger_level": null, "frl": null, "mwl": null, "highest_flow_level": 139.03}}, {"type": "Feature", "geometry": {"type": "Point", "coordinates": [85.63138888888888, 21.62777777777778]}, "properties": {"station_code": "017-ERDBWN", "name": "Keonjhar", "type": "Base", "nearest_town": null, "warning_level": null, "danger_level": null, "frl": null, "mwl": null, "highest_flow_level": 463.81}}, {"type": "Feature", "geometry": {"type": "Point", "coordinates": [79.22111111111111, 30.255]}, "properties": {"station_code": "017-HGDDDN", "name": "Karnaprayag (P)", "type": "Base", "nearest_town": null, "warning_level": 772.0, "danger_level": 773.0, "frl": null, "mwl": null, "highest_flow_level": 774.05}}, {"type": "Feature", "geometry": {"type": "Point", "coordinates": [78.97805555555556, 12.065833333333334]}, "properties": {"station_code": "017-HYDCHENNAI", "name": "Vazhavachanur", "type": "Base", "nearest_town": "", "warning_level": 137.8, "danger_level": 138.8, "frl": null, "mwl": null, "highest_flow_level": 142.72}}, {"type": "Feature", "geometry": {"type": "Point", "coordinates": [88.63611111111112, 26.8625]}, "properties": {"station_code": "017-LBDJPG", "name": "CHEL", "type": "Base", "nearest_town": "", "warning_level": null, "danger_level": null, "frl": null, "mwl": null, "highest_flow_level": 160.8}}, {"type": "Feature", "geometry": {"type": "Point", "coordinates": [88.70861111111111, 23.22583333333333]}, "properties": {"station_code": "017-LGD3BEH", "name": "KUTHIBARI", "type": "Base", "nearest_town": null, "warning_level": null, "danger_level": null, "frl": null, "mwl": null, "highest_flow_level": 12.15}}, {"type": "Feature", "geometry": {"type": "Point", "coordinates": [80.87388888888889, 17.669444444444444]}, "properties": {"station_code": "017-LGDHYD", "name": "Bhadrachalam", "type": "Level", "nearest_town": "BHADRACHALAM", "warning_level": 45.72, "danger_level": 48.77, "frl": null, "mwl": null, "highest_flow_level": 55.66}}, {"type": "Feature", "geometry": {"type": "Point", "coordinates": [79.25, 16.5]}, "properties": {"station_code": "017-LKDHYD", "name": "Nagarjuna Sagar Dam", "type": "Inflow", "nearest_town": "", "warning_level": null, "danger_level": null, "frl": null, "mwl": null, "highest_flow_level": null}}, {"type": "Feature", "geometry": {"type": "Point", "coordinates": [80.53, 25.771666666666665]}, "properties": {"station_code": "017-LYDAGRA", "name": "CHILLAGHAT", "type": "Level", "nearest_town": null, "warning_level": 99.0, "danger_level": 100.0, "frl": null, "mwl": null, "highest_flow_level": 105.16}}, {"type": "Feature", "geometry": {"type": "Point", "coordinates": [73.1725, 24.030833333333334]}, "properties": {"station_code": "017-MAHGAND", "name": "Harnav Weir", "type": "Base", "nearest_town": "", "warning_level": null, "danger_level": null, "frl": null, "mwl": null, "highest_flow_level": 236.7}}, {"type": "Feature", "geometry": {"type": "Point", "coordinates": [92.9538888888889, 24.605833333333333]}, "properties": {"station_code": "017-MBDGHY", "name": "Amraghat", "type": "Base", "nearest_town": "", "warning_level": null, "danger_level": 26.96, "frl": null, "mwl": null, "highest_flow_level": 29.99}}, {"type": "Feature", "geometry": {"type": "Point", "coordinates": [81.59277777777777, 21.341944444444444]}, "properties": {"station_code": "017-MDBURLA", "name": "Pathardihi", "type": "Base", "nearest_town": null, "warning_level": null, "danger_level": null, "frl": null, "mwl": null, "highest_flow_level": 280.02}}, {"type": "Feature", "geometry": {"type": "Point", "coordinates": [92.61055555555555, 24.515833333333333]}, "properties": {"station_code": "017-MDSIL", "name": "Muhammedpur", "type": "Base", "nearest_town": null, "warning_level": null, "danger_level": null, "frl": null, "mwl": null, "highest_flow_level": 27.37}}, {"type": "Feature", "geometry": {"type": "Point", "coordinates": [83.9363888888889, 26.291944444444447]}, "properties": {"station_code": "017-MGD1LKN", "name": "Salempur", "type": "Base", "nearest_town": "", "warning_level": 66.12, "danger_level": 67.12, "frl": null, "mwl": null, "highest_flow_level": 67.55}}, {"type": "Feature", "geometry": {"type": "Point", "coordinates": [78.14166666666668, 28.76638888888889]}, "properties": {"station_code": "017-MGD2LKN", "name": "Garhmukteshwar", "type": "Level", "nearest_town": "", "warning_level": 198.33, "danger_level": 199.33, "frl": null, "mwl": null, "highest_flow_level": 199.9}}, {"type": "Feature", "geometry": {"type": "Point", "coordinates": [82.75666666666666, 25.630277777777778]}, "properties": {"station_code": "017-MGD3VNS", "name": "Jalalpur", "type": "Base", "nearest_town": "", "warning_level": 72.73, "danger_level": 73.73, "frl": null, "mwl": null, "highest_flow_level": 76.23}}, {"type": "Feature", "geometry": {"type": "Point", "coordinates": [85.69250000000001, 26.14472222222222]}, "properties": {"station_code": "017-MGD4PTN", "name": "Benibad", "type": "Level", "nearest_town": "", "warning_level": 47.68, "danger_level": 48.68, "frl": null, "mwl": null, "highest_flow_level": 50.12}}, {"type": "Feature", "geometry": {"type": "Point", "coordinates": [85.01222222222222, 24.770833333333332]}, "properties": {"station_code": "017-MGD5PTN", "name": "Gaya", "type": "Base", "nearest_town": null, "warning_level": 109.1, "danger_level": 110.1, "frl": null, "mwl": null, "highest_flow_level": 111.31}}, {"type": "Feature", "geometry": {"type": "Point", "coordinates": [75.65972222222223, 22.172222222222224]}, "properties": {"station_code": "017-NDBHP", "name": "Mandleshwar", "type": "Base", "nearest_town": null, "warning_level": 149.0, "danger_level": 150.0, "frl": null, "mwl": null, "highest_flow_level": 158.4}}, {"type": "Feature", "geometry": {"type": "Point", "coordinates": [77.51166666666667, 9.925555555555555]}, "properties": {"station_code": "017-SRDCBE", "name": "Ambasamudram", "type": "Base", "nearest_town": "THENI", "warning_level": 299.9, "danger_level": 300.5, "frl": null, "mwl": null, "highest_flow_level": 301.6}}, {"type": "Feature", "geometry": {"type": "Point", "coordinates": [76.65027777777779, 9.403611111111111]}, "properties": {"station_code": "017-SWRDKOCHI", "name": "KALLOOPPARA", "type": "Base", "nearest_town": "", "warning_level": 5.0, "danger_level": 6.0, "frl": null, "mwl": null, "highest_flow_level": 9.64}}, {"type": "Feature", "geometry": {"type": "Point", "coordinates": [75.78027777777778, 21.06833333333333]}, "properties": {"station_code": "017-TDSURAT", "name": "BHUSAWAL", "type": "Base", "nearest_town": null, "warning_level": null, "danger_level": 185.32, "frl": null, "mwl": null, "highest_flow_level": 184.9}}, {"type": "Feature", "geometry": {"type": "Point", "coordinates": [94.80055555555555, 26.853333333333335]}, "properties": {"station_code": "017-UBDDIB", "name": "Bihubar", "type": "Base", "nearest_town": "", "warning_level": 102.77, "danger_level": 103.77, "frl": null, "mwl": null, "highest_flow_level": 104.77}}, {"type": "Feature", "geometry": {"type": "Point", "coordinates": [77.04972222222221, 18.05]}, "properties": {"station_code": "017-UGDHYD", "name": "Saigaon", "type": "Base", "nearest_town": "", "warning_level": 549.22, "danger_level": 550.22, "frl": null, "mwl": null, "highest_flow_level": 556.08}}, {"type": "Feature", "geometry": {"type": "Point", "coordinates": [73.46027777777778, 18.092499999999998]}, "properties": {"station_code": "017-UKDPUNE", "name": "Mahad", "type": "Base", "nearest_town": "", "warning_level": 10.0, "danger_level": 11.0, "frl": null, "mwl": null, "highest_flow_level": 13.8}}, {"type": "Feature", "geometry": {"type": "Point", "coordinates": [77.68723333333334, 27.50412222222222]}, "properties": {"station_code": "017-UYDDEL", "name": "Mathura (Prayag ghat)", "type": "Level", "nearest_town": "", "warning_level": 165.2, "danger_level": 166.0, "frl": null, "mwl": null, "highest_flow_level": 169.73}}, {"type": "Feature", "geometry": {"type": "Point", "coordinates": [79.37916666666666, 19.814444444444444]}, "properties": {"station_code": "017-WGDNGP", "name": "Bamni (Ballarsha)", "type": "Level", "nearest_town": "Balharsha", "warning_level": 171.5, "danger_level": 174.0, "frl": null, "mwl": null, "highest_flow_level": 176.45}}, {"type": "Feature", "geometry": {"type": "Point", "coordinates": [76.89444444444445, 12.230277777777777]}, "properties": {"station_code": "018-CDBNG", "name": "T. NARASIPUR", "type": "Base", "nearest_town": null, "warning_level": 640.0, "danger_level": 641.0, "frl": null, "mwl": null, "highest_flow_level": 643.25}}, {"type": "Feature", "geometry": {"type": "Point", "coordinates": [76.20583333333333, 24.3675]}, "properties": {"station_code": "018-CDJAPR", "name": "Salavad", "type": "Base", "nearest_town": null, "warning_level": null, "danger_level": null, "frl": null, "mwl": null, "highest_flow_level": null}}, {"type": "Feature", "geometry": {"type": "Point", "coordinates": [75.28238888888889, 33.90416666666667]}, "properties": {"station_code": "018-CHEJMU", "name": "Ganeshpura_1", "type": "Base", "nearest_town": null, "warning_level": null, "danger_level": null, "frl": null, "mwl": null, "highest_flow_level": 1871.78}}, {"type": "Feature", "geometry": {"type": "Point", "coordinates": [87.30722222222222, 24.10638888888889]}, "properties": {"station_code": "018-DDASL", "name": "Massanjore Dam", "type": "Inflow", "nearest_town": "", "warning_level": null, "danger_level": 121.31, "frl": 121.31, "mwl": null, "highest_flow_level": 122.865}}, {"type": "Feature", "geometry": {"type": "Point", "coordinates": [85.51916666666666, 20.930833333333336]}, "properties": {"station_code": "018-ERDBWN", "name": "Altuma", "type": "Base", "nearest_town": "", "warning_level": null, "danger_level": null, "frl": null, "mwl": null, "highest_flow_level": 51.08}}, {"type": "Feature", "geometry": {"type": "Point", "coordinates": [78.21833333333333, 30.051666666666666]}, "properties": {"station_code": "018-HGDDDN", "name": "Satyanarayan", "type": "Base", "nearest_town": null, "warning_level": 337.2, "danger_level": 338.2, "frl": null, "mwl": null, "highest_flow_level": 340.3}}, {"type": "Feature", "geometry": {"type": "Point", "coordinates": [79.68055555555556, 11.983055555555556]}, "properties": {"station_code": "018-HYDCHENNAI", "name": "Kumarapalayam", "type": "Base", "nearest_town": "", "warning_level": 13.755, "danger_level": 14.755, "frl": null, "mwl": null, "highest_flow_level": 15.545}}, {"type": "Feature", "geometry": {"type": "Point", "coordinates": [89.00027777777778, 26.86388888888889]}, "properties": {"station_code": "018-LBDJPG", "name": "DIANA", "type": "Base", "nearest_town": "", "warning_level": null, "danger_level": null, "frl": null, "mwl": null, "highest_flow_level": 196.55}}, {"type": "Feature", "geometry": {"type": "Point", "coordinates": [87.83555555555554, 25.057222222222222]}, "properties": {"station_code": "018-LGD3BEH", "name": "RAJMAHAL (SEASONAL)", "type": "Base", "nearest_town": null, "warning_level": null, "danger_level": 25.99, "frl": null, "mwl": null, "highest_flow_level": 27.49}}, {"type": "Feature", "geometry": {"type": "Point", "coordinates": [80.81638888888888, 17.599722222222223]}, "properties": {"station_code": "018-LGDHYD", "name": "Sangam (Kinnerasani)", "type": "Base", "nearest_town": "", "warning_level": null, "danger_level": null, "frl": null, "mwl": null, "highest_flow_level": 57.3}}, {"type": "Feature", "geometry": {"type": "Point", "coordinates": [80.07305555555556, 16.79416666666667]}, "properties": {"station_code": "018-LKDHYD", "name": "Wadenepally", "type": "Base", "nearest_town": "", "warning_level": null, "danger_level": null, "frl": null, "mwl": null, "highest_flow_level": 42.494}}, {"type": "Feature", "geometry": {"type": "Point", "coordinates": [81.15444444444445, 25.387777777777778]}, "properties": {"station_code": "018-LYDAGRA", "name": "RAJAPUR", "type": "Base", "nearest_town": "", "warning_level": 92.5, "danger_level": 93.5, "frl": null, "mwl": null, "highest_flow_level": 96.37}}, {"type": "Feature", "geometry": {"type": "Point", "coordinates": [81.24111111111111, 21.22083333333333]}, "properties": {"station_code": "018-MDBURLA", "name": "Kotni", "type": "Base", "nearest_town": null, "warning_level": null, "danger_level": null, "frl": null, "mwl": null, "highest_flow_level": 280.08}}, {"type": "Feature", "geometry": {"type": "Point", "coordinates": [92.61361111111111, 24.60777777777778]}, "properties": {"station_code": "018-MDSIL", "name": "Lala", "type": "Base", "nearest_town": null, "warning_level": null, "danger_level": null, "frl": null, "mwl": null, "highest_flow_level": 24.94}}, {"type": "Feature", "geometry": {"type": "Point", "coordinates": [82.22944444444444, 27.435277777777777]}, "properties": {"station_code": "018-MGD1LKN", "name": "Balrampur", "type": "Level", "nearest_town": "Balrampur", "warning_level": 103.62, "danger_level": 104.62, "frl": null, "mwl": null, "highest_flow_level": 106.07}}, {"type": "Feature", "geometry": {"type": "Point", "coordinates": [80.85944444444443, 26.041944444444447]}, "properties": {"station_code": "018-MGD2LKN", "name": "Bhitaura", "type": "Base", "nearest_town": "", "warning_level": 99.86, "danger_level": 100.86, "frl": null, "mwl": null, "highest_flow_level": 101.98}}, {"type": "Feature", "geometry": {"type": "Point", "coordinates": [82.8611111111111, 25.63888888888889]}, "properties": {"station_code": "018-MGD3VNS", "name": "MAIGHAT", "type": "Base", "nearest_town": "", "warning_level": 71.46, "danger_level": 72.46, "frl": null, "mwl": null, "highest_flow_level": 74.96}}, {"type": "Feature", "geometry": {"type": "Point", "coordinates": [85.88722222222223, 26.036944444444448]}, "properties": {"station_code": "018-MGD4PTN", "name": "Hayaghat", "type": "Level", "nearest_town": "", "warning_level": 44.72, "danger_level": 45.72, "frl": null, "mwl": null, "highest_flow_level": 48.96}}, {"type": "Feature", "geometry": {"type": "Point", "coordinates": [86.07027777777778, 25.21333333333333]}, "properties": {"station_code": "018-MGD5PTN", "name": "Mankatha", "type": "Base", "nearest_town": "", "warning_level": 39.786, "danger_level": 40.78, "frl": null, "mwl": null, "highest_flow_level": 42.88}}, {"type": "Feature", "geometry": {"type": "Point", "coordinates": [76.0436111111111, 22.223055555555554]}, "properties": {"station_code": "018-NDBHP", "name": "Mortakka", "type": "Base", "nearest_town": "", "warning_level": 163.0, "danger_level": 163.98, "frl": null, "mwl": null, "highest_flow_level": 173.736}}, {"type": "Feature", "geometry": {"type": "Point", "coordinates": [78.58638888888889, 9.553333333333335]}, "properties": {"station_code": "018-SRDCBE", "name": "PARAMAKUDI", "type": "Base", "nearest_town": "", "warning_level": 39.6, "danger_level": 40.5, "frl": null, "mwl": null, "highest_flow_level": 41.475}}, {"type": "Feature", "geometry": {"type": "Point", "coordinates": [76.66388888888889, 9.329166666666666]}, "properties": {"station_code": "018-SWRDKOCHI", "name": "MALAKKARA", "type": "Level", "nearest_town": "", "warning_level": 6.0, "danger_level": 7.0, "frl": null, "mwl": null, "highest_flow_level": 9.58}}, {"type": "Feature", "geometry": {"type": "Point", "coordinates": [75.23194444444445, 21.149444444444445]}, "properties": {"station_code": "018-TDSURAT", "name": "SAVKHEDA", "type": "Base", "nearest_town": null, "warning_level": 155.0, "danger_level": 156.0, "frl": null, "mwl": null, "highest_flow_level": 166.08}}, {"type": "Feature", "geometry": {"type": "Point", "coordinates": [94.57916666666667, 26.981666666666666]}, "properties": {"station_code": "018-UBDDIB", "name": "Sivasagar", "type": "Level", "nearest_town": "", "warning_level": 91.4, "danger_level": 92.4, "frl": null, "mwl": null, "highest_flow_level": 94.35}}, {"type": "Feature", "geometry": {"type": "Point", "coordinates": [77.93, 17.75]}, "properties": {"station_code": "018-UGDHYD", "name": "Singur Reservoir", "type": "Inflow", "nearest_town": "Sangareddy", "warning_level": null, "danger_level": null, "frl": 523.6, "mwl": 523.6, "highest_flow_level": null}}, {"type": "Feature", "geometry": {"type": "Point", "coordinates": [75.63722222222223, 17.28638888888889]}, "properties": {"station_code": "018-UKDPUNE", "name": "Kokangaon", "type": "Base", "nearest_town": "", "warning_level": 456.5, "danger_level": 457.6, "frl": null, "mwl": null, "highest_flow_level": 458.6}}, {"type": "Feature", "geometry": {"type": "Point", "coordinates": [77.71361111111112, 27.4425]}, "properties": {"station_code": "018-UYDDEL", "name": "Mathura (Gokul Barrage)", "type": "Base", "nearest_town": "", "warning_level": null, "danger_level": null, "frl": null, "mwl": null, "highest_flow_level": 166.5}}, {"type": "Feature", "geometry": {"type": "Point", "coordinates": [79.61166666666666, 19.559166666666666]}, "properties": {"station_code": "018-WGDNGP", "name": "Sakmur", "type": "Base", "nearest_town": "", "warning_level": null, "danger_level": null, "frl": null, "mwl": null, "highest_flow_level": 161.42}}, {"type": "Feature", "geometry": {"type": "Point", "coordinates": [72.85388888888889, 24.004444444444445]}, "properties": {"station_code": "018MAHGAND", "name": "Dharoi Dam", "type": "Inflow", "nearest_town": "", "warning_level": null, "danger_level": null, "frl": null, "mwl": null, "highest_flow_level": null}}, {"type": "Feature", "geometry": {"type": "Point", "coordinates": [77.42805555555556, 12.507222222222222]}, "properties": {"station_code": "019-CDBNG", "name": "T. BEKKUPE", "type": "Base", "nearest_town": null, "warning_level": 607.0, "danger_level": 608.0, "frl": null, "mwl": null, "highest_flow_level": 610.52}}, {"type": "Feature", "geometry": {"type": "Point", "coordinates": [77.10777777777777, 24.34611111111111]}, "properties": {"station_code": "019-CDJAPR", "name": "A.B.Road X-ing", "type": "Base", "nearest_town": "", "warning_level": 400.0, "danger_level": 401.0, "frl": null, "mwl": null, "highest_flow_level": 403.0}}, {"type": "Feature", "geometry": {"type": "Point", "coordinates": [76.97194444444445, 32.54611111111111]}, "properties": {"station_code": "019-CHEJMU", "name": "GHOUSHAL", "type": "Base", "nearest_town": null, "warning_level": null, "danger_level": null, "frl": null, "mwl": null, "highest_flow_level": 2855.53}}, {"type": "Feature", "geometry": {"type": "Point", "coordinates": [84.80222222222221, 22.22694444444444]}, "properties": {"station_code": "019-ERDBWN", "name": "Panposh", "type": "Base", "nearest_town": null, "warning_level": null, "danger_level": null, "frl": null, "mwl": null, "highest_flow_level": 181.44}}, {"type": "Feature", "geometry": {"type": "Point", "coordinates": [78.31638888888888, 30.610833333333336]}, "properties": {"station_code": "019-HGDDDN", "name": "Dharasu", "type": "Base", "nearest_town": null, "warning_level": 835.0, "danger_level": 836.0, "frl": null, "mwl": null, "highest_flow_level": 841.6}}, {"type": "Feature", "geometry": {"type": "Point", "coordinates": [79.45944444444444, 11.870555555555557]}, "properties": {"station_code": "019-HYDCHENNAI", "name": "Villupuram", "type": "Base", "nearest_town": "", "warning_level": 43.0, "danger_level": 44.0, "frl": null, "mwl": null, "highest_flow_level": 45.7}}, {"type": "Feature", "geometry": {"type": "Point", "coordinates": [88.61166666666666, 26.872222222222224]}, "properties": {"station_code": "019-LBDJPG", "name": "GHISH", "type": "Base", "nearest_town": "", "warning_level": null, "danger_level": null, "frl": null, "mwl": null, "highest_flow_level": 164.8}}, {"type": "Feature", "geometry": {"type": "Point", "coordinates": [88.08277777777778, 25.184722222222224]}, "properties": {"station_code": "019-LGD3BEH", "name": "BAHIRGACHI", "type": "Base", "nearest_town": null, "warning_level": null, "danger_level": null, "frl": null, "mwl": null, "highest_flow_level": 24.64}}, {"type": "Feature", "geometry": {"type": "Point", "coordinates": [80.82166666666666, 17.59361111111111]}, "properties": {"station_code": "019-LGDHYD", "name": "Sangam (Murredu)", "type": "Base", "nearest_town": "", "warning_level": null, "danger_level": null, "frl": null, "mwl": null, "highest_flow_level": 57.48}}, {"type": "Feature", "geometry": {"type": "Point", "coordinates": [79.66972222222223, 16.739166666666666]}, "properties": {"station_code": "019-LKDHYD", "name": "Dameracherla", "type": "Base", "nearest_town": "", "warning_level": null, "danger_level": 62.04, "frl": null, "mwl": null, "highest_flow_level": 62.5}}, {"type": "Feature", "geometry": {"type": "Point", "coordinates": [81.56555555555555, 25.299444444444447]}, "properties": {"station_code": "019-LYDAGRA", "name": "PRATAPPUR", "type": "Base", "nearest_town": "", "warning_level": 88.0, "danger_level": 89.0, "frl": null, "mwl": null, "highest_flow_level": 90.298}}, {"type": "Feature", "geometry": {"type": "Point", "coordinates": [91.65277777777779, 23.528333333333332]}, "properties": {"station_code": "019-MBDGHY", "name": "Amarpur", "type": "Base", "nearest_town": "", "warning_level": 30.5, "danger_level": 31.5, "frl": null, "mwl": null, "highest_flow_level": 33.1}}, {"type": "Feature", "geometry": {"type": "Point", "coordinates": [81.68472222222222, 21.63277777777778]}, "properties": {"station_code": "019-MDBURLA", "name": "Simga", "type": "Base", "nearest_town": null, "warning_level": null, "danger_level": null, "frl": null, "mwl": null, "highest_flow_level": 257.68}}, {"type": "Feature", "geometry": {"type": "Point", "coordinates": [92.31388888888888, 24.578055555555554]}, "properties": {"station_code": "019-MDSIL", "name": "Patharkandi", "type": "Base", "nearest_town": null, "warning_level": null, "danger_level": null, "frl": null, "mwl": null, "highest_flow_level": 23.52}}, {"type": "Feature", "geometry": {"type": "Point", "coordinates": [82.94, 27.189166666666665]}, "properties": {"station_code": "019-MGD1LKN", "name": "Bansi ", "type": "Level", "nearest_town": "Bansi ", "warning_level": 83.9, "danger_level": 84.9, "frl": null, "mwl": null, "highest_flow_level": 86.27}}, {"type": "Feature", "geometry": {"type": "Point", "coordinates": [79.32916666666667, 27.23611111111111]}, "properties": {"station_code": "019-MGD2LKN", "name": "Bewar", "type": "Base", "nearest_town": "", "warning_level": null, "danger_level": null, "frl": null, "mwl": null, "highest_flow_level": 143.5}}, {"type": "Feature", "geometry": {"type": "Point", "coordinates": [82.54861111111111, 26.429166666666667]}, "properties": {"station_code": "019-MGD3VNS", "name": "Akbarpur", "type": "Base", "nearest_town": "", "warning_level": 82.85, "danger_level": 83.85, "frl": null, "mwl": 81.182, "highest_flow_level": 86.35}}, {"type": "Feature", "geometry": {"type": "Point", "coordinates": [85.85305555555556, 26.418055555555558]}, "properties": {"station_code": "019-MGD4PTN", "name": "Saulighat", "type": "Base", "nearest_town": "", "warning_level": 51.37, "danger_level": 52.37, "frl": null, "mwl": null, "highest_flow_level": 55.1}}, {"type": "Feature", "geometry": {"type": "Point", "coordinates": [84.31138888888889, 24.858611111111113]}, "properties": {"station_code": "019-MGD5PTN", "name": "Palmerganj", "type": "Base", "nearest_town": "", "warning_level": 96.5, "danger_level": 97.5, "frl": null, "mwl": null, "highest_flow_level": 99.13}}, {"type": "Feature", "geometry": {"type": "Point", "coordinates": [78.79194444444444, 22.92388888888889]}, "properties": {"station_code": "019-NDBHP", "name": "Gadarwara", "type": "Base", "nearest_town": null, "warning_level": 332.0, "danger_level": 334.0, "frl": null, "mwl": null, "highest_flow_level": 332.47}}, {"type": "Feature", "geometry": {"type": "Point", "coordinates": [77.99055555555556, 9.324166666666667]}, "properties": {"station_code": "019-SRDCBE", "name": "IRRUKKANKUDI", "type": "Base", "nearest_town": "", "warning_level": 49.9, "danger_level": 50.5, "frl": null, "mwl": null, "highest_flow_level": 51.695}}, {"type": "Feature", "geometry": {"type": "Point", "coordinates": [76.7611111111111, 9.072777777777777]}, "properties": {"station_code": "019-SWRDKOCHI", "name": "PATTAZHY", "type": "Base", "nearest_town": "", "warning_level": 7.0, "danger_level": 8.0, "frl": null, "mwl": null, "highest_flow_level": 13.805}}, {"type": "Feature", "geometry": {"type": "Point", "coordinates": [74.80916666666667, 21.294722222222223]}, "properties": {"station_code": "019-TDSURAT", "name": "GIDHADE", "type": "Base", "nearest_town": null, "warning_level": 137.0, "danger_level": 138.0, "frl": null, "mwl": null, "highest_flow_level": 144.89}}, {"type": "Feature", "geometry": {"type": "Point", "coordinates": [94.25166666666667, 26.860555555555557]}, "properties": {"station_code": "019-UBDDIB", "name": "Neamatighat", "type": "Level", "nearest_town": "", "warning_level": 84.54, "danger_level": 85.54, "frl": null, "mwl": null, "highest_flow_level": 87.47}}, {"type": "Feature", "geometry": {"type": "Point", "coordinates": [77.96000000000001, 18.22]}, "properties": {"station_code": "019-UGDHYD", "name": "Nizamsagar Reservoir", "type": "Inflow", "nearest_town": "", "warning_level": null, "danger_level": null, "frl": 428.24, "mwl": 428.24, "highest_flow_level": null}}, {"type": "Feature", "geometry": {"type": "Point", "coordinates": [75.59416666666667, 17.36861111111111]}, "properties": {"station_code": "019-UKDPUNE", "name": "Shirdhon", "type": "Base", "nearest_town": "", "warning_level": 441.4, "danger_level": 442.1, "frl": null, "mwl": null, "highest_flow_level": 442.22}}, {"type": "Feature", "geometry": {"type": "Point", "coordinates": [77.43722222222223, 29.0825]}, "properties": {"station_code": "019-UYDDEL", "name": "Galeta", "type": "Base", "nearest_town": "", "warning_level": 214.0, "danger_level": 215.0, "frl": null, "mwl": null, "highest_flow_level": 217.72}}, {"type": "Feature", "geometry": {"type": "Point", "coordinates": [79.92722222222223, 20.912499999999998]}, "properties": {"station_code": "019-WGDNGP", "name": "Salebardi", "type": "Base", "nearest_town": "", "warning_level": null, "danger_level": null, "frl": null, "mwl": null, "highest_flow_level": 233.55}}, {"type": "Feature", "geometry": {"type": "Point", "coordinates": [72.80638888888889, 23.575277777777778]}, "properties": {"station_code": "019MAHGAND", "name": "Derol Bridge", "type": "Base", "nearest_town": "", "warning_level": 91.0, "danger_level": 92.0, "frl": null, "mwl": null, "highest_flow_level": 95.83}}, {"type": "Feature", "geometry": {"type": "Point", "coordinates": [77.19277777777778, 12.411944444444444]}, "properties": {"station_code": "020-CDBNG", "name": "T.K.HALLI", "type": "Base", "nearest_town": null, "warning_level": 585.0, "danger_level": 586.0, "frl": null, "mwl": null, "highest_flow_level": 588.05}}, {"type": "Feature", "geometry": {"type": "Point", "coordinates": [76.46805555555555, 23.580555555555556]}, "properties": {"station_code": "020-CDJAPR", "name": "Sarangpur", "type": "Base", "nearest_town": "", "warning_level": 420.0, "danger_level": 421.0, "frl": null, "mwl": null, "highest_flow_level": 420.75}}, {"type": "Feature", "geometry": {"type": "Point", "coordinates": [76.66280555555556, 32.721805555555555]}, "properties": {"station_code": "020-CHEJMU", "name": "UDAIPUR", "type": "Base", "nearest_town": null, "warning_level": null, "danger_level": null, "frl": null, "mwl": null, "highest_flow_level": 2609.15}}, {"type": "Feature", "geometry": {"type": "Point", "coordinates": [87.525, 23.94638888888889]}, "properties": {"station_code": "020-DDASL", "name": "Tilpara  Mihirlal Barrage", "type": "Inflow", "nearest_town": "", "warning_level": 62.484, "danger_level": 62.789, "frl": 62.79, "mwl": 61.789, "highest_flow_level": 67.053}}, {"type": "Feature", "geometry": {"type": "Point", "coordinates": [84.91277777777778, 21.834444444444443]}, "properties": {"station_code": "020-ERDBWN", "name": "Gomlai", "type": "Base", "nearest_town": null, "warning_level": null, "danger_level": null, "frl": null, "mwl": null, "highest_flow_level": 147.66}}, {"type": "Feature", "geometry": {"type": "Point", "coordinates": [78.63055555555555, 30.473055555555554]}, "properties": {"station_code": "020-HGDDDN", "name": "Chamiyala", "type": "Base", "nearest_town": null, "warning_level": 924.0, "danger_level": 925.0, "frl": null, "mwl": null, "highest_flow_level": 926.8}}, {"type": "Feature", "geometry": {"type": "Point", "coordinates": [79.47222222222223, 11.422222222222222]}, "properties": {"station_code": "020-HYDCHENNAI", "name": "Kudalaiyathur", "type": "Base", "nearest_town": "", "warning_level": 17.3, "danger_level": 18.3, "frl": null, "mwl": null, "highest_flow_level": 18.892}}, {"type": "Feature", "geometry": {"type": "Point", "coordinates": [88.77333333333333, 26.879166666666666]}, "properties": {"station_code": "020-LBDJPG", "name": "NEORA", "type": "Base", "nearest_town": "", "warning_level": null, "danger_level": null, "frl": null, "mwl": null, "highest_flow_level": 166.7}}, {"type": "Feature", "geometry": {"type": "Point", "coordinates": [88.05749999999999, 25.534722222222225]}, "properties": {"station_code": "020-LGD3BEH", "name": "BARIOL", "type": "Base", "nearest_town": null, "warning_level": null, "danger_level": null, "frl": null, "mwl": null, "highest_flow_level": 29.25}}, {"type": "Feature", "geometry": {"type": "Point", "coordinates": [81.66250000000001, 18.384444444444444]}, "properties": {"station_code": "020-LGDHYD", "name": "Sukma", "type": "Base", "nearest_town": "", "warning_level": 198.065, "danger_level": 199.565, "frl": null, "mwl": null, "highest_flow_level": 203.4}}, {"type": "Feature", "geometry": {"type": "Point", "coordinates": [80.17166666666667, 17.015555555555554]}, "properties": {"station_code": "020-LKDHYD", "name": "Polampalli", "type": "Base", "nearest_town": "", "warning_level": null, "danger_level": null, "frl": null, "mwl": null, "highest_flow_level": 72.96}}, {"type": "Feature", "geometry": {"type": "Point", "coordinates": [81.84722222222221, 25.426111111111112]}, "properties": {"station_code": "020-LYDAGRA", "name": "NAINI", "type": "Level", "nearest_town": "Chillaghat", "warning_level": 83.74, "danger_level": 84.74, "frl": null, "mwl": null, "highest_flow_level": 87.99}}, {"type": "Feature", "geometry": {"type": "Point", "coordinates": [72.58555555555554, 23.06138888888889]}, "properties": {"station_code": "020-MAHGAND", "name": "Subhash Bridge", "type": "Level", "nearest_town": "", "warning_level": 44.09, "danger_level": 45.34, "frl": null, "mwl": null, "highest_flow_level": 47.45}}, {"type": "Feature", "geometry": {"type": "Point", "coordinates": [82.33833333333332, 21.716944444444444]}, "properties": {"station_code": "020-MDBURLA", "name": "Jondhra", "type": "Base", "nearest_town": null, "warning_level": null, "danger_level": null, "frl": null, "mwl": null, "highest_flow_level": 230.595}}, {"type": "Feature", "geometry": {"type": "Point", "coordinates": [92.2175, 24.503055555555555]}, "properties": {"station_code": "020-MDSIL", "name": "Kadamtala", "type": "Base", "nearest_town": null, "warning_level": null, "danger_level": null, "frl": null, "mwl": null, "highest_flow_level": 17.95}}, {"type": "Feature", "geometry": {"type": "Point", "coordinates": [83.3261111111111, 26.852777777777778]}, "properties": {"station_code": "020-MGD1LKN", "name": "Maniram", "type": "Base", "nearest_town": "", "warning_level": 77.16, "danger_level": 78.16, "frl": null, "mwl": null, "highest_flow_level": 78.65}}, {"type": "Feature", "geometry": {"type": "Point", "coordinates": [78.76527777777778, 28.795555555555556]}, "properties": {"station_code": "020-MGD2LKN", "name": "Gagan Moradabad", "type": "Base", "nearest_town": null, "warning_level": null, "danger_level": null, "frl": null, "mwl": null, "highest_flow_level": 191.2}}, {"type": "Feature", "geometry": {"type": "Point", "coordinates": [80.90666666666667, 24.54888888888889]}, "properties": {"station_code": "020-MGD3VNS", "name": "SATNA", "type": "Base", "nearest_town": "", "warning_level": 295.77, "danger_level": 296.77, "frl": null, "mwl": null, "highest_flow_level": 299.27}}, {"type": "Feature", "geometry": {"type": "Point", "coordinates": [86.14750000000001, 26.59]}, "properties": {"station_code": "020-MGD4PTN", "name": "Jainagar", "type": "Level", "nearest_town": "", "warning_level": 67.5, "danger_level": 68.5, "frl": null, "mwl": null, "highest_flow_level": 71.35}}, {"type": "Feature", "geometry": {"type": "Point", "coordinates": [84.82583333333334, 25.218055555555555]}, "properties": {"station_code": "020-MGD5PTN", "name": "Kinjer", "type": "Base", "nearest_town": "", "warning_level": 64.0, "danger_level": 65.0, "frl": null, "mwl": null, "highest_flow_level": 67.95}}, {"type": "Feature", "geometry": {"type": "Point", "coordinates": [79.33999999999999, 22.928055555555556]}, "properties": {"station_code": "020-NDBHP", "name": "Belkhedi", "type": "Base", "nearest_town": null, "warning_level": 349.0, "danger_level": 350.0, "frl": null, "mwl": null, "highest_flow_level": 359.95}}, {"type": "Feature", "geometry": {"type": "Point", "coordinates": [77.64861111111112, 8.901388888888889]}, "properties": {"station_code": "020-SRDCBE", "name": "A.P.PURAM", "type": "Base", "nearest_town": null, "warning_level": 67.4, "danger_level": 68.5, "frl": null, "mwl": null, "highest_flow_level": 69.57}}, {"type": "Feature", "geometry": {"type": "Point", "coordinates": [76.7, 9.227777777777778]}, "properties": {"station_code": "020-SWRDKOCHI", "name": "THUMPAMON", "type": "Base", "nearest_town": "", "warning_level": 9.0, "danger_level": 10.0, "frl": null, "mwl": null, "highest_flow_level": 13.735}}, {"type": "Feature", "geometry": {"type": "Point", "coordinates": [74.52722222222222, 21.428333333333335]}, "properties": {"station_code": "020-TDSURAT", "name": "SARANGKHEDA", "type": "Base", "nearest_town": "", "warning_level": 132.05, "danger_level": 132.5, "frl": null, "mwl": null, "highest_flow_level": 127.08}}, {"type": "Feature", "geometry": {"type": "Point", "coordinates": [94.22333333333333, 27.993333333333336]}, "properties": {"station_code": "020-UBDDIB", "name": "Daporizo", "type": "Base", "nearest_town": "", "warning_level": 208.55, "danger_level": 209.55, "frl": null, "mwl": null, "highest_flow_level": 213.9}}, {"type": "Feature", "geometry": {"type": "Point", "coordinates": [77.5775, 18.545555555555556]}, "properties": {"station_code": "020-UGDHYD", "name": "Degloor", "type": "Base", "nearest_town": "", "warning_level": 362.85, "danger_level": 363.85, "frl": null, "mwl": null, "highest_flow_level": 364.85}}, {"type": "Feature", "geometry": {"type": "Point", "coordinates": [76.28444444444445, 16.483611111111113]}, "properties": {"station_code": "020-UKDPUNE", "name": "Talikot", "type": "Base", "nearest_town": null, "warning_level": 498.0, "danger_level": 499.25, "frl": null, "mwl": null, "highest_flow_level": 503.475}}, {"type": "Feature", "geometry": {"type": "Point", "coordinates": [76.74388888888889, 28.20138888888889]}, "properties": {"station_code": "020-UYDDEL", "name": "Masani", "type": "Base", "nearest_town": "", "warning_level": 240.5, "danger_level": 241.5, "frl": null, "mwl": null, "highest_flow_level": 242.58}}, {"type": "Feature", "geometry": {"type": "Point", "coordinates": [80.09166666666667, 20.421944444444446]}, "properties": {"station_code": "020-WGDNGP", "name": "Wairagarh", "type": "Base", "nearest_town": "", "warning_level": null, "danger_level": null, "frl": null, "mwl": null, "highest_flow_level": 217.38}}, {"type": "Feature", "geometry": {"type": "Point", "coordinates": [76.03777777777778, 12.985277777777776]}, "properties": {"station_code": "021-CDBNG", "name": "THIMMANAHALLI", "type": "Base", "nearest_town": null, "warning_level": 912.36, "danger_level": 913.86, "frl": null, "mwl": null, "highest_flow_level": 912.725}}, {"type": "Feature", "geometry": {"type": "Point", "coordinates": [76.29777777777778, 24.961111111111112]}, "properties": {"station_code": "021-CDJAPR", "name": "Sangod", "type": "Base", "nearest_town": "", "warning_level": 254.0, "danger_level": 256.0, "frl": null, "mwl": null, "highest_flow_level": 256.681}}, {"type": "Feature", "geometry": {"type": "Point", "coordinates": [76.98, 32.55027777777777]}, "properties": {"station_code": "021-CHEJMU", "name": "TANDI", "type": "Base", "nearest_town": null, "warning_level": null, "danger_level": null, "frl": null, "mwl": null, "highest_flow_level": 2855.31}}, {"type": "Feature", "geometry": {"type": "Point", "coordinates": [87.27111111111111, 24.044722222222223]}, "properties": {"station_code": "021-DDASL", "name": "TANTLOI", "type": "Base", "nearest_town": "", "warning_level": 94.406, "danger_level": 95.406, "frl": null, "mwl": null, "highest_flow_level": 100.425}}, {"type": "Feature", "geometry": {"type": "Point", "coordinates": [85.03055555555555, 21.273055555555555]}, "properties": {"station_code": "021-ERDBWN", "name": "Rengali D/S", "type": "Base", "nearest_town": null, "warning_level": null, "danger_level": null, "frl": null, "mwl": null, "highest_flow_level": 92.25}}, {"type": "Feature", "geometry": {"type": "Point", "coordinates": [79.30944444444444, 30.33111111111111]}, "properties": {"station_code": "021-HGDDDN", "name": "Nandprayag", "type": "Base", "nearest_town": null, "warning_level": 853.7, "danger_level": 854.7, "frl": null, "mwl": null, "highest_flow_level": 856.3}}, {"type": "Feature", "geometry": {"type": "Point", "coordinates": [79.75138888888888, 11.002222222222223]}, "properties": {"station_code": "021-HYDCHENNAI", "name": "Nallathur", "type": "Base", "nearest_town": "", "warning_level": null, "danger_level": null, "frl": null, "mwl": null, "highest_flow_level": 5.665}}, {"type": "Feature", "geometry": {"type": "Point", "coordinates": [88.58222222222221, 26.72972222222222]}, "properties": {"station_code": "021-LBDJPG", "name": "Gazoldoba", "type": "Base", "nearest_town": null, "warning_level": null, "danger_level": null, "frl": null, "mwl": null, "highest_flow_level": 111.4}}, {"type": "Feature", "geometry": {"type": "Point", "coordinates": [87.82777777777777, 25.315555555555555]}, "properties": {"station_code": "021-LGD3BEH", "name": "BHALUKA", "type": "Base", "nearest_town": null, "warning_level": 26.94, "danger_level": 27.94, "frl": null, "mwl": null, "highest_flow_level": 27.94}}, {"type": "Feature", "geometry": {"type": "Point", "coordinates": [81.79805555555555, 18.189444444444444]}, "properties": {"station_code": "021-LGDHYD", "name": "Potteru (Potteruvagu)", "type": "Base", "nearest_town": null, "warning_level": 126.5, "danger_level": 127.5, "frl": null, "mwl": null, "highest_flow_level": 132.03}}, {"type": "Feature", "geometry": {"type": "Point", "coordinates": [80.32027777777778, 16.71472222222222]}, "properties": {"station_code": "021-LKDHYD", "name": "Keesara", "type": "Base", "nearest_town": "", "warning_level": null, "danger_level": null, "frl": null, "mwl": null, "highest_flow_level": 35.72}}, {"type": "Feature", "geometry": {"type": "Point", "coordinates": [92.35666666666665, 24.878611111111113]}, "properties": {"station_code": "021-MBDGHY", "name": "Karimganj", "type": "Level", "nearest_town": "Karimganj", "warning_level": 13.94, "danger_level": 14.94, "frl": null, "mwl": null, "highest_flow_level": 16.57}}, {"type": "Feature", "geometry": {"type": "Point", "coordinates": [82.22166666666666, 22.048611111111114]}, "properties": {"station_code": "021-MDBURLA", "name": "Ghatora", "type": "Base", "nearest_town": null, "warning_level": null, "danger_level": null, "frl": null, "mwl": null, "highest_flow_level": 254.65}}, {"type": "Feature", "geometry": {"type": "Point", "coordinates": [92.41111111111111, 24.783055555555556]}, "properties": {"station_code": "021-MDSIL", "name": "Kaliganj", "type": "Base", "nearest_town": null, "warning_level": null, "danger_level": null, "frl": null, "mwl": null, "highest_flow_level": 19.88}}, {"type": "Feature", "geometry": {"type": "Point", "coordinates": [83.42, 27.11777777777778]}, "properties": {"station_code": "021-MGD1LKN", "name": "Trimohinighat", "type": "Base", "nearest_town": "", "warning_level": 81.44, "danger_level": 82.44, "frl": null, "mwl": null, "highest_flow_level": 85.45}}, {"type": "Feature", "geometry": {"type": "Point", "coordinates": [79.2611111111111, 29.696944444444444]}, "properties": {"station_code": "021-MGD2LKN", "name": "Bhikiasen", "type": "Base", "nearest_town": null, "warning_level": 790.0, "danger_level": 791.0, "frl": null, "mwl": null, "highest_flow_level": 790.95}}, {"type": "Feature", "geometry": {"type": "Point", "coordinates": [82.03777777777778, 25.2375]}, "properties": {"station_code": "021-MGD3VNS", "name": "Mejaroad", "type": "Base", "nearest_town": "", "warning_level": 83.68, "danger_level": 84.68, "frl": null, "mwl": null, "highest_flow_level": 87.18}}, {"type": "Feature", "geometry": {"type": "Point", "coordinates": [86.25611111111111, 26.22694444444444]}, "properties": {"station_code": "021-MGD4PTN", "name": "Jhanjharpur", "type": "Level", "nearest_town": "", "warning_level": 49.5, "danger_level": 50.5, "frl": null, "mwl": null, "highest_flow_level": 53.11}}, {"type": "Feature", "geometry": {"type": "Point", "coordinates": [85.12083333333332, 25.50138888888889]}, "properties": {"station_code": "021-MGD5PTN", "name": "Sripalpur", "type": "Level", "nearest_town": "", "warning_level": 49.6, "danger_level": 50.6, "frl": null, "mwl": null, "highest_flow_level": 53.91}}, {"type": "Feature", "geometry": {"type": "Point", "coordinates": [74.85166666666666, 22.205555555555556]}, "properties": {"station_code": "021-NDBHP", "name": "Dhulsar", "type": "Base", "nearest_town": null, "warning_level": 157.0, "danger_level": 158.0, "frl": null, "mwl": null, "highest_flow_level": 159.215}}, {"type": "Feature", "geometry": {"type": "Point", "coordinates": [77.835, 8.714444444444444]}, "properties": {"station_code": "021-SRDCBE", "name": "MURAPPANADU", "type": "Base", "nearest_town": "", "warning_level": 19.5, "danger_level": 20.5, "frl": null, "mwl": null, "highest_flow_level": 23.66}}, {"type": "Feature", "geometry": {"type": "Point", "coordinates": [76.85416666666666, 8.715277777777777]}, "properties": {"station_code": "021-SWRDKOCHI", "name": "AYILAM ", "type": "Base", "nearest_town": "", "warning_level": 6.0, "danger_level": 8.5, "frl": null, "mwl": null, "highest_flow_level": 10.685}}, {"type": "Feature", "geometry": {"type": "Point", "coordinates": [73.58999999999999, 21.25]}, "properties": {"station_code": "021-TDSURAT", "name": "Ukai Reservoir", "type": "Inflow", "nearest_town": "Songarh", "warning_level": 103.32, "danger_level": 105.15, "frl": 105.156, "mwl": 105.539, "highest_flow_level": 105.539}}, {"type": "Feature", "geometry": {"type": "Point", "coordinates": [94.25, 27.448888888888888]}, "properties": {"station_code": "021-UBDDIB", "name": "Chouldhowaghat", "type": "Level", "nearest_town": "", "warning_level": 99.43, "danger_level": 100.43, "frl": null, "mwl": null, "highest_flow_level": 101.31}}, {"type": "Feature", "geometry": {"type": "Point", "coordinates": [77.525, 18.71222222222222]}, "properties": {"station_code": "021-UGDHYD", "name": "Betmogra", "type": "Base", "nearest_town": null, "warning_level": 365.5, "danger_level": 366.5, "frl": null, "mwl": null, "highest_flow_level": 367.5}}, {"type": "Feature", "geometry": {"type": "Point", "coordinates": [73.28305555555555, 18.231388888888887]}, "properties": {"station_code": "021-UKDPUNE", "name": "Mangaon", "type": "Level", "nearest_town": null, "warning_level": 9.255, "danger_level": 10.255, "frl": null, "mwl": null, "highest_flow_level": 10.565}}, {"type": "Feature", "geometry": {"type": "Point", "coordinates": [76.79027777777777, 28.504722222222224]}, "properties": {"station_code": "021-UYDDEL", "name": "Dadri", "type": "Base", "nearest_town": "", "warning_level": 212.5, "danger_level": 213.5, "frl": null, "mwl": null, "highest_flow_level": 214.98}}, {"type": "Feature", "geometry": {"type": "Point", "coordinates": [79.66611111111112, 20.19361111111111]}, "properties": {"station_code": "021-WGDNGP", "name": "Rajoli", "type": "Base", "nearest_town": "", "warning_level": null, "danger_level": null, "frl": null, "mwl": null, "highest_flow_level": 191.72}}, {"type": "Feature", "geometry": {"type": "Point", "coordinates": [76.98305555555555, 32.533055555555556]}, "properties": {"station_code": "021CHEJMU", "name": "Tandi", "type": "Base", "nearest_town": null, "warning_level": null, "danger_level": null, "frl": null, "mwl": null, "highest_flow_level": 2855.31}}, {"type": "Feature", "geometry": {"type": "Point", "coordinates": [72.535, 22.650277777777777]}, "properties": {"station_code": "021MAHGAND", "name": "Vautha", "type": "Base", "nearest_town": "", "warning_level": 24.0, "danger_level": 25.0, "frl": null, "mwl": null, "highest_flow_level": 26.55}}, {"type": "Feature", "geometry": {"type": "Point", "coordinates": [77.10194444444444, 12.189444444444444]}, "properties": {"station_code": "022-CDBNG", "name": "KOLLEGAL", "type": "Base", "nearest_town": null, "warning_level": 626.0, "danger_level": 627.0, "frl": null, "mwl": null, "highest_flow_level": 630.25}}, {"type": "Feature", "geometry": {"type": "Point", "coordinates": [76.66888888888889, 32.72638888888889]}, "properties": {"station_code": "022-CHEJMU", "name": "MIYAR NALLAH", "type": "Base", "nearest_town": null, "warning_level": null, "danger_level": null, "frl": null, "mwl": null, "highest_flow_level": 2616.97}}, {"type": "Feature", "geometry": {"type": "Point", "coordinates": [87.91555555555556, 23.884166666666665]}, "properties": {"station_code": "022-DDASL", "name": "Narayanpur", "type": "Level", "nearest_town": "", "warning_level": 26.988, "danger_level": 27.988, "frl": null, "mwl": null, "highest_flow_level": 29.69}}, {"type": "Feature", "geometry": {"type": "Point", "coordinates": [85.23666666666666, 20.91916666666667]}, "properties": {"station_code": "022-ERDBWN", "name": "Talcher", "type": "Base", "nearest_town": "", "warning_level": null, "danger_level": 62.91, "frl": null, "mwl": null, "highest_flow_level": 65.53}}, {"type": "Feature", "geometry": {"type": "Point", "coordinates": [79.41444444444446, 30.420555555555556]}, "properties": {"station_code": "022-HGDDDN", "name": "Pipalkoti", "type": "Base", "nearest_town": null, "warning_level": 1052.3, "danger_level": 1053.3, "frl": null, "mwl": null, "highest_flow_level": 1057.2}}, {"type": "Feature", "geometry": {"type": "Point", "coordinates": [79.7538888888889, 10.975]}, "properties": {"station_code": "022-HYDCHENNAI", "name": "Annavasal", "type": "Base", "nearest_town": "", "warning_level": null, "danger_level": null, "frl": null, "mwl": null, "highest_flow_level": 5.985}}, {"type": "Feature", "geometry": {"type": "Point", "coordinates": [88.76166666666667, 26.56277777777778]}, "properties": {"station_code": "022-LBDJPG", "name": "DOMOHANI", "type": "Level", "nearest_town": "Jalpaiguri", "warning_level": 85.65, "danger_level": 85.95, "frl": null, "mwl": null, "highest_flow_level": 89.3}}, {"type": "Feature", "geometry": {"type": "Point", "coordinates": [88.40416666666667, 22.888055555555557]}, "properties": {"station_code": "022-LGD3BEH", "name": "CHUCHURA", "type": "Base", "nearest_town": null, "warning_level": null, "danger_level": null, "frl": null, "mwl": null, "highest_flow_level": 7.42}}, {"type": "Feature", "geometry": {"type": "Point", "coordinates": [81.39277777777778, 17.79888888888889]}, "properties": {"station_code": "022-LGDHYD", "name": "Konta", "type": "Base", "nearest_town": "", "warning_level": 44.3, "danger_level": 48.3, "frl": null, "mwl": null, "highest_flow_level": 50.13}}, {"type": "Feature", "geometry": {"type": "Point", "coordinates": [80.35888888888888, 16.918055555555558]}, "properties": {"station_code": "022-LKDHYD", "name": "Madhira", "type": "Base", "nearest_town": null, "warning_level": null, "danger_level": null, "frl": null, "mwl": null, "highest_flow_level": 52.01}}, {"type": "Feature", "geometry": {"type": "Point", "coordinates": [79.75083333333333, 25.139722222222222]}, "properties": {"station_code": "022-LYDAGRA", "name": "KAIMAHA", "type": "Base", "nearest_town": "", "warning_level": 215.2, "danger_level": 216.2, "frl": null, "mwl": null, "highest_flow_level": 218.7}}, {"type": "Feature", "geometry": {"type": "Point", "coordinates": [73.19833333333334, 24.718888888888888]}, "properties": {"station_code": "022-MAHGAND", "name": "Sei Dam ", "type": "Base", "nearest_town": "", "warning_level": null, "danger_level": null, "frl": 517.93, "mwl": 519.11, "highest_flow_level": 519.15}}, {"type": "Feature", "geometry": {"type": "Point", "coordinates": [91.98944444444444, 23.996111111111112]}, "properties": {"station_code": "022-MBDGHY", "name": "Manughat", "type": "Base", "nearest_town": "", "warning_level": null, "danger_level": null, "frl": null, "mwl": null, "highest_flow_level": 48.04}}, {"type": "Feature", "geometry": {"type": "Point", "coordinates": [83.21944444444445, 20.198611111111113]}, "properties": {"station_code": "022-MDBURLA", "name": "Kesinga", "type": "Base", "nearest_town": null, "warning_level": null, "danger_level": null, "frl": null, "mwl": null, "highest_flow_level": 178.835}}, {"type": "Feature", "geometry": {"type": "Point", "coordinates": [91.36638888888888, 23.485555555555557]}, "properties": {"station_code": "022-MDSIL", "name": "Sonamura-II", "type": "Base", "nearest_town": null, "warning_level": null, "danger_level": null, "frl": null, "mwl": null, "highest_flow_level": 18.67}}, {"type": "Feature", "geometry": {"type": "Point", "coordinates": [83.21222222222222, 27.016111111111112]}, "properties": {"station_code": "022-MGD1LKN", "name": "Regauli", "type": "Base", "nearest_town": "", "warning_level": 79.3, "danger_level": 80.3, "frl": null, "mwl": null, "highest_flow_level": 82.12}}, {"type": "Feature", "geometry": {"type": "Point", "coordinates": [78.98611111111111, 28.78666666666667]}, "properties": {"station_code": "022-MGD2LKN", "name": "Rampur", "type": "Base", "nearest_town": null, "warning_level": null, "danger_level": null, "frl": null, "mwl": null, "highest_flow_level": 187.9}}, {"type": "Feature", "geometry": {"type": "Point", "coordinates": [78.9863888888889, 28.78638888888889]}, "properties": {"station_code": "022-MGD2LKN-GP", "name": "Rampur-GP", "type": "Base", "nearest_town": null, "warning_level": null, "danger_level": null, "frl": null, "mwl": null, "highest_flow_level": null}}, {"type": "Feature", "geometry": {"type": "Point", "coordinates": [83.32666666666667, 25.209166666666665]}, "properties": {"station_code": "022-MGD3VNS", "name": "NARHAN", "type": "Base", "nearest_town": "", "warning_level": 72.23, "danger_level": 73.23, "frl": null, "mwl": null, "highest_flow_level": 75.73}}, {"type": "Feature", "geometry": {"type": "Point", "coordinates": [86.93138888888889, 26.52]}, "properties": {"station_code": "022-MGD4PTN", "name": "Birpur", "type": "Base", "nearest_town": "", "warning_level": 75.0, "danger_level": 76.0, "frl": null, "mwl": null, "highest_flow_level": 76.14}}, {"type": "Feature", "geometry": {"type": "Point", "coordinates": [83.97583333333334, 24.566944444444445]}, "properties": {"station_code": "022-MGD5PTN", "name": "Japla", "type": "Base", "nearest_town": "", "warning_level": 124.09, "danger_level": 125.09, "frl": null, "mwl": null, "highest_flow_level": 128.04}}, {"type": "Feature", "geometry": {"type": "Point", "coordinates": [93.09777777777778, 22.791111111111114]}, "properties": {"station_code": "022-NEID2", "name": "PANGKHUAH", "type": "Base", "nearest_town": "", "warning_level": null, "danger_level": null, "frl": null, "mwl": null, "highest_flow_level": null}}, {"type": "Feature", "geometry": {"type": "Point", "coordinates": [77.58916666666666, 10.053333333333335]}, "properties": {"station_code": "022-SRDCBE", "name": "Vaigai Reservoir", "type": "Inflow", "nearest_town": "theni", "warning_level": null, "danger_level": null, "frl": 279.2, "mwl": null, "highest_flow_level": null}}, {"type": "Feature", "geometry": {"type": "Point", "coordinates": [77.18861111111111, 8.302222222222223]}, "properties": {"station_code": "022-SWRDKOCHI", "name": "KUZHITHURAI", "type": "Base", "nearest_town": null, "warning_level": 2.5, "danger_level": 3.5, "frl": null, "mwl": null, "highest_flow_level": 8.83}}, {"type": "Feature", "geometry": {"type": "Point", "coordinates": [73.02527777777777, 21.297222222222224]}, "properties": {"station_code": "022-TDSURAT", "name": "GHALA", "type": "Base", "nearest_town": "", "warning_level": null, "danger_level": null, "frl": null, "mwl": null, "highest_flow_level": 20.96}}, {"type": "Feature", "geometry": {"type": "Point", "coordinates": [93.96222222222222, 26.948888888888888]}, "properties": {"station_code": "022-UBDDIB", "name": "Badatighat", "type": "Level", "nearest_town": "", "warning_level": 81.53, "danger_level": 82.53, "frl": null, "mwl": null, "highest_flow_level": 86.21}}, {"type": "Feature", "geometry": {"type": "Point", "coordinates": [77.96055555555556, 19.098888888888887]}, "properties": {"station_code": "022-UGDHYD", "name": "Bhainsa(State Govt. Site)", "type": "Base", "nearest_town": "", "warning_level": 352.77, "danger_level": 353.77, "frl": null, "mwl": null, "highest_flow_level": 354.77}}, {"type": "Feature", "geometry": {"type": "Point", "coordinates": [73.1563888888889, 18.51888888888889]}, "properties": {"station_code": "022-UKDPUNE", "name": "Nagothane", "type": "Base", "nearest_town": "", "warning_level": 10.0, "danger_level": 11.0, "frl": null, "mwl": null, "highest_flow_level": 13.75}}, {"type": "Feature", "geometry": {"type": "Point", "coordinates": [76.87055555555555, 28.534444444444446]}, "properties": {"station_code": "022-UYDDEL", "name": "Dhansa", "type": "Level", "nearest_town": "", "warning_level": 211.44, "danger_level": 212.44, "frl": null, "mwl": null, "highest_flow_level": 213.58}}, {"type": "Feature", "geometry": {"type": "Point", "coordinates": [79.50416666666666, 19.329722222222223]}, "properties": {"station_code": "022-WGDNGP", "name": "Bhatpalli", "type": "Base", "nearest_town": "", "warning_level": null, "danger_level": null, "frl": null, "mwl": null, "highest_flow_level": 169.4}}, {"type": "Feature", "geometry": {"type": "Point", "coordinates": [77.78194444444445, 12.121111111111112]}, "properties": {"station_code": "023-CDBNG", "name": "HOGENAKKAL", "type": "Base", "nearest_town": "", "warning_level": 253.0, "danger_level": 254.0, "frl": null, "mwl": null, "highest_flow_level": 257.41}}, {"type": "Feature", "geometry": {"type": "Point", "coordinates": [75.40972222222223, 23.163888888888888]}, "properties": {"station_code": "023-CDJAPR", "name": "Palwa", "type": "Base", "nearest_town": null, "warning_level": 482.0, "danger_level": 483.0, "frl": null, "mwl": null, "highest_flow_level": 483.73}}, {"type": "Feature", "geometry": {"type": "Point", "coordinates": [75.14583333333334, 33.24305555555556]}, "properties": {"station_code": "023-CHEJMU", "name": "Dhamkund", "type": "Base", "nearest_town": null, "warning_level": 618.5, "danger_level": 619.5, "frl": null, "mwl": null, "highest_flow_level": 620.5}}, {"type": "Feature", "geometry": {"type": "Point", "coordinates": [86.25, 24.15]}, "properties": {"station_code": "023-DDASL", "name": "SIKATIYA  BARRAGE", "type": "Inflow", "nearest_town": "", "warning_level": null, "danger_level": 165.22, "frl": 165.22, "mwl": 164.22, "highest_flow_level": 169.24}}, {"type": "Feature", "geometry": {"type": "Point", "coordinates": [86.01083333333334, 20.879722222222224]}, "properties": {"station_code": "023-ERDBWN", "name": "Jenapur", "type": "Level", "nearest_town": "", "warning_level": 22.0, "danger_level": 23.0, "frl": null, "mwl": null, "highest_flow_level": 24.78}}, {"type": "Feature", "geometry": {"type": "Point", "coordinates": [77.9618888888889, 29.779999999999998]}, "properties": {"station_code": "023-HGDDDN", "name": "Dosni", "type": "Base", "nearest_town": null, "warning_level": 243.5, "danger_level": 244.5, "frl": null, "mwl": null, "highest_flow_level": 247.8}}, {"type": "Feature", "geometry": {"type": "Point", "coordinates": [88.8625, 26.328888888888887]}, "properties": {"station_code": "023-LBDJPG", "name": "Mekhliganj (R/B)", "type": "Level", "nearest_town": "", "warning_level": 65.45, "danger_level": 65.95, "frl": null, "mwl": null, "highest_flow_level": 66.83}}, {"type": "Feature", "geometry": {"type": "Point", "coordinates": [87.80472222222222, 24.121666666666666]}, "properties": {"station_code": "023-LGD3BEH", "name": "SARALPUR", "type": "Base", "nearest_town": null, "warning_level": null, "danger_level": null, "frl": null, "mwl": null, "highest_flow_level": 45.02}}, {"type": "Feature", "geometry": {"type": "Point", "coordinates": [82.14277777777778, 18.6125]}, "properties": {"station_code": "023-LGDHYD", "name": "Saradaput", "type": "Base", "nearest_town": "", "warning_level": 233.0, "danger_level": 234.0, "frl": null, "mwl": null, "highest_flow_level": 239.767}}, {"type": "Feature", "geometry": {"type": "Point", "coordinates": [80.04916666666666, 16.948888888888888]}, "properties": {"station_code": "023-LKDHYD", "name": "Paleru Bridge", "type": "Base", "nearest_town": "", "warning_level": null, "danger_level": null, "frl": null, "mwl": null, "highest_flow_level": 80.5}}, {"type": "Feature", "geometry": {"type": "Point", "coordinates": [78.02305555555556, 27.254166666666666]}, "properties": {"station_code": "023-LYDAGRA", "name": "AGRA(POIYAGHAT)", "type": "Base", "nearest_town": "", "warning_level": 151.4, "danger_level": 152.4, "frl": null, "mwl": null, "highest_flow_level": 154.87}}, {"type": "Feature", "geometry": {"type": "Point", "coordinates": [91.99305555555556, 24.316111111111113]}, "properties": {"station_code": "023-MBDGHY", "name": "Kailashahar", "type": "Level", "nearest_town": "Kailashahar", "warning_level": 24.34, "danger_level": 25.34, "frl": null, "mwl": null, "highest_flow_level": 25.95}}, {"type": "Feature", "geometry": {"type": "Point", "coordinates": [83.7275, 20.654999999999998]}, "properties": {"station_code": "023-MDBURLA", "name": "Kantamal", "type": "Base", "nearest_town": null, "warning_level": null, "danger_level": null, "frl": null, "mwl": null, "highest_flow_level": 132.86}}, {"type": "Feature", "geometry": {"type": "Point", "coordinates": [91.72666666666667, 22.99888888888889]}, "properties": {"station_code": "023-MDSIL", "name": "Sabrum", "type": "Base", "nearest_town": null, "warning_level": null, "danger_level": null, "frl": null, "mwl": null, "highest_flow_level": 20.43}}, {"type": "Feature", "geometry": {"type": "Point", "coordinates": [83.34972222222221, 26.72972222222222]}, "properties": {"station_code": "023-MGD1LKN", "name": "Birdghat ", "type": "Level", "nearest_town": "Gorakhpur ", "warning_level": 73.98, "danger_level": 74.98, "frl": null, "mwl": null, "highest_flow_level": 77.54}}, {"type": "Feature", "geometry": {"type": "Point", "coordinates": [78.4, 28.191111111111113]}, "properties": {"station_code": "023-MGD2LKN", "name": "Narora Down Stream", "type": "Base", "nearest_town": "", "warning_level": 177.765, "danger_level": 178.765, "frl": null, "mwl": null, "highest_flow_level": 180.01}}, {"type": "Feature", "geometry": {"type": "Point", "coordinates": [81.20527777777778, 23.769166666666667]}, "properties": {"station_code": "023-MGD3VNS", "name": "Goverdhey ghat", "type": "Base", "nearest_town": "", "warning_level": 354.0, "danger_level": 355.0, "frl": null, "mwl": 349.99, "highest_flow_level": 358.8}}, {"type": "Feature", "geometry": {"type": "Point", "coordinates": [86.52833333333334, 26.108055555555556]}, "properties": {"station_code": "023-MGD4PTN", "name": "Basua", "type": "Level", "nearest_town": "", "warning_level": 46.75, "danger_level": 47.75, "frl": null, "mwl": null, "highest_flow_level": 49.24}}, {"type": "Feature", "geometry": {"type": "Point", "coordinates": [84.13222222222221, 24.839444444444442]}, "properties": {"station_code": "023-MGD5PTN", "name": "Indrapuri", "type": "Level", "nearest_town": "", "warning_level": 107.2, "danger_level": 108.2, "frl": 108.3, "mwl": 103.95, "highest_flow_level": 108.85}}, {"type": "Feature", "geometry": {"type": "Point", "coordinates": [77.46000000000001, 8.158333333333333]}, "properties": {"station_code": "023-SWRDKOCHI", "name": "ASHRAMAM", "type": "Base", "nearest_town": null, "warning_level": 4.5, "danger_level": 6.0, "frl": null, "mwl": null, "highest_flow_level": 7.1}}, {"type": "Feature", "geometry": {"type": "Point", "coordinates": [72.82, 21.2]}, "properties": {"station_code": "023-TDSURAT", "name": "Surat", "type": "Level", "nearest_town": "surat", "warning_level": 8.5, "danger_level": 9.5, "frl": null, "mwl": null, "highest_flow_level": 12.5}}, {"type": "Feature", "geometry": {"type": "Point", "coordinates": [93.78722222222223, 26.015555555555554]}, "properties": {"station_code": "023-UBDDIB", "name": "Bokajan", "type": "Base", "nearest_town": "", "warning_level": 132.0, "danger_level": 133.0, "frl": null, "mwl": null, "highest_flow_level": 135.13}}, {"type": "Feature", "geometry": {"type": "Point", "coordinates": [78.33999999999999, 18.97]}, "properties": {"station_code": "023-UGDHYD", "name": "Sriram Sagar Reservoir", "type": "Inflow", "nearest_town": "", "warning_level": null, "danger_level": null, "frl": 332.53, "mwl": 333.15, "highest_flow_level": null}}, {"type": "Feature", "geometry": {"type": "Point", "coordinates": [73.45083333333334, 17.066944444444445]}, "properties": {"station_code": "023-UKDPUNE", "name": "Niivali", "type": "Base", "nearest_town": "", "warning_level": 9.4, "danger_level": 11.0, "frl": null, "mwl": null, "highest_flow_level": 15.155}}, {"type": "Feature", "geometry": {"type": "Point", "coordinates": [73.16805555555555, 24.355555555555558]}, "properties": {"station_code": "023MAHGAND", "name": "Jotasan", "type": "Base", "nearest_town": "", "warning_level": 290.0, "danger_level": 291.0, "frl": null, "mwl": null, "highest_flow_level": 291.61}}, {"type": "Feature", "geometry": {"type": "Point", "coordinates": [93.02055555555556, 24.80388888888889]}, "properties": {"station_code": "024- MDSIL", "name": "CHIRIPOOL", "type": "Base", "nearest_town": null, "warning_level": null, "danger_level": null, "frl": null, "mwl": null, "highest_flow_level": 27.85}}, {"type": "Feature", "geometry": {"type": "Point", "coordinates": [77.7238888888889, 12.182222222222222]}, "properties": {"station_code": "024-CDBNG", "name": "BILIGUNDULU", "type": "Base", "nearest_town": "DHARMAPURI", "warning_level": 264.0, "danger_level": 265.0, "frl": null, "mwl": null, "highest_flow_level": 266.2}}, {"type": "Feature", "geometry": {"type": "Point", "coordinates": [76.40916666666668, 24.109722222222224]}, "properties": {"station_code": "024-CDJAPR", "name": "Bangpura", "type": "Base", "nearest_town": null, "warning_level": 367.5, "danger_level": 368.5, "frl": null, "mwl": null, "highest_flow_level": 371.01}}, {"type": "Feature", "geometry": {"type": "Point", "coordinates": [86.85499999999999, 23.977777777777778]}, "properties": {"station_code": "024-DDASL", "name": "Jamtara", "type": "Base", "nearest_town": "", "warning_level": null, "danger_level": null, "frl": null, "mwl": null, "highest_flow_level": 146.5}}, {"type": "Feature", "geometry": {"type": "Point", "coordinates": [86.39583333333334, 20.616388888888892]}, "properties": {"station_code": "024-ERDBWN", "name": "Indupur", "type": "Base", "nearest_town": null, "warning_level": null, "danger_level": null, "frl": null, "mwl": null, "highest_flow_level": 9.52}}, {"type": "Feature", "geometry": {"type": "Point", "coordinates": [78.05944444444444, 29.695]}, "properties": {"station_code": "024-HGDDDN", "name": "Raysi", "type": "Base", "nearest_town": null, "warning_level": 230.0, "danger_level": 231.0, "frl": null, "mwl": null, "highest_flow_level": 233.4}}, {"type": "Feature", "geometry": {"type": "Point", "coordinates": [79.70361111111112, 10.94888888888889]}, "properties": {"station_code": "024-HYDCHENNAI", "name": "Menangudi", "type": "Base", "nearest_town": "", "warning_level": null, "danger_level": null, "frl": null, "mwl": null, "highest_flow_level": 7.94}}, {"type": "Feature", "geometry": {"type": "Point", "coordinates": [89.70083333333334, 26.492222222222225]}, "properties": {"station_code": "024-LBDJPG", "name": "Chepan", "type": "Base", "nearest_town": "", "warning_level": null, "danger_level": null, "frl": null, "mwl": null, "highest_flow_level": 49.15}}, {"type": "Feature", "geometry": {"type": "Point", "coordinates": [88.75194444444445, 23.453611111111112]}, "properties": {"station_code": "024-LGD3BEH", "name": "BANPUR", "type": "Base", "nearest_town": null, "warning_level": null, "danger_level": null, "frl": null, "mwl": null, "highest_flow_level": 11.265}}, {"type": "Feature", "geometry": {"type": "Point", "coordinates": [81.25, 17.5675]}, "properties": {"station_code": "024-LGDHYD", "name": "Kunavaram", "type": "Level", "nearest_town": "", "warning_level": 36.74, "danger_level": 38.24, "frl": null, "mwl": null, "highest_flow_level": 51.3}}, {"type": "Feature", "geometry": {"type": "Point", "coordinates": [80.6, 16.5]}, "properties": {"station_code": "024-LKDHYD", "name": "Prakasam Barrage", "type": "Inflow", "nearest_town": "", "warning_level": null, "danger_level": null, "frl": 17.39, "mwl": 18.3, "highest_flow_level": null}}, {"type": "Feature", "geometry": {"type": "Point", "coordinates": [78.23611111111111, 24.768055555555556]}, "properties": {"station_code": "024-LYDAGRA", "name": "RAJGHAT", "type": "Base", "nearest_town": "", "warning_level": 347.5, "danger_level": 348.5, "frl": null, "mwl": null, "highest_flow_level": 354.05}}, {"type": "Feature", "geometry": {"type": "Point", "coordinates": [81.88055555555555, 20.974999999999998]}, "properties": {"station_code": "024-MDBURLA", "name": "RAJIM", "type": "Base", "nearest_town": null, "warning_level": null, "danger_level": null, "frl": null, "mwl": null, "highest_flow_level": 283.55}}, {"type": "Feature", "geometry": {"type": "Point", "coordinates": [81.82555555555555, 27.68638888888889]}, "properties": {"station_code": "024-MGD1LKN", "name": "Bhinga", "type": "Base", "nearest_town": "", "warning_level": 118.5, "danger_level": 119.5, "frl": null, "mwl": null, "highest_flow_level": 120.81}}, {"type": "Feature", "geometry": {"type": "Point", "coordinates": [82.20611111111111, 24.42638888888889]}, "properties": {"station_code": "024-MGD3VNS", "name": "Jhokho", "type": "Base", "nearest_town": "", "warning_level": 220.9, "danger_level": 221.9, "frl": null, "mwl": null, "highest_flow_level": 224.4}}, {"type": "Feature", "geometry": {"type": "Point", "coordinates": [86.72472222222223, 25.540000000000003]}, "properties": {"station_code": "024-MGD4PTN", "name": "Baltara", "type": "Level", "nearest_town": "", "warning_level": 32.85, "danger_level": 33.85, "frl": null, "mwl": null, "highest_flow_level": 36.4}}, {"type": "Feature", "geometry": {"type": "Point", "coordinates": [84.06361111111111, 24.033055555555556]}, "properties": {"station_code": "024-MGD5PAT", "name": "Daltonganj", "type": "Base", "nearest_town": "", "warning_level": 208.0, "danger_level": 209.0, "frl": null, "mwl": null, "highest_flow_level": 210.91}}, {"type": "Feature", "geometry": {"type": "Point", "coordinates": [76.23861111111111, 11.264166666666666]}, "properties": {"station_code": "024-SWRDKOCHI", "name": "CHAKKALAKUTH", "type": "Base", "nearest_town": null, "warning_level": 19.0, "danger_level": 20.0, "frl": null, "mwl": null, "highest_flow_level": 21.815}}, {"type": "Feature", "geometry": {"type": "Point", "coordinates": [72.98472222222222, 20.85611111111111]}, "properties": {"station_code": "024-TDSURAT", "name": "GADAT", "type": "Base", "nearest_town": null, "warning_level": 11.0, "danger_level": 12.0, "frl": null, "mwl": null, "highest_flow_level": 13.985}}, {"type": "Feature", "geometry": {"type": "Point", "coordinates": [93.73111111111112, 26.63138888888889]}, "properties": {"station_code": "024-UBDDIB", "name": "Numaligarh", "type": "Level", "nearest_town": "", "warning_level": 77.42, "danger_level": 78.42, "frl": null, "mwl": null, "highest_flow_level": 80.16}}, {"type": "Feature", "geometry": {"type": "Point", "coordinates": [78.43805555555556, 18.82111111111111]}, "properties": {"station_code": "024-UGDHYD", "name": "Gandlapet", "type": "Base", "nearest_town": null, "warning_level": 315.63, "danger_level": 316.63, "frl": null, "mwl": null, "highest_flow_level": 317.63}}, {"type": "Feature", "geometry": {"type": "Point", "coordinates": [80.55, 19.383333333333333]}, "properties": {"station_code": "024-WGDNGP", "name": "Mirdapalli", "type": "Base", "nearest_town": "", "warning_level": null, "danger_level": null, "frl": null, "mwl": null, "highest_flow_level": 241.0}}, {"type": "Feature", "geometry": {"type": "Point", "coordinates": [75.70361111111112, 33.15555555555555]}, "properties": {"station_code": "024CHEJMU", "name": "Premnagar", "type": "Base", "nearest_town": null, "warning_level": 900.56, "danger_level": 901.56, "frl": null, "mwl": null, "highest_flow_level": 902.56}}, {"type": "Feature", "geometry": {"type": "Point", "coordinates": [72.88361111111112, 22.975555555555555]}, "properties": {"station_code": "024MAHGAND", "name": "Ratanpur", "type": "Base", "nearest_town": "", "warning_level": 44.0, "danger_level": 45.0, "frl": null, "mwl": null, "highest_flow_level": 49.1}}, {"type": "Feature", "geometry": {"type": "Point", "coordinates": [92.9075, 24.90138888888889]}, "properties": {"station_code": "025 - MDSIL", "name": "UDHARBOND", "type": "Base", "nearest_town": null, "warning_level": null, "danger_level": null, "frl": null, "mwl": null, "highest_flow_level": 24.9}}, {"type": "Feature", "geometry": {"type": "Point", "coordinates": [76.34388888888888, 22.981111111111108]}, "properties": {"station_code": "025-CDJAPR", "name": "Sonkatch", "type": "Base", "nearest_town": null, "warning_level": 460.0, "danger_level": 461.0, "frl": null, "mwl": null, "highest_flow_level": 458.78}}, {"type": "Feature", "geometry": {"type": "Point", "coordinates": [87.70305555555557, 23.618055555555557]}, "properties": {"station_code": "025-DDASL", "name": "GHEROPARA", "type": "Level", "nearest_town": "", "warning_level": 38.42, "danger_level": 39.42, "frl": null, "mwl": null, "highest_flow_level": 43.94}}, {"type": "Feature", "geometry": {"type": "Point", "coordinates": [85.08, 22.32611111111111]}, "properties": {"station_code": "025-ERDBWN", "name": "Jaraikela", "type": "Base", "nearest_town": null, "warning_level": null, "danger_level": null, "frl": null, "mwl": null, "highest_flow_level": 194.63}}, {"type": "Feature", "geometry": {"type": "Point", "coordinates": [79.36638888888888, 30.41361111111111]}, "properties": {"station_code": "025-HGDDDN", "name": "Chhinka", "type": "Base", "nearest_town": null, "warning_level": 1005.2, "danger_level": 1006.2, "frl": null, "mwl": null, "highest_flow_level": 1014.42}}, {"type": "Feature", "geometry": {"type": "Point", "coordinates": [89.68194444444445, 26.308611111111112]}, "properties": {"station_code": "025-LBDJPG", "name": "Tufanganj", "type": "Level", "nearest_town": "", "warning_level": 34.22, "danger_level": 35.3, "frl": null, "mwl": null, "highest_flow_level": 36.5}}, {"type": "Feature", "geometry": {"type": "Point", "coordinates": [88.73194444444445, 23.208055555555553]}, "properties": {"station_code": "025-LGD3BEH", "name": "BAJITPUR", "type": "Base", "nearest_town": null, "warning_level": null, "danger_level": null, "frl": null, "mwl": null, "highest_flow_level": 12.12}}, {"type": "Feature", "geometry": {"type": "Point", "coordinates": [81.38666666666667, 17.482499999999998]}, "properties": {"station_code": "025-LGDHYD", "name": "Koida", "type": "Base", "nearest_town": "", "warning_level": 53.0, "danger_level": 55.0, "frl": null, "mwl": null, "highest_flow_level": 60.26}}, {"type": "Feature", "geometry": {"type": "Point", "coordinates": [80.625, 16.50111111111111]}, "properties": {"station_code": "025-LKDHYD", "name": "Vijayawada", "type": "Base", "nearest_town": "", "warning_level": null, "danger_level": null, "frl": null, "mwl": null, "highest_flow_level": 19.582}}, {"type": "Feature", "geometry": {"type": "Point", "coordinates": [91.66944444444445, 26.17527777777778]}, "properties": {"station_code": "025-MBDGHY", "name": "Pandu", "type": "Base", "nearest_town": "", "warning_level": null, "danger_level": null, "frl": null, "mwl": null, "highest_flow_level": 49.88}}, {"type": "Feature", "geometry": {"type": "Point", "coordinates": [82.5975, 21.71833333333333]}, "properties": {"station_code": "025-MDBURLA", "name": "Seorinarayan", "type": "Base", "nearest_town": null, "warning_level": null, "danger_level": null, "frl": null, "mwl": null, "highest_flow_level": 224.635}}, {"type": "Feature", "geometry": {"type": "Point", "coordinates": [82.9961111111111, 27.236666666666668]}, "properties": {"station_code": "025-MGD1LKN", "name": "Kakrahi", "type": "Base", "nearest_town": "", "warning_level": 84.65, "danger_level": 85.65, "frl": null, "mwl": null, "highest_flow_level": 88.97}}, {"type": "Feature", "geometry": {"type": "Point", "coordinates": [81.34972222222221, 26.65583333333333]}, "properties": {"station_code": "025-MGD2LKN", "name": "Haidergarh", "type": "Base", "nearest_town": null, "warning_level": null, "danger_level": null, "frl": null, "mwl": null, "highest_flow_level": 100.62}}, {"type": "Feature", "geometry": {"type": "Point", "coordinates": [83.26972222222223, 24.224166666666665]}, "properties": {"station_code": "025-MGD3VNS", "name": "Duddhi", "type": "Base", "nearest_town": "", "warning_level": 207.0, "danger_level": 208.0, "frl": null, "mwl": null, "highest_flow_level": 210.54}}, {"type": "Feature", "geometry": {"type": "Point", "coordinates": [87.23416666666667, 25.424722222222222]}, "properties": {"station_code": "025-MGD4PTN", "name": "Kursela", "type": "Level", "nearest_town": "", "warning_level": 29.0, "danger_level": 30.0, "frl": null, "mwl": null, "highest_flow_level": 32.1}}, {"type": "Feature", "geometry": {"type": "Point", "coordinates": [83.86222222222221, 24.430833333333336]}, "properties": {"station_code": "025-MGD5PTN", "name": "Mohammad Ganj", "type": "Base", "nearest_town": "", "warning_level": 144.52, "danger_level": 145.52, "frl": null, "mwl": null, "highest_flow_level": 146.66}}, {"type": "Feature", "geometry": {"type": "Point", "coordinates": [76.19635000000001, 11.3153]}, "properties": {"station_code": "025-SWRDKOCHI", "name": "PERUVAMPADAM", "type": "Base", "nearest_town": null, "warning_level": 26.5, "danger_level": 27.5, "frl": null, "mwl": null, "highest_flow_level": 28.1}}, {"type": "Feature", "geometry": {"type": "Point", "coordinates": [72.99972222222222, 20.284166666666668]}, "properties": {"station_code": "025-TDSURAT", "name": "VARRAI", "type": "Base", "nearest_town": null, "warning_level": 25.3, "danger_level": 26.3, "frl": null, "mwl": null, "highest_flow_level": 34.23}}, {"type": "Feature", "geometry": {"type": "Point", "coordinates": [93.97722222222222, 26.233888888888888]}, "properties": {"station_code": "025-UBDDIB", "name": "Gelabil", "type": "Base", "nearest_town": "", "warning_level": 96.0, "danger_level": 97.0, "frl": null, "mwl": null, "highest_flow_level": 99.34}}, {"type": "Feature", "geometry": {"type": "Point", "coordinates": [79.44444444444444, 18.85027777777778]}, "properties": {"station_code": "025-UGDHYD", "name": "Mancherial", "type": "Base", "nearest_town": "", "warning_level": 133.316, "danger_level": 134.816, "frl": null, "mwl": null, "highest_flow_level": 139.136}}, {"type": "Feature", "geometry": {"type": "Point", "coordinates": [74.00166666666667, 18.66638888888889]}, "properties": {"station_code": "025-UKDPUNE", "name": "Phulgaon", "type": "Base", "nearest_town": "", "warning_level": 548.0, "danger_level": 549.0, "frl": null, "mwl": null, "highest_flow_level": 549.95}}, {"type": "Feature", "geometry": {"type": "Point", "coordinates": [77.14833333333334, 19.961666666666666]}, "properties": {"station_code": "025-WGDNGP", "name": "Kanhargaon", "type": "Base", "nearest_town": "Washim", "warning_level": null, "danger_level": null, "frl": null, "mwl": null, "highest_flow_level": 478.035}}, {"type": "Feature", "geometry": {"type": "Point", "coordinates": [74.9538888888889, 12.928888888888888]}, "properties": {"station_code": "025CDBNG", "name": "ADDOOR", "type": "Base", "nearest_town": "Mangaluru", "warning_level": 5.5, "danger_level": 6.5, "frl": null, "mwl": null, "highest_flow_level": 9.2}}, {"type": "Feature", "geometry": {"type": "Point", "coordinates": [72.68, 22.745833333333334]}, "properties": {"station_code": "025MAHGAND", "name": "Kheda", "type": "Base", "nearest_town": "", "warning_level": 26.0, "danger_level": 27.0, "frl": null, "mwl": null, "highest_flow_level": 28.5}}, {"type": "Feature", "geometry": {"type": "Point", "coordinates": [78.30333333305802, 30.874166666569185]}, "properties": {"station_code": "026", "name": "Kuthnuor", "type": "Base", "nearest_town": null, "warning_level": null, "danger_level": null, "frl": null, "mwl": null, "highest_flow_level": null}}, {"type": "Feature", "geometry": {"type": "Point", "coordinates": [92.90722222222223, 24.784444444444446]}, "properties": {"station_code": "026- MDSIL", "name": "SIBAPUR", "type": "Base", "nearest_town": null, "warning_level": null, "danger_level": null, "frl": null, "mwl": null, "highest_flow_level": 24.12}}, {"type": "Feature", "geometry": {"type": "Point", "coordinates": [76.73555555555555, 23.03611111111111]}, "properties": {"station_code": "026-CDJAPR", "name": "Astha", "type": "Base", "nearest_town": null, "warning_level": 482.0, "danger_level": 483.0, "frl": null, "mwl": null, "highest_flow_level": 481.8}}, {"type": "Feature", "geometry": {"type": "Point", "coordinates": [87.90694444444445, 23.545555555555556]}, "properties": {"station_code": "026-DDASL", "name": "NUTANHAT", "type": "Base", "nearest_town": "", "warning_level": 28.5, "danger_level": 29.42, "frl": null, "mwl": null, "highest_flow_level": 26.25}}, {"type": "Feature", "geometry": {"type": "Point", "coordinates": [77.89750000000001, 29.88]}, "properties": {"station_code": "026-HGDDDN", "name": "Roorkee", "type": "Base", "nearest_town": null, "warning_level": 260.5, "danger_level": 261.5, "frl": null, "mwl": null, "highest_flow_level": 262.35}}, {"type": "Feature", "geometry": {"type": "Point", "coordinates": [79.70722222222223, 10.903611111111111]}, "properties": {"station_code": "026-HYDCHENNAI", "name": "Porakudi", "type": "Base", "nearest_town": "", "warning_level": null, "danger_level": null, "frl": null, "mwl": null, "highest_flow_level": 7.2}}, {"type": "Feature", "geometry": {"type": "Point", "coordinates": [88.89555555555556, 26.870555555555555]}, "properties": {"station_code": "026-LBDJPG", "name": "Nagrakata", "type": "Base", "nearest_town": "", "warning_level": null, "danger_level": null, "frl": null, "mwl": null, "highest_flow_level": 160.8}}, {"type": "Feature", "geometry": {"type": "Point", "coordinates": [88.83111111111111, 23.04638888888889]}, "properties": {"station_code": "026-LGD3BEH", "name": "BANGAON", "type": "Base", "nearest_town": null, "warning_level": null, "danger_level": null, "frl": null, "mwl": null, "highest_flow_level": 8.06}}, {"type": "Feature", "geometry": {"type": "Point", "coordinates": [81.65972222222223, 17.245833333333334]}, "properties": {"station_code": "026-LGDHYD", "name": "Polavaram site", "type": "Base", "nearest_town": "", "warning_level": null, "danger_level": null, "frl": null, "mwl": null, "highest_flow_level": 28.017}}, {"type": "Feature", "geometry": {"type": "Point", "coordinates": [79.33972222222222, 16.78805555555556]}, "properties": {"station_code": "026-LKDHYD", "name": "Halia", "type": "Base", "nearest_town": null, "warning_level": null, "danger_level": null, "frl": null, "mwl": null, "highest_flow_level": 134.405}}, {"type": "Feature", "geometry": {"type": "Point", "coordinates": [83.21055555555556, 21.981111111111108]}, "properties": {"station_code": "026-MDBURLA", "name": "Kurubhata", "type": "Base", "nearest_town": null, "warning_level": null, "danger_level": null, "frl": null, "mwl": null, "highest_flow_level": 220.4}}, {"type": "Feature", "geometry": {"type": "Point", "coordinates": [82.7125, 26.784444444444446]}, "properties": {"station_code": "026-MGD1LKN", "name": "Basti", "type": "Base", "nearest_town": "", "warning_level": 82.64, "danger_level": 83.64, "frl": null, "mwl": null, "highest_flow_level": 84.62}}, {"type": "Feature", "geometry": {"type": "Point", "coordinates": [80.26694444444445, 27.738333333333333]}, "properties": {"station_code": "026-MGD2LKN", "name": "Maigalganj", "type": "Base", "nearest_town": null, "warning_level": null, "danger_level": null, "frl": null, "mwl": null, "highest_flow_level": 139.48}}, {"type": "Feature", "geometry": {"type": "Point", "coordinates": [88.10583333333332, 26.51972222222222]}, "properties": {"station_code": "026-MGD4PTN", "name": "Galgalia", "type": "Base", "nearest_town": "", "warning_level": 81.3, "danger_level": 82.3, "frl": null, "mwl": null, "highest_flow_level": 83.66}}, {"type": "Feature", "geometry": {"type": "Point", "coordinates": [84.79777777777778, 25.57138888888889]}, "properties": {"station_code": "026-MGD5PTN", "name": "Koelwar", "type": "Level", "nearest_town": "", "warning_level": 54.52, "danger_level": 55.52, "frl": null, "mwl": null, "highest_flow_level": 58.88}}, {"type": "Feature", "geometry": {"type": "Point", "coordinates": [75.27638888888889, 12.458333333333332]}, "properties": {"station_code": "026-SWRDKOCHI", "name": "POOKKAYAM", "type": "Base", "nearest_town": null, "warning_level": 36.2, "danger_level": 37.2, "frl": null, "mwl": null, "highest_flow_level": 36.52}}, {"type": "Feature", "geometry": {"type": "Point", "coordinates": [72.99055555555556, 20.20888888888889]}, "properties": {"station_code": "026-TDSURAT", "name": "SOLACHAR", "type": "Base", "nearest_town": null, "warning_level": 35.0, "danger_level": 36.0, "frl": null, "mwl": null, "highest_flow_level": 43.95}}, {"type": "Feature", "geometry": {"type": "Point", "coordinates": [93.95197222222222, 26.504]}, "properties": {"station_code": "026-UBDDIB", "name": "Golaghat", "type": "Level", "nearest_town": "", "warning_level": 88.5, "danger_level": 89.5, "frl": null, "mwl": null, "highest_flow_level": 92.45}}, {"type": "Feature", "geometry": {"type": "Point", "coordinates": [78.78999999999999, 19.1]}, "properties": {"station_code": "026-UGDHYD", "name": "Kaddam Dam", "type": "Inflow", "nearest_town": "Kaddampudur", "warning_level": null, "danger_level": null, "frl": 213.21, "mwl": null, "highest_flow_level": null}}, {"type": "Feature", "geometry": {"type": "Point", "coordinates": [78.30333333333333, 30.874166666666667]}, "properties": {"station_code": "026-UYDDEL", "name": "Kuthnaur", "type": "Base", "nearest_town": null, "warning_level": 1429.5, "danger_level": 1430.5, "frl": null, "mwl": null, "highest_flow_level": 1429.3}}, {"type": "Feature", "geometry": {"type": "Point", "coordinates": [77.98666666666666, 20.18888888888889]}, "properties": {"station_code": "026-WGDNGP", "name": "Mangrul", "type": "Base", "nearest_town": "", "warning_level": null, "danger_level": null, "frl": null, "mwl": null, "highest_flow_level": 290.385}}, {"type": "Feature", "geometry": {"type": "Point", "coordinates": [74.88, 13.52138888888889]}, "properties": {"station_code": "026CDBNG", "name": "AVERSHE", "type": "Base", "nearest_town": "Udupi", "warning_level": 15.0, "danger_level": 16.0, "frl": null, "mwl": null, "highest_flow_level": 17.48}}, {"type": "Feature", "geometry": {"type": "Point", "coordinates": [76.17611111111111, 33.26305555555555]}, "properties": {"station_code": "026CHEJMU", "name": "Gulabgarh", "type": "Base", "nearest_town": null, "warning_level": 1785.45, "danger_level": 1786.45, "frl": null, "mwl": null, "highest_flow_level": 1787.45}}, {"type": "Feature", "geometry": {"type": "Point", "coordinates": [72.91277777777778, 24.663055555555555]}, "properties": {"station_code": "026MAHGAND", "name": "Swaroopganj", "type": "Base", "nearest_town": "", "warning_level": null, "danger_level": null, "frl": 335.75, "mwl": null, "highest_flow_level": 335.54}}, {"type": "Feature", "geometry": {"type": "Point", "coordinates": [92.55638888888889, 24.973055555555554]}, "properties": {"station_code": "027- MDSIL", "name": "KALAIN", "type": "Base", "nearest_town": null, "warning_level": null, "danger_level": null, "frl": null, "mwl": null, "highest_flow_level": 17.75}}, {"type": "Feature", "geometry": {"type": "Point", "coordinates": [75.0411111111111, 12.880833333333333]}, "properties": {"station_code": "027-CDBNG", "name": "BANTWAL", "type": "Base", "nearest_town": "Mangaluru", "warning_level": 8.0, "danger_level": 9.0, "frl": null, "mwl": null, "highest_flow_level": 13.55}}, {"type": "Feature", "geometry": {"type": "Point", "coordinates": [75.77722222222222, 25.39388888888889]}, "properties": {"station_code": "027-CDJAPR", "name": "Anthara", "type": "Base", "nearest_town": null, "warning_level": 233.0, "danger_level": 235.0, "frl": null, "mwl": null, "highest_flow_level": 235.1}}, {"type": "Feature", "geometry": {"type": "Point", "coordinates": [86.62694444444443, 22.91916666666667]}, "properties": {"station_code": "027-DDASL", "name": "Phulberia", "type": "Base", "nearest_town": "", "warning_level": null, "danger_level": null, "frl": null, "mwl": null, "highest_flow_level": 135.3}}, {"type": "Feature", "geometry": {"type": "Point", "coordinates": [84.4175, 22.623333333333335]}, "properties": {"station_code": "027-ERDBWN", "name": "Tilga", "type": "Base", "nearest_town": null, "warning_level": null, "danger_level": null, "frl": null, "mwl": null, "highest_flow_level": 379.5}}, {"type": "Feature", "geometry": {"type": "Point", "coordinates": [78.67750000000001, 30.896666666666665]}, "properties": {"station_code": "027-HGDDDN", "name": "Gangnani", "type": "Base", "nearest_town": null, "warning_level": 1843.0, "danger_level": 1844.0, "frl": null, "mwl": null, "highest_flow_level": 1847.5}}, {"type": "Feature", "geometry": {"type": "Point", "coordinates": [79.78944444444444, 10.850555555555555]}, "properties": {"station_code": "027-HYDCHENNAI", "name": "Gopurajapuram", "type": "Base", "nearest_town": "", "warning_level": null, "danger_level": null, "frl": null, "mwl": null, "highest_flow_level": 3.6}}, {"type": "Feature", "geometry": {"type": "Point", "coordinates": [88.9375, 26.56972222222222]}, "properties": {"station_code": "027-LBDJPG", "name": "Jaldhaka NH-31", "type": "Level", "nearest_town": "", "warning_level": 80.0, "danger_level": 80.9, "frl": null, "mwl": null, "highest_flow_level": 81.72}}, {"type": "Feature", "geometry": {"type": "Point", "coordinates": [88.87955555555556, 22.889666666666667]}, "properties": {"station_code": "027-LGD3BEH", "name": "TARINIPUR", "type": "Base", "nearest_town": null, "warning_level": null, "danger_level": null, "frl": null, "mwl": null, "highest_flow_level": 5.92}}, {"type": "Feature", "geometry": {"type": "Point", "coordinates": [81.76694444444445, 17.006944444444443]}, "properties": {"station_code": "027-LGDHYD", "name": "GodavariRlyBridge(Rajahmundry)", "type": "Level", "nearest_town": "", "warning_level": 17.68, "danger_level": 19.51, "frl": null, "mwl": null, "highest_flow_level": 20.48}}, {"type": "Feature", "geometry": {"type": "Point", "coordinates": [79.91000000000001, 15.881944444444445]}, "properties": {"station_code": "027-LKDHYD", "name": "Marella", "type": "Base", "nearest_town": null, "warning_level": null, "danger_level": 36.0, "frl": null, "mwl": null, "highest_flow_level": 36.52}}, {"type": "Feature", "geometry": {"type": "Point", "coordinates": [72.49833333333333, 24.28888888888889]}, "properties": {"station_code": "027-MAHGAND", "name": "Chitrasani", "type": "Base", "nearest_town": null, "warning_level": 187.0, "danger_level": 188.0, "frl": null, "mwl": null, "highest_flow_level": 188.27}}, {"type": "Feature", "geometry": {"type": "Point", "coordinates": [82.78805555555556, 21.7275]}, "properties": {"station_code": "027-MDBURLA", "name": "Basantpur", "type": "Base", "nearest_town": null, "warning_level": null, "danger_level": null, "frl": null, "mwl": null, "highest_flow_level": 219.82}}, {"type": "Feature", "geometry": {"type": "Point", "coordinates": [81.56416666666667, 26.789722222222224]}, "properties": {"station_code": "027-MGD2LKN", "name": "Ramsanehi Ghat", "type": "Base", "nearest_town": null, "warning_level": null, "danger_level": null, "frl": null, "mwl": null, "highest_flow_level": 106.88}}, {"type": "Feature", "geometry": {"type": "Point", "coordinates": [81.60333333333332, 24.372777777777777]}, "properties": {"station_code": "027-MGD3VNS", "name": "Churhat", "type": "Base", "nearest_town": "", "warning_level": 242.0, "danger_level": 243.0, "frl": null, "mwl": null, "highest_flow_level": 246.5}}, {"type": "Feature", "geometry": {"type": "Point", "coordinates": [87.70472222222223, 26.157777777777778]}, "properties": {"station_code": "027-MGD4PTN", "name": "Chargharia", "type": "Base", "nearest_town": "", "warning_level": 45.94, "danger_level": 46.94, "frl": null, "mwl": null, "highest_flow_level": 48.85}}, {"type": "Feature", "geometry": {"type": "Point", "coordinates": [84.86805555555554, 25.72722222222222]}, "properties": {"station_code": "027-MGD5PTN", "name": "Maner", "type": "Level", "nearest_town": "", "warning_level": 51.0, "danger_level": 52.0, "frl": null, "mwl": null, "highest_flow_level": 53.79}}, {"type": "Feature", "geometry": {"type": "Point", "coordinates": [76.00194444444445, 11.361944444444443]}, "properties": {"station_code": "027-SWRDKOCHI", "name": "THOTTATHINKADAVU", "type": "Base", "nearest_town": null, "warning_level": 15.8, "danger_level": 16.8, "frl": null, "mwl": null, "highest_flow_level": 15.05}}, {"type": "Feature", "geometry": {"type": "Point", "coordinates": [73.27111111111111, 20.10027777777778]}, "properties": {"station_code": "027-TDSURAT", "name": "OZERKHEDA", "type": "Base", "nearest_town": "", "warning_level": 92.0, "danger_level": 93.0, "frl": null, "mwl": null, "highest_flow_level": 96.1}}, {"type": "Feature", "geometry": {"type": "Point", "coordinates": [93.03861111111111, 27.356944444444444]}, "properties": {"station_code": "027-UBDDIB", "name": "Seppa", "type": "Base", "nearest_town": "", "warning_level": 339.0, "danger_level": 340.0, "frl": null, "mwl": null, "highest_flow_level": 342.6}}, {"type": "Feature", "geometry": {"type": "Point", "coordinates": [79.37277777777777, 18.844166666666666]}, "properties": {"station_code": "027-UGDHYD", "name": "Sripada Yellampalli Project", "type": "Inflow", "nearest_town": "Ramagundam", "warning_level": null, "danger_level": null, "frl": 148.0, "mwl": null, "highest_flow_level": null}}, {"type": "Feature", "geometry": {"type": "Point", "coordinates": [74.24833333333333, 15.338611111111112]}, "properties": {"station_code": "027-UKDPUNE", "name": "Collem", "type": "Base", "nearest_town": null, "warning_level": 70.0, "danger_level": 71.0, "frl": null, "mwl": null, "highest_flow_level": 73.5}}, {"type": "Feature", "geometry": {"type": "Point", "coordinates": [78.115, 30.798055555555557]}, "properties": {"station_code": "027-UYDDEL", "name": "Purola", "type": "Base", "nearest_town": null, "warning_level": 1199.0, "danger_level": 1200.0, "frl": null, "mwl": null, "highest_flow_level": 1198.52}}, {"type": "Feature", "geometry": {"type": "Point", "coordinates": [92.83694444444444, 24.76222222222222]}, "properties": {"station_code": "028- MDSIL", "name": "NEAIRGRAM", "type": "Base", "nearest_town": null, "warning_level": null, "danger_level": null, "frl": null, "mwl": null, "highest_flow_level": 23.76}}, {"type": "Feature", "geometry": {"type": "Point", "coordinates": [86.36027777777777, 23.28777777777778]}, "properties": {"station_code": "028-DDASL", "name": "Simulia", "type": "Base", "nearest_town": "", "warning_level": 206.12, "danger_level": 207.12, "frl": null, "mwl": null, "highest_flow_level": 207.8}}, {"type": "Feature", "geometry": {"type": "Point", "coordinates": [78.75027777777778, 31.034722222222225]}, "properties": {"station_code": "028-HGDDDN", "name": "Harshil", "type": "Base", "nearest_town": null, "warning_level": 2494.5, "danger_level": 2495.5, "frl": null, "mwl": null, "highest_flow_level": 2496.3}}, {"type": "Feature", "geometry": {"type": "Point", "coordinates": [79.11638888888888, 14.254722222222222]}, "properties": {"station_code": "028-HYDCHENNAI", "name": "Nandalur", "type": "Base", "nearest_town": "", "warning_level": 136.62, "danger_level": 137.62, "frl": null, "mwl": null, "highest_flow_level": 138.12}}, {"type": "Feature", "geometry": {"type": "Point", "coordinates": [89.23444444444445, 26.325277777777778]}, "properties": {"station_code": "028-LBDJPG", "name": "Mathabhanga", "type": "Level", "nearest_town": "", "warning_level": 47.7, "danger_level": 48.2, "frl": null, "mwl": null, "highest_flow_level": 49.85}}, {"type": "Feature", "geometry": {"type": "Point", "coordinates": [88.26361111111112, 24.234722222222224]}, "properties": {"station_code": "028-LGD3BEH", "name": "JIAGANG", "type": "Base", "nearest_town": null, "warning_level": null, "danger_level": null, "frl": null, "mwl": null, "highest_flow_level": 20.81}}, {"type": "Feature", "geometry": {"type": "Point", "coordinates": [81.7825, 16.938333333333333]}, "properties": {"station_code": "028-LGDHYD", "name": "Dowlaiswaram (State Govt Site)", "type": "Level", "nearest_town": "Rajahmundry", "warning_level": 14.25, "danger_level": 16.08, "frl": null, "mwl": null, "highest_flow_level": 18.36}}, {"type": "Feature", "geometry": {"type": "Point", "coordinates": [78.00805555555556, 15.739999999999998]}, "properties": {"station_code": "028-LKDHYD", "name": "Doddipadu", "type": "Base", "nearest_town": null, "warning_level": null, "danger_level": null, "frl": null, "mwl": null, "highest_flow_level": 289.773}}, {"type": "Feature", "geometry": {"type": "Point", "coordinates": [72.79027777777777, 24.49361111111111]}, "properties": {"station_code": "028-MAHGAND", "name": "Abu Road", "type": "Level", "nearest_town": null, "warning_level": 258.0, "danger_level": 259.0, "frl": null, "mwl": null, "highest_flow_level": 265.4}}, {"type": "Feature", "geometry": {"type": "Point", "coordinates": [83.37722222222222, 21.69361111111111]}, "properties": {"station_code": "028-MDBURLA", "name": "Surajgarh", "type": "Base", "nearest_town": null, "warning_level": null, "danger_level": null, "frl": null, "mwl": null, "highest_flow_level": 201.06}}, {"type": "Feature", "geometry": {"type": "Point", "coordinates": [80.36944444444444, 29.760555555555555]}, "properties": {"station_code": "028-MGD1LKN", "name": "Jauljibi", "type": "Base", "nearest_town": "", "warning_level": 606.3, "danger_level": 607.3, "frl": null, "mwl": null, "highest_flow_level": 607.9}}, {"type": "Feature", "geometry": {"type": "Point", "coordinates": [79.995, 27.584722222222222]}, "properties": {"station_code": "028-MGD2LKN", "name": "Todarpur", "type": "Base", "nearest_town": null, "warning_level": null, "danger_level": null, "frl": null, "mwl": null, "highest_flow_level": 143.07}}, {"type": "Feature", "geometry": {"type": "Point", "coordinates": [83.01138888888889, 25.20777777777778]}, "properties": {"station_code": "028-MGD3VNS", "name": "NARAYANPUR", "type": "Base", "nearest_town": "", "warning_level": 71.41, "danger_level": 72.41, "frl": null, "mwl": null, "highest_flow_level": 74.91}}, {"type": "Feature", "geometry": {"type": "Point", "coordinates": [88.1575, 26.3925]}, "properties": {"station_code": "028-MGD4PTN", "name": "Taibpur", "type": "Level", "nearest_town": "", "warning_level": 65.0, "danger_level": 66.0, "frl": null, "mwl": null, "highest_flow_level": 67.26}}, {"type": "Feature", "geometry": {"type": "Point", "coordinates": [87.92, 24.8]}, "properties": {"station_code": "028-MGD5PTN", "name": "Farakka(FF)", "type": "Level", "nearest_town": "", "warning_level": 21.25, "danger_level": 22.25, "frl": null, "mwl": null, "highest_flow_level": 25.14}}, {"type": "Feature", "geometry": {"type": "Point", "coordinates": [76.77833333333334, 9.719722222222222]}, "properties": {"station_code": "028-SWRDKOCHI", "name": "KALATHUKADAVU", "type": "Base", "nearest_town": null, "warning_level": 24.8, "danger_level": 25.8, "frl": null, "mwl": null, "highest_flow_level": 26.3}}, {"type": "Feature", "geometry": {"type": "Point", "coordinates": [73.06, 20.19]}, "properties": {"station_code": "028-TDSURAT", "name": "MADHUBAN DAM", "type": "Inflow", "nearest_town": "SILVASSA", "warning_level": null, "danger_level": null, "frl": 79.86, "mwl": 80.6, "highest_flow_level": 80.6}}, {"type": "Feature", "geometry": {"type": "Point", "coordinates": [94.00000000002788, 26.99999999996205]}, "properties": {"station_code": "028-UBDDIB", "name": "Bana", "type": "Base", "nearest_town": "", "warning_level": null, "danger_level": null, "frl": null, "mwl": null, "highest_flow_level": null}}, {"type": "Feature", "geometry": {"type": "Point", "coordinates": [75.0075, 17.911944444444444]}, "properties": {"station_code": "028-UKDPUNE", "name": "Sarati", "type": "Base", "nearest_town": "", "warning_level": 474.128, "danger_level": 475.128, "frl": null, "mwl": null, "highest_flow_level": 477.808}}, {"type": "Feature", "geometry": {"type": "Point", "coordinates": [77.99972222222222, 30.514444444444443]}, "properties": {"station_code": "028-UYDDEL", "name": "Aglarpul", "type": "Base", "nearest_town": null, "warning_level": 689.5, "danger_level": 690.5, "frl": null, "mwl": null, "highest_flow_level": 689.7}}, {"type": "Feature", "geometry": {"type": "Point", "coordinates": [79.58638888888889, 19.509722222222223]}, "properties": {"station_code": "028-WGDNGP", "name": "Sirpur (Town)", "type": "Level", "nearest_town": "", "warning_level": 159.95, "danger_level": 160.95, "frl": null, "mwl": null, "highest_flow_level": 162.74}}, {"type": "Feature", "geometry": {"type": "Point", "coordinates": [74.85777777777777, 13.581666666666667]}, "properties": {"station_code": "028CDBNG", "name": "HALADI", "type": "Base", "nearest_town": "Kundapura", "warning_level": 7.0, "danger_level": 8.0, "frl": null, "mwl": null, "highest_flow_level": 9.05}}, {"type": "Feature", "geometry": {"type": "Point", "coordinates": [84.44305555555556, 19.755555555555556]}, "properties": {"station_code": "028ERDBWN", "name": "Sorada", "type": "Base", "nearest_town": "BERHEMPUR", "warning_level": 80.99, "danger_level": 81.99, "frl": null, "mwl": null, "highest_flow_level": 83.21}}, {"type": "Feature", "geometry": {"type": "Point", "coordinates": [76.34055555555555, 24.433611111111112]}, "properties": {"station_code": "029-CDJAPR", "name": "Barodiya", "type": "Base", "nearest_town": null, "warning_level": 323.0, "danger_level": 324.0, "frl": null, "mwl": null, "highest_flow_level": 322.82}}, {"type": "Feature", "geometry": {"type": "Point", "coordinates": [86.66166666666668, 23.104444444444447]}, "properties": {"station_code": "029-DDASL", "name": "Tusuma", "type": "Base", "nearest_town": "", "warning_level": 140.28, "danger_level": 141.28, "frl": null, "mwl": null, "highest_flow_level": 145.3}}, {"type": "Feature", "geometry": {"type": "Point", "coordinates": [84.88333333333334, 19.516666666666666]}, "properties": {"station_code": "029-ERDBWN", "name": "Purusottampur", "type": "Level", "nearest_town": "berhempur", "warning_level": 15.835, "danger_level": 16.835, "frl": null, "mwl": null, "highest_flow_level": 19.655}}, {"type": "Feature", "geometry": {"type": "Point", "coordinates": [79.02805555555555, 30.654444444444444]}, "properties": {"station_code": "029-HGDDDN", "name": "Gaurikund", "type": "Base", "nearest_town": null, "warning_level": 1975.8, "danger_level": 1976.8, "frl": null, "mwl": null, "highest_flow_level": 1977.35}}, {"type": "Feature", "geometry": {"type": "Point", "coordinates": [79.86, 13.18]}, "properties": {"station_code": "029-HYDCHENNAI", "name": "Poondi Satyamoorthy Reservoir", "type": "Inflow", "nearest_town": "Thiruvallur", "warning_level": null, "danger_level": null, "frl": 42.67, "mwl": null, "highest_flow_level": null}}, {"type": "Feature", "geometry": {"type": "Point", "coordinates": [89.32583333333334, 26.729166666666664]}, "properties": {"station_code": "029-LBDJPG", "name": "Hasimara", "type": "Level", "nearest_town": "", "warning_level": 116.3, "danger_level": 116.9, "frl": null, "mwl": null, "highest_flow_level": 118.5}}, {"type": "Feature", "geometry": {"type": "Point", "coordinates": [81.63611111111112, 17.633055555555558]}, "properties": {"station_code": "029-LGDHYD", "name": "VALAMURU (Pamuleru)", "type": "Base", "nearest_town": null, "warning_level": null, "danger_level": null, "frl": null, "mwl": null, "highest_flow_level": 395.82}}, {"type": "Feature", "geometry": {"type": "Point", "coordinates": [78.42333333333333, 16.572777777777777]}, "properties": {"station_code": "029-LKDHYD", "name": "Suddakal", "type": "Base", "nearest_town": null, "warning_level": null, "danger_level": null, "frl": null, "mwl": null, "highest_flow_level": 431.22}}, {"type": "Feature", "geometry": {"type": "Point", "coordinates": [72.54666666666667, 24.36916666666667]}, "properties": {"station_code": "029-MAHGAND", "name": "Sarotry", "type": "Base", "nearest_town": "", "warning_level": 190.0, "danger_level": 191.0, "frl": null, "mwl": null, "highest_flow_level": 191.5}}, {"type": "Feature", "geometry": {"type": "Point", "coordinates": [83.98166666666667, 21.56722222222222]}, "properties": {"station_code": "029-MDBURLA", "name": "Jamadarpali", "type": "Base", "nearest_town": null, "warning_level": null, "danger_level": null, "frl": null, "mwl": null, "highest_flow_level": 192.22}}, {"type": "Feature", "geometry": {"type": "Point", "coordinates": [91.68222222222222, 22.978888888888886]}, "properties": {"station_code": "029-MDSIL", "name": "Feni G & D Site", "type": "Base", "nearest_town": null, "warning_level": null, "danger_level": null, "frl": null, "mwl": null, "highest_flow_level": 17.81}}, {"type": "Feature", "geometry": {"type": "Point", "coordinates": [80.12583333333333, 29.498611111111114]}, "properties": {"station_code": "029-MGD1LKN", "name": "GHAT", "type": "Base", "nearest_town": "", "warning_level": 464.0, "danger_level": 465.0, "frl": null, "mwl": null, "highest_flow_level": 475.0}}, {"type": "Feature", "geometry": {"type": "Point", "coordinates": [79.95, 27.271666666666665]}, "properties": {"station_code": "029-MGD2LKN", "name": "Sandi", "type": "Base", "nearest_town": null, "warning_level": null, "danger_level": null, "frl": null, "mwl": null, "highest_flow_level": 130.74}}, {"type": "Feature", "geometry": {"type": "Point", "coordinates": [82.92083333333333, 25.08277777777778]}, "properties": {"station_code": "029-MGD3VNS", "name": "Ahraura", "type": "Base", "nearest_town": "", "warning_level": 73.3, "danger_level": 74.3, "frl": null, "mwl": null, "highest_flow_level": 77.51}}, {"type": "Feature", "geometry": {"type": "Point", "coordinates": [87.49305555555556, 26.125]}, "properties": {"station_code": "029-MGD4PTN", "name": "Araria", "type": "Level", "nearest_town": "", "warning_level": 46.0, "danger_level": 47.0, "frl": null, "mwl": null, "highest_flow_level": 49.4}}, {"type": "Feature", "geometry": {"type": "Point", "coordinates": [87.26583333333333, 25.33722222222222]}, "properties": {"station_code": "029-MGD5PTN", "name": "Azmabad", "type": "Base", "nearest_town": null, "warning_level": 29.54, "danger_level": 30.54, "frl": null, "mwl": null, "highest_flow_level": 32.41}}, {"type": "Feature", "geometry": {"type": "Point", "coordinates": [76.40194444444445, 10.723333333333333]}, "properties": {"station_code": "029-SWRDKOCHI", "name": "KONDAZHY", "type": "Base", "nearest_town": null, "warning_level": 32.3, "danger_level": 33.3, "frl": null, "mwl": null, "highest_flow_level": 36.145}}, {"type": "Feature", "geometry": {"type": "Point", "coordinates": [73.28111111111112, 20.202777777777776]}, "properties": {"station_code": "029-TDSURAT", "name": "NANIPALSAN", "type": "Base", "nearest_town": null, "warning_level": 106.0, "danger_level": 107.0, "frl": null, "mwl": null, "highest_flow_level": 110.03}}, {"type": "Feature", "geometry": {"type": "Point", "coordinates": [92.64222222222223, 27.01638888888889]}, "properties": {"station_code": "029-UBDDIB", "name": "Bhalukpong", "type": "Base", "nearest_town": "", "warning_level": 139.0, "danger_level": 140.0, "frl": null, "mwl": null, "highest_flow_level": 141.79}}, {"type": "Feature", "geometry": {"type": "Point", "coordinates": [77.4725, 18.0325]}, "properties": {"station_code": "029-UGDHYD", "name": "JANWADA", "type": "Base", "nearest_town": null, "warning_level": null, "danger_level": null, "frl": null, "mwl": null, "highest_flow_level": null}}, {"type": "Feature", "geometry": {"type": "Point", "coordinates": [74.38055555555555, 18.56833333333333]}, "properties": {"station_code": "029-UKDPUNE", "name": "Paragaon", "type": "Base", "nearest_town": null, "warning_level": 514.0, "danger_level": 515.0, "frl": null, "mwl": null, "highest_flow_level": 515.72}}, {"type": "Feature", "geometry": {"type": "Point", "coordinates": [77.79666666666667, 30.38111111111111]}, "properties": {"station_code": "029-UYDDEL", "name": "Sabhawala", "type": "Base", "nearest_town": null, "warning_level": 425.0, "danger_level": 426.0, "frl": null, "mwl": null, "highest_flow_level": 426.6}}, {"type": "Feature", "geometry": {"type": "Point", "coordinates": [74.58888888888889, 14.434444444444445]}, "properties": {"station_code": "029CDBNG", "name": "SANTEGULI", "type": "Base", "nearest_town": "Kumta", "warning_level": 16.0, "danger_level": 17.0, "frl": null, "mwl": null, "highest_flow_level": 19.71}}, {"type": "Feature", "geometry": {"type": "Point", "coordinates": [78.81666666710932, 11.799999999907637]}, "properties": {"station_code": "030", "name": "Gomukhi dam", "type": "Base", "nearest_town": "", "warning_level": null, "danger_level": null, "frl": null, "mwl": null, "highest_flow_level": null}}, {"type": "Feature", "geometry": {"type": "Point", "coordinates": [75.93555555555555, 25.184722222222224]}, "properties": {"station_code": "030-CDJAPR", "name": "Borkhandi", "type": "Base", "nearest_town": null, "warning_level": 244.5, "danger_level": 246.0, "frl": null, "mwl": null, "highest_flow_level": 245.95}}, {"type": "Feature", "geometry": {"type": "Point", "coordinates": [86.79027777777777, 22.965]}, "properties": {"station_code": "030-DDASL", "name": "Kangsabati Reservoir", "type": "Inflow", "nearest_town": "", "warning_level": null, "danger_level": 134.112, "frl": 134.11, "mwl": null, "highest_flow_level": 135.67}}, {"type": "Feature", "geometry": {"type": "Point", "coordinates": [84.62638888888888, 19.853055555555557]}, "properties": {"station_code": "030-ERDBWN", "name": "Madhabarida", "type": "Base", "nearest_town": "", "warning_level": null, "danger_level": 60.65, "frl": null, "mwl": null, "highest_flow_level": 61.44}}, {"type": "Feature", "geometry": {"type": "Point", "coordinates": [78.83027777777778, 11.77888888888889]}, "properties": {"station_code": "030-HDCHENNAI", "name": "Gomukhi Dam", "type": "Inflow", "nearest_town": "", "warning_level": null, "danger_level": null, "frl": 183.18, "mwl": null, "highest_flow_level": null}}, {"type": "Feature", "geometry": {"type": "Point", "coordinates": [78.94027777777778, 30.99388888888889]}, "properties": {"station_code": "030-HGDDDN", "name": "Gangotri", "type": "Base", "nearest_town": null, "warning_level": 3055.5, "danger_level": 3056.5, "frl": null, "mwl": null, "highest_flow_level": 3057.32}}, {"type": "Feature", "geometry": {"type": "Point", "coordinates": [89.45972222222223, 26.28666666666667]}, "properties": {"station_code": "030-LBDJPG", "name": "Ghugumari", "type": "Level", "nearest_town": "Cooch Behar", "warning_level": 39.8, "danger_level": 40.41, "frl": null, "mwl": null, "highest_flow_level": 41.46}}, {"type": "Feature", "geometry": {"type": "Point", "coordinates": [81.38666666666667, 17.74361111111111]}, "properties": {"station_code": "030-LGDHYD", "name": "Chinturu (Tallagudem/Kummuru)", "type": "Level", "nearest_town": "", "warning_level": 40.5, "danger_level": 42.0, "frl": null, "mwl": null, "highest_flow_level": 50.42}}, {"type": "Feature", "geometry": {"type": "Point", "coordinates": [77.02527777777777, 15.845555555555556]}, "properties": {"station_code": "030-LKDHYD", "name": "Melaganur", "type": "Base", "nearest_town": "", "warning_level": null, "danger_level": null, "frl": null, "mwl": null, "highest_flow_level": 342.38}}, {"type": "Feature", "geometry": {"type": "Point", "coordinates": [78.36, 25.1]}, "properties": {"station_code": "030-LYDAGRA", "name": "Matatila Reservoir", "type": "Inflow", "nearest_town": null, "warning_level": null, "danger_level": null, "frl": 308.46, "mwl": 310.04, "highest_flow_level": null}}, {"type": "Feature", "geometry": {"type": "Point", "coordinates": [72.33916666666666, 24.337777777777777]}, "properties": {"station_code": "030-MAHGAND", "name": "Dantiwada Dam", "type": "Inflow", "nearest_town": "", "warning_level": 182.88, "danger_level": 185.06, "frl": 184.1, "mwl": 185.06, "highest_flow_level": 186.04}}, {"type": "Feature", "geometry": {"type": "Point", "coordinates": [92.85666666666665, 25.115555555555556]}, "properties": {"station_code": "030-MBDGHY", "name": "Harangajao", "type": "Base", "nearest_town": "", "warning_level": null, "danger_level": null, "frl": null, "mwl": null, "highest_flow_level": 134.0}}, {"type": "Feature", "geometry": {"type": "Point", "coordinates": [83.91222222222223, 21.221944444444443]}, "properties": {"station_code": "030-MDBURLA", "name": "Deogaon", "type": "Base", "nearest_town": null, "warning_level": null, "danger_level": null, "frl": null, "mwl": null, "highest_flow_level": 130.5}}, {"type": "Feature", "geometry": {"type": "Point", "coordinates": [80.57777777777777, 30.02611111111111]}, "properties": {"station_code": "030-MGD1LKN", "name": "Kanjyoti", "type": "Base", "nearest_town": "", "warning_level": 1550.1, "danger_level": 1551.1, "frl": null, "mwl": null, "highest_flow_level": 1552.5}}, {"type": "Feature", "geometry": {"type": "Point", "coordinates": [80.92222222222223, 26.11138888888889]}, "properties": {"station_code": "030-MGD2LKN", "name": "Lalganj", "type": "Base", "nearest_town": null, "warning_level": null, "danger_level": null, "frl": null, "mwl": null, "highest_flow_level": 100.0}}, {"type": "Feature", "geometry": {"type": "Point", "coordinates": [81.98222222222222, 25.151666666666664]}, "properties": {"station_code": "030-MGD3VNS", "name": "Kohdarghat", "type": "Base", "nearest_town": "", "warning_level": 81.51, "danger_level": 82.51, "frl": null, "mwl": null, "highest_flow_level": 85.01}}, {"type": "Feature", "geometry": {"type": "Point", "coordinates": [87.80611111111111, 25.850555555555555]}, "properties": {"station_code": "030-MGD4PTN", "name": "Dhengraghat", "type": "Level", "nearest_town": "", "warning_level": 34.65, "danger_level": 35.65, "frl": null, "mwl": null, "highest_flow_level": 38.2}}, {"type": "Feature", "geometry": {"type": "Point", "coordinates": [77.46583333333334, 8.693333333333333]}, "properties": {"station_code": "030-SRDCBE", "name": "KALLIDAIKURICHHI", "type": "Base", "nearest_town": "", "warning_level": 73.5, "danger_level": 74.4, "frl": null, "mwl": null, "highest_flow_level": 78.85}}, {"type": "Feature", "geometry": {"type": "Point", "coordinates": [76.20055555555555, 10.677777777777777]}, "properties": {"station_code": "030-SWRDKOCHI", "name": "KOTTAPURAM", "type": "Base", "nearest_town": null, "warning_level": 18.5, "danger_level": 20.0, "frl": null, "mwl": null, "highest_flow_level": 20.45}}, {"type": "Feature", "geometry": {"type": "Point", "coordinates": [72.98555555555555, 20.268055555555556]}, "properties": {"station_code": "030-TDSURAT", "name": "SILVASSA", "type": "Base", "nearest_town": null, "warning_level": 29.0, "danger_level": 30.0, "frl": null, "mwl": null, "highest_flow_level": 37.26}}, {"type": "Feature", "geometry": {"type": "Point", "coordinates": [92.87963888888888, 26.8105]}, "properties": {"station_code": "030-UBDDIB", "name": "NT Road Crossing Jia-Bharali", "type": "Level", "nearest_town": "", "warning_level": 77.5, "danger_level": 78.5, "frl": null, "mwl": 73.0, "highest_flow_level": 78.5}}, {"type": "Feature", "geometry": {"type": "Point", "coordinates": [78.06333333333333, 18.81361111111111]}, "properties": {"station_code": "030-UGDHYD", "name": "JANNEPALLY", "type": "Base", "nearest_town": null, "warning_level": 342.655, "danger_level": 343.655, "frl": null, "mwl": null, "highest_flow_level": 344.655}}, {"type": "Feature", "geometry": {"type": "Point", "coordinates": [75.37305555555555, 15.573055555555555]}, "properties": {"station_code": "030-UKDPUNE", "name": "Navalgund", "type": "Base", "nearest_town": null, "warning_level": 562.0, "danger_level": 564.5, "frl": null, "mwl": null, "highest_flow_level": 569.8}}, {"type": "Feature", "geometry": {"type": "Point", "coordinates": [77.705, 30.761388888888888]}, "properties": {"station_code": "030-UYDDEL", "name": "Attal", "type": "Base", "nearest_town": null, "warning_level": 777.0, "danger_level": 778.0, "frl": null, "mwl": null, "highest_flow_level": 778.98}}, {"type": "Feature", "geometry": {"type": "Point", "coordinates": [74.98083333333334, 13.294166666666667]}, "properties": {"station_code": "030CDBNG", "name": "YENNEHOLE", "type": "Base", "nearest_town": "Karkala", "warning_level": 22.0, "danger_level": 23.0, "frl": null, "mwl": null, "highest_flow_level": 26.05}}, {"type": "Feature", "geometry": {"type": "Point", "coordinates": [78.59166666686765, 12.200000000392668]}, "properties": {"station_code": "031", "name": "Sathanur Dam", "type": "Base", "nearest_town": "", "warning_level": null, "danger_level": null, "frl": null, "mwl": null, "highest_flow_level": null}}, {"type": "Feature", "geometry": {"type": "Point", "coordinates": [76.36777777777777, 26.19361111111111]}, "properties": {"station_code": "031-CDJAPR", "name": "Dubi", "type": "Base", "nearest_town": null, "warning_level": 226.0, "danger_level": 227.0, "frl": null, "mwl": null, "highest_flow_level": 225.24}}, {"type": "Feature", "geometry": {"type": "Point", "coordinates": [87.04388888888889, 22.583333333333332]}, "properties": {"station_code": "031-DDASL", "name": "Lalgarh", "type": "Base", "nearest_town": "", "warning_level": null, "danger_level": null, "frl": null, "mwl": null, "highest_flow_level": 50.5}}, {"type": "Feature", "geometry": {"type": "Point", "coordinates": [84.2625, 19.223333333333333]}, "properties": {"station_code": "031-ERDBWN", "name": "Mahendragarh", "type": "Base", "nearest_town": "", "warning_level": null, "danger_level": null, "frl": null, "mwl": null, "highest_flow_level": 568.31}}, {"type": "Feature", "geometry": {"type": "Point", "coordinates": [78.85, 12.183055555555555]}, "properties": {"station_code": "031-HDCHENNAI", "name": "Sathanur Dam", "type": "Inflow", "nearest_town": "", "warning_level": null, "danger_level": null, "frl": 222.2, "mwl": null, "highest_flow_level": null}}, {"type": "Feature", "geometry": {"type": "Point", "coordinates": [79.3888888888889, 30.407777777777778]}, "properties": {"station_code": "031-HGDDDN", "name": "Birahi", "type": "Base", "nearest_town": null, "warning_level": 1042.4, "danger_level": 1043.4, "frl": null, "mwl": null, "highest_flow_level": 1044.81}}, {"type": "Feature", "geometry": {"type": "Point", "coordinates": [88.42222222222223, 26.739166666666666]}, "properties": {"station_code": "031-LBDJPG", "name": "Champasari", "type": "Base", "nearest_town": "", "warning_level": null, "danger_level": null, "frl": null, "mwl": null, "highest_flow_level": 120.24}}, {"type": "Feature", "geometry": {"type": "Point", "coordinates": [81.64361111111111, 17.2925]}, "properties": {"station_code": "031-LGDHYD", "name": "Polavaram Irrigation Project", "type": "Inflow", "nearest_town": "", "warning_level": null, "danger_level": null, "frl": null, "mwl": null, "highest_flow_level": null}}, {"type": "Feature", "geometry": {"type": "Point", "coordinates": [78.23, 24.76]}, "properties": {"station_code": "031-LYDAGRA", "name": "RAJGHAT DAM", "type": "Inflow", "nearest_town": null, "warning_level": null, "danger_level": null, "frl": 371.0, "mwl": 373.07, "highest_flow_level": null}}, {"type": "Feature", "geometry": {"type": "Point", "coordinates": [72.8611111111111, 24.323888888888888]}, "properties": {"station_code": "031-MAHGAND", "name": "Ambaji", "type": "Base", "nearest_town": null, "warning_level": null, "danger_level": null, "frl": null, "mwl": null, "highest_flow_level": null}}, {"type": "Feature", "geometry": {"type": "Point", "coordinates": [83.98, 20.828333333333333]}, "properties": {"station_code": "031-MDBURLA", "name": "Khairmal", "type": "Base", "nearest_town": null, "warning_level": null, "danger_level": null, "frl": null, "mwl": null, "highest_flow_level": 108.31}}, {"type": "Feature", "geometry": {"type": "Point", "coordinates": [80.30444444444444, 29.959444444444443]}, "properties": {"station_code": "031-MGD1LKN", "name": "Bangapani", "type": "Base", "nearest_town": null, "warning_level": 987.25, "danger_level": 988.25, "frl": null, "mwl": null, "highest_flow_level": 991.5}}, {"type": "Feature", "geometry": {"type": "Point", "coordinates": [81.73472222222222, 25.033333333333335]}, "properties": {"station_code": "031-MGD3VNS", "name": "Chakghat", "type": "Base", "nearest_town": "", "warning_level": 91.2, "danger_level": 92.2, "frl": null, "mwl": null, "highest_flow_level": 96.0}}, {"type": "Feature", "geometry": {"type": "Point", "coordinates": [87.78777777777778, 25.612222222222222]}, "properties": {"station_code": "031-MGD4PTN", "name": "Jhawa", "type": "Level", "nearest_town": "", "warning_level": 30.4, "danger_level": 31.4, "frl": null, "mwl": null, "highest_flow_level": 34.07}}, {"type": "Feature", "geometry": {"type": "Point", "coordinates": [83.87833333333333, 24.21361111111111]}, "properties": {"station_code": "031-MGD5PTN", "name": "Garhwa", "type": "Base", "nearest_town": null, "warning_level": 173.55, "danger_level": 174.55, "frl": null, "mwl": null, "highest_flow_level": 175.55}}, {"type": "Feature", "geometry": {"type": "Point", "coordinates": [78.50222222222222, 12.077777777777778]}, "properties": {"station_code": "031-SRDCBE", "name": "HARUR", "type": "Base", "nearest_town": null, "warning_level": 346.22, "danger_level": 347.22, "frl": null, "mwl": null, "highest_flow_level": 348.0}}, {"type": "Feature", "geometry": {"type": "Point", "coordinates": [72.88, 20.37]}, "properties": {"station_code": "031-TDSURAT", "name": "VAPI", "type": "Level", "nearest_town": "", "warning_level": 18.2, "danger_level": 19.2, "frl": null, "mwl": null, "highest_flow_level": 23.76}}, {"type": "Feature", "geometry": {"type": "Point", "coordinates": [92.79730555555555, 26.616666666666667]}, "properties": {"station_code": "031-UBDDIB", "name": "Tezpur", "type": "Level", "nearest_town": "", "warning_level": 64.23, "danger_level": 65.23, "frl": null, "mwl": null, "highest_flow_level": 66.59}}, {"type": "Feature", "geometry": {"type": "Point", "coordinates": [75.28111111111112, 16.323333333333334]}, "properties": {"station_code": "031-UKDPUNE", "name": "Mudhol", "type": "Base", "nearest_town": null, "warning_level": 537.0, "danger_level": 539.0, "frl": null, "mwl": null, "highest_flow_level": 544.73}}, {"type": "Feature", "geometry": {"type": "Point", "coordinates": [77.705, 30.761388888888888]}, "properties": {"station_code": "031-UYDDEL", "name": "Meenus (Khad)", "type": "Base", "nearest_town": null, "warning_level": 732.5, "danger_level": 733.5, "frl": null, "mwl": null, "highest_flow_level": 735.3}}, {"type": "Feature", "geometry": {"type": "Point", "coordinates": [80.68583333333333, 27.571944444444444]}, "properties": {"station_code": "031_MGD2LKN", "name": "Sitapur", "type": "Base", "nearest_town": null, "warning_level": 128.5, "danger_level": 129.5, "frl": null, "mwl": null, "highest_flow_level": 131.1}}, {"type": "Feature", "geometry": {"type": "Point", "coordinates": [87.3436111111111, 22.398333333333333]}, "properties": {"station_code": "032-ADSL", "name": "Mohanpur", "type": "Level", "nearest_town": "", "warning_level": 24.73, "danger_level": 25.73, "frl": null, "mwl": null, "highest_flow_level": 29.62}}, {"type": "Feature", "geometry": {"type": "Point", "coordinates": [76.19416666666667, 25.61888888888889]}, "properties": {"station_code": "032-CDJAPR", "name": "Lakheri", "type": "Base", "nearest_town": null, "warning_level": 206.0, "danger_level": 206.5, "frl": null, "mwl": null, "highest_flow_level": 215.05}}, {"type": "Feature", "geometry": {"type": "Point", "coordinates": [84.26138888888889, 19.44472222222222]}, "properties": {"station_code": "032-ERDBWN", "name": "Mohana", "type": "Base", "nearest_town": "", "warning_level": null, "danger_level": null, "frl": null, "mwl": null, "highest_flow_level": 463.6}}, {"type": "Feature", "geometry": {"type": "Point", "coordinates": [78.29722222222222, 30.695]}, "properties": {"station_code": "032-HGDDDN", "name": "Brahmakhaal", "type": "Base", "nearest_town": null, "warning_level": 1193.0, "danger_level": 1194.0, "frl": null, "mwl": null, "highest_flow_level": 1191.72}}, {"type": "Feature", "geometry": {"type": "Point", "coordinates": [79.08999999999999, 11.4]}, "properties": {"station_code": "032-HYDCHENNAI", "name": "Wellington Reservoir", "type": "Inflow", "nearest_town": "", "warning_level": null, "danger_level": null, "frl": 72.54, "mwl": null, "highest_flow_level": null}}, {"type": "Feature", "geometry": {"type": "Point", "coordinates": [88.82777777777777, 26.840555555555554]}, "properties": {"station_code": "032-LBDJPG", "name": "MURTI", "type": "Base", "nearest_town": "", "warning_level": null, "danger_level": null, "frl": null, "mwl": null, "highest_flow_level": 141.45}}, {"type": "Feature", "geometry": {"type": "Point", "coordinates": [81.81638888888888, 16.815]}, "properties": {"station_code": "032-LGDHYD", "name": "Atreyapuram (Gauthami)", "type": "Level", "nearest_town": "Ravulapalem", "warning_level": 13.5, "danger_level": 15.0, "frl": null, "mwl": null, "highest_flow_level": 15.86}}, {"type": "Feature", "geometry": {"type": "Point", "coordinates": [77.74138888888889, 27.124444444444446]}, "properties": {"station_code": "032-LYDAGRA", "name": "KIRAOLI", "type": "Base", "nearest_town": null, "warning_level": 168.04, "danger_level": 169.04, "frl": null, "mwl": null, "highest_flow_level": 166.86}}, {"type": "Feature", "geometry": {"type": "Point", "coordinates": [71.74416666666667, 23.808333333333334]}, "properties": {"station_code": "032-MAHGAND", "name": "Kamalpur", "type": "Base", "nearest_town": "", "warning_level": 37.5, "danger_level": 38.5, "frl": null, "mwl": null, "highest_flow_level": 38.98}}, {"type": "Feature", "geometry": {"type": "Point", "coordinates": [86.4925, 20.409166666666664]}, "properties": {"station_code": "032-MDBURLA", "name": "Marshaghai ", "type": "Base", "nearest_town": null, "warning_level": null, "danger_level": null, "frl": null, "mwl": null, "highest_flow_level": 6.15}}, {"type": "Feature", "geometry": {"type": "Point", "coordinates": [79.63472222222222, 29.90361111111111]}, "properties": {"station_code": "032-MGD1LKN", "name": "Gagrigol", "type": "Base", "nearest_town": null, "warning_level": 1095.5, "danger_level": 1096.5, "frl": null, "mwl": null, "highest_flow_level": 1098.5}}, {"type": "Feature", "geometry": {"type": "Point", "coordinates": [79.91000000000001, 27.836944444444445]}, "properties": {"station_code": "032-MGD2LKN", "name": "Shahjahanpur", "type": "Base", "nearest_town": null, "warning_level": null, "danger_level": null, "frl": null, "mwl": null, "highest_flow_level": 146.55}}, {"type": "Feature", "geometry": {"type": "Point", "coordinates": [82.25777777777778, 24.924722222222222]}, "properties": {"station_code": "032-MGD3VNS", "name": "LALGANJ", "type": "Base", "nearest_town": "", "warning_level": 137.0, "danger_level": 138.0, "frl": null, "mwl": null, "highest_flow_level": 139.15}}, {"type": "Feature", "geometry": {"type": "Point", "coordinates": [85.30027777777778, 26.27361111111111]}, "properties": {"station_code": "032-MGD4PTN", "name": "Kanti", "type": "Base", "nearest_town": "", "warning_level": 53.09, "danger_level": 54.09, "frl": null, "mwl": 0.0, "highest_flow_level": 56.45}}, {"type": "Feature", "geometry": {"type": "Point", "coordinates": [85.19527777777778, 25.511666666666667]}, "properties": {"station_code": "032-MGD5PTN", "name": "Fatehpur", "type": "Base", "nearest_town": null, "warning_level": 50.4, "danger_level": 51.4, "frl": null, "mwl": null, "highest_flow_level": 52.63}}, {"type": "Feature", "geometry": {"type": "Point", "coordinates": [76.91222222222223, 9.531111111111112]}, "properties": {"station_code": "032-SWRDKOCHI", "name": "MANIKAL", "type": "Base", "nearest_town": null, "warning_level": 77.4, "danger_level": 78.4, "frl": null, "mwl": null, "highest_flow_level": 79.63}}, {"type": "Feature", "geometry": {"type": "Point", "coordinates": [72.83999999999999, 20.41]}, "properties": {"station_code": "032-TDSURAT", "name": "DAMAN", "type": "Level", "nearest_town": "", "warning_level": 2.6, "danger_level": 3.4, "frl": null, "mwl": null, "highest_flow_level": 4.0}}, {"type": "Feature", "geometry": {"type": "Point", "coordinates": [92.885, 25.84861111111111]}, "properties": {"station_code": "032-UBDDIB", "name": "Kheronighat", "type": "Base", "nearest_town": "", "warning_level": null, "danger_level": null, "frl": null, "mwl": null, "highest_flow_level": 74.92}}, {"type": "Feature", "geometry": {"type": "Point", "coordinates": [74.38277777777778, 19.519444444444442]}, "properties": {"station_code": "032-UGDHYD", "name": "Pratappur", "type": "Base", "nearest_town": null, "warning_level": null, "danger_level": null, "frl": null, "mwl": null, "highest_flow_level": 527.66}}, {"type": "Feature", "geometry": {"type": "Point", "coordinates": [73.75, 17.4]}, "properties": {"station_code": "032-UKDPUNE", "name": "Koyna", "type": "Inflow", "nearest_town": "", "warning_level": null, "danger_level": null, "frl": 659.43, "mwl": null, "highest_flow_level": null}}, {"type": "Feature", "geometry": {"type": "Point", "coordinates": [77.70527777777778, 30.761388888888888]}, "properties": {"station_code": "032-UYDDEL", "name": "Meenus(Tons)", "type": "Base", "nearest_town": null, "warning_level": 727.5, "danger_level": 728.5, "frl": null, "mwl": null, "highest_flow_level": 730.35}}, {"type": "Feature", "geometry": {"type": "Point", "coordinates": [79.60388888888889, 20.871944444444445]}, "properties": {"station_code": "032-WGDNGP", "name": "Gosikhurd Dam", "type": "Inflow", "nearest_town": "Pauni", "warning_level": null, "danger_level": null, "frl": 245.5, "mwl": 245.7, "highest_flow_level": 245.5}}, {"type": "Feature", "geometry": {"type": "Point", "coordinates": [81.75472222257275, 16.829166667001573]}, "properties": {"station_code": "033", "name": "Bateshwar", "type": "Base", "nearest_town": null, "warning_level": null, "danger_level": null, "frl": null, "mwl": null, "highest_flow_level": null}}, {"type": "Feature", "geometry": {"type": "Point", "coordinates": [75.1563888888889, 24.328888888888887]}, "properties": {"station_code": "033-CDJAPR", "name": "Tumri", "type": "Base", "nearest_town": null, "warning_level": 413.125, "danger_level": 414.125, "frl": null, "mwl": null, "highest_flow_level": 415.625}}, {"type": "Feature", "geometry": {"type": "Point", "coordinates": [86.36277777777777, 23.073888888888888]}, "properties": {"station_code": "033-DDASL", "name": "Purihansha", "type": "Base", "nearest_town": "", "warning_level": 194.7, "danger_level": 195.7, "frl": null, "mwl": null, "highest_flow_level": 200.25}}, {"type": "Feature", "geometry": {"type": "Point", "coordinates": [83.55027777777778, 19.614722222222223]}, "properties": {"station_code": "033-ERDBWN", "name": "Kutragada", "type": "Base", "nearest_town": null, "warning_level": null, "danger_level": null, "frl": null, "mwl": null, "highest_flow_level": 269.84}}, {"type": "Feature", "geometry": {"type": "Point", "coordinates": [78.79083333333332, 11.737499999999999]}, "properties": {"station_code": "033-HDCHENNAI", "name": "Mayambadi", "type": "Base", "nearest_town": "", "warning_level": 220.5, "danger_level": 221.5, "frl": null, "mwl": null, "highest_flow_level": 222.0}}, {"type": "Feature", "geometry": {"type": "Point", "coordinates": [78.75611111111111, 30.516944444444444]}, "properties": {"station_code": "033-HGDDDN", "name": "Dhopaddhaar", "type": "Base", "nearest_town": null, "warning_level": 1381.0, "danger_level": 1382.0, "frl": null, "mwl": null, "highest_flow_level": 1382.2}}, {"type": "Feature", "geometry": {"type": "Point", "coordinates": [90.65384444444445, 26.496602777777778]}, "properties": {"station_code": "033-LBDJPG", "name": "AIE NH XING", "type": "Base", "nearest_town": "", "warning_level": null, "danger_level": null, "frl": null, "mwl": null, "highest_flow_level": 53.33}}, {"type": "Feature", "geometry": {"type": "Point", "coordinates": [81.75472222222223, 16.829166666666666]}, "properties": {"station_code": "033-LGDHYD", "name": "Kanuru Agraharam (Vashista)", "type": "Base", "nearest_town": null, "warning_level": null, "danger_level": null, "frl": null, "mwl": null, "highest_flow_level": 14.83}}, {"type": "Feature", "geometry": {"type": "Point", "coordinates": [80.2063888888889, 16.554722222222225]}, "properties": {"station_code": "033-LKDHYD", "name": "Munugodu", "type": "Base", "nearest_town": null, "warning_level": null, "danger_level": null, "frl": null, "mwl": null, "highest_flow_level": 30.13}}, {"type": "Feature", "geometry": {"type": "Point", "coordinates": [78.57333333333332, 26.941666666666666]}, "properties": {"station_code": "033-LYDAGRA", "name": "BATESHWAR", "type": "Base", "nearest_town": null, "warning_level": 135.96, "danger_level": 136.96, "frl": null, "mwl": null, "highest_flow_level": 135.02}}, {"type": "Feature", "geometry": {"type": "Point", "coordinates": [72.30944444444444, 24.400277777777777]}, "properties": {"station_code": "033-MAHGAND", "name": "Bhakudar (Sipu Dam)", "type": "Base", "nearest_town": "", "warning_level": null, "danger_level": null, "frl": 186.43, "mwl": null, "highest_flow_level": 186.48}}, {"type": "Feature", "geometry": {"type": "Point", "coordinates": [85.64361111111111, 20.003888888888888]}, "properties": {"station_code": "033-MDBURLA", "name": "Kanas (S)", "type": "Base", "nearest_town": null, "warning_level": null, "danger_level": null, "frl": null, "mwl": null, "highest_flow_level": 5.57}}, {"type": "Feature", "geometry": {"type": "Point", "coordinates": [80.14111111111112, 29.8275]}, "properties": {"station_code": "033-MGD1LKN", "name": "Thal", "type": "Base", "nearest_town": null, "warning_level": 788.12, "danger_level": 789.12, "frl": null, "mwl": null, "highest_flow_level": 790.5}}, {"type": "Feature", "geometry": {"type": "Point", "coordinates": [79.33777777777777, 28.68138888888889]}, "properties": {"station_code": "033-MGD2LKN", "name": "Shergarh", "type": "Base", "nearest_town": null, "warning_level": null, "danger_level": null, "frl": null, "mwl": null, "highest_flow_level": 181.012}}, {"type": "Feature", "geometry": {"type": "Point", "coordinates": [81.82472222222222, 24.96361111111111]}, "properties": {"station_code": "033-MGD3VNS", "name": "Kairi", "type": "Base", "nearest_town": "", "warning_level": 92.35, "danger_level": 93.35, "frl": null, "mwl": null, "highest_flow_level": 96.37}}, {"type": "Feature", "geometry": {"type": "Point", "coordinates": [85.55499999999999, 26.040555555555557]}, "properties": {"station_code": "033-MGD4PTN", "name": "Sakra", "type": "Base", "nearest_town": "", "warning_level": 49.58, "danger_level": 50.58, "frl": null, "mwl": null, "highest_flow_level": 51.47}}, {"type": "Feature", "geometry": {"type": "Point", "coordinates": [85.0936111111111, 25.35138888888889]}, "properties": {"station_code": "033-MGD5PTN", "name": "Kolhachak", "type": "Base", "nearest_town": null, "warning_level": 54.48, "danger_level": 55.48, "frl": null, "mwl": null, "highest_flow_level": 56.13}}, {"type": "Feature", "geometry": {"type": "Point", "coordinates": [76.23777777777778, 10.424999999999999]}, "properties": {"station_code": "033-SWRDKOCHI", "name": "PALAKADAVU", "type": "Base", "nearest_town": null, "warning_level": 4.14, "danger_level": 5.14, "frl": null, "mwl": null, "highest_flow_level": 6.08}}, {"type": "Feature", "geometry": {"type": "Point", "coordinates": [73.0786111111111, 22.110833333333336]}, "properties": {"station_code": "033-TDSURAT", "name": "PINGALWADA", "type": "Base", "nearest_town": null, "warning_level": 16.0, "danger_level": 16.9, "frl": null, "mwl": null, "highest_flow_level": 19.25}}, {"type": "Feature", "geometry": {"type": "Point", "coordinates": [92.65333333333334, 26.152777777777775]}, "properties": {"station_code": "033-UBDDIB", "name": "Kampur", "type": "Level", "nearest_town": "", "warning_level": 59.5, "danger_level": 60.5, "frl": null, "mwl": null, "highest_flow_level": 62.2}}, {"type": "Feature", "geometry": {"type": "Point", "coordinates": [74.08999999999999, 18.12]}, "properties": {"station_code": "033-UKDPUNE", "name": "Veer Dam", "type": "Inflow", "nearest_town": "", "warning_level": null, "danger_level": null, "frl": 579.85, "mwl": null, "highest_flow_level": null}}, {"type": "Feature", "geometry": {"type": "Point", "coordinates": [77.85305555555556, 30.526944444444442]}, "properties": {"station_code": "033-UYDDEL", "name": "Kalsi", "type": "Base", "nearest_town": null, "warning_level": 512.0, "danger_level": 513.0, "frl": null, "mwl": null, "highest_flow_level": 513.25}}, {"type": "Feature", "geometry": {"type": "Point", "coordinates": [79.54166666666667, 21.541666666666668]}, "properties": {"station_code": "033-WGDNGP", "name": "Bawanthadi Reservoir", "type": "Inflow", "nearest_town": null, "warning_level": null, "danger_level": null, "frl": 344.4, "mwl": 345.6, "highest_flow_level": 345.6}}, {"type": "Feature", "geometry": {"type": "Point", "coordinates": [75.23555555555555, 24.190277777777776]}, "properties": {"station_code": "034-CDJAPR", "name": "Nahargarh", "type": "Base", "nearest_town": null, "warning_level": 405.255, "danger_level": 406.255, "frl": null, "mwl": null, "highest_flow_level": 408.835}}, {"type": "Feature", "geometry": {"type": "Point", "coordinates": [86.97472222222223, 22.629722222222224]}, "properties": {"station_code": "034-DDASAL", "name": "D P Ghat", "type": "Base", "nearest_town": "", "warning_level": 55.34, "danger_level": 56.34, "frl": null, "mwl": null, "highest_flow_level": 56.995}}, {"type": "Feature", "geometry": {"type": "Point", "coordinates": [83.76638888888888, 19.404444444444444]}, "properties": {"station_code": "034-ERDBWN", "name": "Gudari", "type": "Base", "nearest_town": "", "warning_level": null, "danger_level": null, "frl": null, "mwl": null, "highest_flow_level": 121.82}}, {"type": "Feature", "geometry": {"type": "Point", "coordinates": [78.78666666666666, 11.787222222222223]}, "properties": {"station_code": "034-HDCHENNAI", "name": "Kalpadai", "type": "Base", "nearest_town": "", "warning_level": 204.25, "danger_level": 205.25, "frl": null, "mwl": null, "highest_flow_level": 205.75}}, {"type": "Feature", "geometry": {"type": "Point", "coordinates": [79.74083333333333, 30.531388888888888]}, "properties": {"station_code": "034-HGDDDN", "name": "Suraithota", "type": "Base", "nearest_town": null, "warning_level": 2148.5, "danger_level": 2149.5, "frl": null, "mwl": null, "highest_flow_level": 2148.24}}, {"type": "Feature", "geometry": {"type": "Point", "coordinates": [90.46948888888889, 26.319488888888888]}, "properties": {"station_code": "034-LBDJPG", "name": "BAHALPUR", "type": "Base", "nearest_town": "", "warning_level": null, "danger_level": null, "frl": null, "mwl": null, "highest_flow_level": 35.8}}, {"type": "Feature", "geometry": {"type": "Point", "coordinates": [80.39333333333335, 18.58611111111111]}, "properties": {"station_code": "034-LGDHYD", "name": "PVNRao Kantanapally Project", "type": "Inflow", "nearest_town": "", "warning_level": null, "danger_level": null, "frl": 83.0, "mwl": 89.0, "highest_flow_level": null}}, {"type": "Feature", "geometry": {"type": "Point", "coordinates": [79.40972222222223, 17.446944444444444]}, "properties": {"station_code": "034-LKDHYD", "name": "Anantharam", "type": "Base", "nearest_town": null, "warning_level": null, "danger_level": null, "frl": null, "mwl": null, "highest_flow_level": 231.1}}, {"type": "Feature", "geometry": {"type": "Point", "coordinates": [78.53277777777778, 27.121666666666666]}, "properties": {"station_code": "034-LYDAGRA", "name": "RUPAS NAGAR", "type": "Base", "nearest_town": null, "warning_level": 163.5, "danger_level": 164.5, "frl": null, "mwl": null, "highest_flow_level": 161.85}}, {"type": "Feature", "geometry": {"type": "Point", "coordinates": [84.78138888888888, 20.598888888888887]}, "properties": {"station_code": "034-MDBURLA", "name": "Tikarpara", "type": "Base", "nearest_town": "", "warning_level": null, "danger_level": null, "frl": null, "mwl": null, "highest_flow_level": 74.98}}, {"type": "Feature", "geometry": {"type": "Point", "coordinates": [79.7713888888889, 29.828055555555554]}, "properties": {"station_code": "034-MGD1LKN", "name": "Bageshwar", "type": "Base", "nearest_town": null, "warning_level": 856.6, "danger_level": 857.6, "frl": null, "mwl": null, "highest_flow_level": 856.97}}, {"type": "Feature", "geometry": {"type": "Point", "coordinates": [79.25166666666667, 28.51861111111111]}, "properties": {"station_code": "034-MGD2LKN", "name": "Meerganj", "type": "Base", "nearest_town": null, "warning_level": null, "danger_level": null, "frl": null, "mwl": null, "highest_flow_level": 171.671}}, {"type": "Feature", "geometry": {"type": "Point", "coordinates": [81.47944444444444, 24.191388888888888]}, "properties": {"station_code": "034-MGD3VNS", "name": "NAUDHIYA", "type": "Base", "nearest_town": "", "warning_level": 299.5, "danger_level": 300.5, "frl": null, "mwl": null, "highest_flow_level": 304.02}}, {"type": "Feature", "geometry": {"type": "Point", "coordinates": [85.81472222222222, 26.0325]}, "properties": {"station_code": "034-MGD4PTN", "name": "Bishunpur", "type": "Base", "nearest_town": "", "warning_level": 46.4, "danger_level": 47.4, "frl": null, "mwl": null, "highest_flow_level": 48.97}}, {"type": "Feature", "geometry": {"type": "Point", "coordinates": [86.73472222222222, 25.253055555555555]}, "properties": {"station_code": "034-MGD5PTN", "name": "Sultanganj", "type": "Base", "nearest_town": null, "warning_level": 33.5, "danger_level": 34.5, "frl": null, "mwl": null, "highest_flow_level": 36.75}}, {"type": "Feature", "geometry": {"type": "Point", "coordinates": [76.61638888888888, 10.039444444444444]}, "properties": {"station_code": "034-SWRDKOCHI", "name": "PALLIPPADY", "type": "Base", "nearest_town": null, "warning_level": 23.8, "danger_level": 24.8, "frl": null, "mwl": null, "highest_flow_level": 25.5}}, {"type": "Feature", "geometry": {"type": "Point", "coordinates": [73.14027777777778, 21.014444444444443]}, "properties": {"station_code": "034-TDSURAT", "name": "MAHUWA", "type": "Base", "nearest_town": null, "warning_level": 16.0, "danger_level": 18.0, "frl": null, "mwl": null, "highest_flow_level": 24.8}}, {"type": "Feature", "geometry": {"type": "Point", "coordinates": [92.3586111111111, 26.168333333333333]}, "properties": {"station_code": "034-UBDDIB", "name": "Dharamtul", "type": "Level", "nearest_town": "", "warning_level": 55.0, "danger_level": 56.0, "frl": null, "mwl": null, "highest_flow_level": 58.09}}, {"type": "Feature", "geometry": {"type": "Point", "coordinates": [74.6, 19.35]}, "properties": {"station_code": "034-UGDHYD", "name": "Mula Dam", "type": "Inflow", "nearest_town": null, "warning_level": null, "danger_level": null, "frl": 552.3, "mwl": null, "highest_flow_level": null}}, {"type": "Feature", "geometry": {"type": "Point", "coordinates": [73.86, 17.13]}, "properties": {"station_code": "034-UKDPUNE", "name": "Warna Dam", "type": "Inflow", "nearest_town": "", "warning_level": null, "danger_level": null, "frl": 626.9, "mwl": null, "highest_flow_level": null}}, {"type": "Feature", "geometry": {"type": "Point", "coordinates": [77.44111111111111, 30.604444444444447]}, "properties": {"station_code": "034-UYDDEL", "name": "Renuka Ji", "type": "Base", "nearest_town": null, "warning_level": 628.0, "danger_level": 629.0, "frl": null, "mwl": null, "highest_flow_level": 629.02}}, {"type": "Feature", "geometry": {"type": "Point", "coordinates": [79.17361111111111, 22.119444444444444]}, "properties": {"station_code": "034-WGDNGP", "name": "Pench Reservoir (Machagora Dam)", "type": "Inflow", "nearest_town": null, "warning_level": null, "danger_level": null, "frl": 625.75, "mwl": 626.97, "highest_flow_level": 626.97}}, {"type": "Feature", "geometry": {"type": "Point", "coordinates": [70.18083333333334, 21.665555555555553]}, "properties": {"station_code": "034MAHGAND", "name": "Ganod", "type": "Base", "nearest_town": "", "warning_level": 32.0, "danger_level": 33.0, "frl": null, "mwl": null, "highest_flow_level": 33.85}}, {"type": "Feature", "geometry": {"type": "Point", "coordinates": [92.85388888888889, 26.610833333333336]}, "properties": {"station_code": "035", "name": "Bhomoraguri", "type": "Base", "nearest_town": "", "warning_level": 65.0, "danger_level": 66.0, "frl": null, "mwl": null, "highest_flow_level": 67.18}}, {"type": "Feature", "geometry": {"type": "Point", "coordinates": [75.17916666666667, 13.652222222222223]}, "properties": {"station_code": "035-CDBNG", "name": "Kalmane", "type": "Base", "nearest_town": null, "warning_level": 612.5, "danger_level": 613.0, "frl": null, "mwl": null, "highest_flow_level": 613.41}}, {"type": "Feature", "geometry": {"type": "Point", "coordinates": [75.22444444444444, 25.634166666666665]}, "properties": {"station_code": "035-CDJAPR", "name": "Jahazpur", "type": "Base", "nearest_town": null, "warning_level": 320.5, "danger_level": 322.0, "frl": null, "mwl": null, "highest_flow_level": 323.1}}, {"type": "Feature", "geometry": {"type": "Point", "coordinates": [83.80555555555556, 19.083333333333332]}, "properties": {"station_code": "035-ERDBWN", "name": "Gunupur", "type": "Level", "nearest_town": "", "warning_level": 83.0, "danger_level": 84.0, "frl": null, "mwl": null, "highest_flow_level": 88.75}}, {"type": "Feature", "geometry": {"type": "Point", "coordinates": [78.9388888888889, 11.435277777777777]}, "properties": {"station_code": "035-HDCHENNAI", "name": "Melkalpoondi", "type": "Base", "nearest_town": null, "warning_level": 100.1, "danger_level": 101.1, "frl": null, "mwl": null, "highest_flow_level": 101.6}}, {"type": "Feature", "geometry": {"type": "Point", "coordinates": [78.60138888888888, 30.772777777777776]}, "properties": {"station_code": "035-HGDDDN", "name": "Maneri", "type": "Base", "nearest_town": null, "warning_level": 1422.0, "danger_level": 1423.0, "frl": null, "mwl": null, "highest_flow_level": 1426.55}}, {"type": "Feature", "geometry": {"type": "Point", "coordinates": [81.55277777777778, 17.825277777777778]}, "properties": {"station_code": "035-LGDHYD", "name": "Kothapalle (Sileru)", "type": "Base", "nearest_town": null, "warning_level": null, "danger_level": null, "frl": null, "mwl": null, "highest_flow_level": 64.135}}, {"type": "Feature", "geometry": {"type": "Point", "coordinates": [77.93, 26.908055555555553]}, "properties": {"station_code": "035-LYDAGRA", "name": "BARETHA", "type": "Base", "nearest_town": null, "warning_level": 158.8, "danger_level": 159.8, "frl": null, "mwl": null, "highest_flow_level": 161.1}}, {"type": "Feature", "geometry": {"type": "Point", "coordinates": [72.22333333333333, 25.82361111111111]}, "properties": {"station_code": "035-MAHGAND", "name": "Balotra", "type": "Base", "nearest_town": null, "warning_level": 104.5, "danger_level": 105.5, "frl": null, "mwl": null, "highest_flow_level": 105.92}}, {"type": "Feature", "geometry": {"type": "Point", "coordinates": [85.2961111111111, 20.343888888888888]}, "properties": {"station_code": "035-MDBURLA", "name": "Padmavati", "type": "Base", "nearest_town": "", "warning_level": null, "danger_level": null, "frl": null, "mwl": null, "highest_flow_level": 45.78}}, {"type": "Feature", "geometry": {"type": "Point", "coordinates": [80.38444444444445, 28.50861111111111]}, "properties": {"station_code": "035-MGD1LKN", "name": "Kabir Ganj", "type": "Base", "nearest_town": null, "warning_level": null, "danger_level": null, "frl": null, "mwl": null, "highest_flow_level": 165.1}}, {"type": "Feature", "geometry": {"type": "Point", "coordinates": [84.44694444444445, 26.56527777777778]}, "properties": {"station_code": "035-MGD4PTN", "name": "Kukraha", "type": "Base", "nearest_town": null, "warning_level": 69.6, "danger_level": 70.6, "frl": null, "mwl": null, "highest_flow_level": 72.1}}, {"type": "Feature", "geometry": {"type": "Point", "coordinates": [76.99222222222222, 11.374166666666667]}, "properties": {"station_code": "035-SRDCBE", "name": "Gandhavayal", "type": "Base", "nearest_town": null, "warning_level": 94.5, "danger_level": 95.0, "frl": null, "mwl": null, "highest_flow_level": 95.15}}, {"type": "Feature", "geometry": {"type": "Point", "coordinates": [76.88611111111112, 9.574444444444444]}, "properties": {"station_code": "035-SWRDKOCHI", "name": "PULLAKKAYAR", "type": "Base", "nearest_town": null, "warning_level": 96.2, "danger_level": 97.2, "frl": null, "mwl": null, "highest_flow_level": 101.665}}, {"type": "Feature", "geometry": {"type": "Point", "coordinates": [72.93055555555556, 19.7125]}, "properties": {"station_code": "035-TDSURAT", "name": "DURVESH", "type": "Base", "nearest_town": null, "warning_level": 12.0, "danger_level": 13.0, "frl": null, "mwl": null, "highest_flow_level": 16.13}}, {"type": "Feature", "geometry": {"type": "Point", "coordinates": [76.18, 19.15]}, "properties": {"station_code": "035-UGDHYD", "name": "Manjlegaon", "type": "Inflow", "nearest_town": null, "warning_level": null, "danger_level": null, "frl": 454.0, "mwl": null, "highest_flow_level": null}}, {"type": "Feature", "geometry": {"type": "Point", "coordinates": [75.11999999999999, 18.07]}, "properties": {"station_code": "035-UKDPUNE", "name": "Ujjani Reservoir", "type": "Inflow", "nearest_town": "", "warning_level": null, "danger_level": null, "frl": 496.83, "mwl": 497.58, "highest_flow_level": null}}, {"type": "Feature", "geometry": {"type": "Point", "coordinates": [77.5786111111111, 30.436944444444446]}, "properties": {"station_code": "035-UYDDEL", "name": "Ganguwala", "type": "Base", "nearest_town": null, "warning_level": 370.5, "danger_level": 371.5, "frl": null, "mwl": null, "highest_flow_level": 373.93}}, {"type": "Feature", "geometry": {"type": "Point", "coordinates": [86.63944444444445, 23.000694444444445]}, "properties": {"station_code": "035=DDASL", "name": "KHARIDWAR", "type": "Base", "nearest_town": "", "warning_level": null, "danger_level": null, "frl": null, "mwl": null, "highest_flow_level": 137.2}}, {"type": "Feature", "geometry": {"type": "Point", "coordinates": [85.53666666666666, 25.58277777777778]}, "properties": {"station_code": "035MGD5PAT", "name": "Mahnar", "type": "Base", "nearest_town": null, "warning_level": 46.53, "danger_level": 47.53, "frl": null, "mwl": null, "highest_flow_level": 48.91}}, {"type": "Feature", "geometry": {"type": "Point", "coordinates": [75.24972222222222, 26.018055555555556]}, "properties": {"station_code": "036-CDJAPR", "name": "Devliya Khurd", "type": "Base", "nearest_town": null, "warning_level": 319.7, "danger_level": 320.7, "frl": null, "mwl": null, "highest_flow_level": 321.1}}, {"type": "Feature", "geometry": {"type": "Point", "coordinates": [87.38, 24.93]}, "properties": {"station_code": "036-DDASL", "name": "SUNDAR DAM", "type": "Inflow", "nearest_town": "", "warning_level": null, "danger_level": null, "frl": 110.795, "mwl": 112.85, "highest_flow_level": null}}, {"type": "Feature", "geometry": {"type": "Point", "coordinates": [83.87305555555555, 18.848333333333333]}, "properties": {"station_code": "036-ERDBWN", "name": "Kashinagar", "type": "Level", "nearest_town": "", "warning_level": 54.1, "danger_level": 54.6, "frl": null, "mwl": null, "highest_flow_level": 58.935}}, {"type": "Feature", "geometry": {"type": "Point", "coordinates": [78.92972222222222, 11.4025]}, "properties": {"station_code": "036-HDCHENNAI", "name": "V.Kallathur", "type": "Base", "nearest_town": "", "warning_level": 99.15, "danger_level": 100.15, "frl": null, "mwl": null, "highest_flow_level": 100.65}}, {"type": "Feature", "geometry": {"type": "Point", "coordinates": [79.5761111111111, 30.56222222222222]}, "properties": {"station_code": "036-HGDDDN", "name": "Vishnuprayag", "type": "Base", "nearest_town": null, "warning_level": 1436.0, "danger_level": 1437.0, "frl": null, "mwl": null, "highest_flow_level": 1445.5}}, {"type": "Feature", "geometry": {"type": "Point", "coordinates": [79.63805555555557, 16.352777777777778]}, "properties": {"station_code": "036-LGDHYD", "name": "Ankushapur", "type": "Base", "nearest_town": null, "warning_level": null, "danger_level": null, "frl": null, "mwl": null, "highest_flow_level": null}}, {"type": "Feature", "geometry": {"type": "Point", "coordinates": [77.90222222222222, 26.43277777777778]}, "properties": {"station_code": "036-LYDAGRA", "name": "JARAINA", "type": "Base", "nearest_town": null, "warning_level": 172.1, "danger_level": 173.1, "frl": null, "mwl": null, "highest_flow_level": 176.5}}, {"type": "Feature", "geometry": {"type": "Point", "coordinates": [71.68, 24.988611111111112]}, "properties": {"station_code": "036-MAHGAND", "name": "Gandhav", "type": "Base", "nearest_town": null, "warning_level": 35.0, "danger_level": 36.0, "frl": null, "mwl": null, "highest_flow_level": 36.4}}, {"type": "Feature", "geometry": {"type": "Point", "coordinates": [92.08638888888889, 26.17638888888889]}, "properties": {"station_code": "036-MBDNEW", "name": "Diprang Gaon", "type": "Base", "nearest_town": null, "warning_level": null, "danger_level": null, "frl": null, "mwl": null, "highest_flow_level": 55.0}}, {"type": "Feature", "geometry": {"type": "Point", "coordinates": [85.76555555555555, 20.471666666666664]}, "properties": {"station_code": "036-MDBURLA", "name": "Naraj", "type": "Level", "nearest_town": "Cuttack", "warning_level": 25.41, "danger_level": 26.41, "frl": 26.41, "mwl": 27.61, "highest_flow_level": 27.61}}, {"type": "Feature", "geometry": {"type": "Point", "coordinates": [80.83361111111111, 28.1125]}, "properties": {"station_code": "036-MGD1LKN", "name": "Kukea", "type": "Base", "nearest_town": null, "warning_level": 138.8, "danger_level": 139.8, "frl": null, "mwl": null, "highest_flow_level": 141.1}}, {"type": "Feature", "geometry": {"type": "Point", "coordinates": [79.92888888888889, 27.74361111111111]}, "properties": {"station_code": "036-MGD2LKN", "name": "Sehramau (South)", "type": "Base", "nearest_town": null, "warning_level": null, "danger_level": null, "frl": null, "mwl": null, "highest_flow_level": 145.473}}, {"type": "Feature", "geometry": {"type": "Point", "coordinates": [82.77638888888889, 24.603611111111114]}, "properties": {"station_code": "036-MGD3VNS", "name": "NIWARI", "type": "Base", "nearest_town": "", "warning_level": 179.0, "danger_level": 180.0, "frl": null, "mwl": null, "highest_flow_level": 182.94}}, {"type": "Feature", "geometry": {"type": "Point", "coordinates": [85.8561111111111, 26.543055555555558]}, "properties": {"station_code": "036-MGD4PTN", "name": "Saharghat", "type": "Base", "nearest_town": "", "warning_level": 54.0, "danger_level": 55.0, "frl": null, "mwl": null, "highest_flow_level": 58.25}}, {"type": "Feature", "geometry": {"type": "Point", "coordinates": [76.78527777777778, 10.951944444444443]}, "properties": {"station_code": "036-SRDCBE", "name": "Alandurai", "type": "Base", "nearest_town": null, "warning_level": 445.47, "danger_level": 445.97, "frl": null, "mwl": null, "highest_flow_level": 447.6}}, {"type": "Feature", "geometry": {"type": "Point", "coordinates": [76.84666666666666, 8.8725]}, "properties": {"station_code": "036-SWRDKOCHI", "name": "ARKKANNUR", "type": "Base", "nearest_town": null, "warning_level": 27.0, "danger_level": 28.0, "frl": null, "mwl": null, "highest_flow_level": 28.15}}, {"type": "Feature", "geometry": {"type": "Point", "coordinates": [76.76388888888889, 20.81638888888889]}, "properties": {"station_code": "036-TDSURAT", "name": "LOHARA", "type": "Base", "nearest_town": null, "warning_level": 241.4, "danger_level": 243.0, "frl": null, "mwl": null, "highest_flow_level": 242.75}}, {"type": "Feature", "geometry": {"type": "Point", "coordinates": [76.75, 19.71]}, "properties": {"station_code": "036-UGDHYD", "name": "Yeldari Reservoir", "type": "Inflow", "nearest_town": null, "warning_level": null, "danger_level": null, "frl": 461.772, "mwl": 462.38, "highest_flow_level": null}}, {"type": "Feature", "geometry": {"type": "Point", "coordinates": [75.16000000000001, 16.55]}, "properties": {"station_code": "036-UKDPUNE", "name": "Hipparagi Barrage", "type": "Inflow", "nearest_town": "", "warning_level": null, "danger_level": null, "frl": 524.87, "mwl": 531.4, "highest_flow_level": null}}, {"type": "Feature", "geometry": {"type": "Point", "coordinates": [77.19666666666667, 30.897222222222222]}, "properties": {"station_code": "036-UYDDEL", "name": "Gaura", "type": "Base", "nearest_town": null, "warning_level": 917.0, "danger_level": 918.0, "frl": null, "mwl": null, "highest_flow_level": 921.69}}, {"type": "Feature", "geometry": {"type": "Point", "coordinates": [84.96305555555556, 25.741111111111113]}, "properties": {"station_code": "036MGD5PTN", "name": "Dighwara", "type": "Base", "nearest_town": null, "warning_level": 53.8, "danger_level": 54.8, "frl": null, "mwl": null, "highest_flow_level": 56.3}}, {"type": "Feature", "geometry": {"type": "Point", "coordinates": [75.46916666666667, 12.71111111111111]}, "properties": {"station_code": "037 CDBNG", "name": "PULIKUKKU", "type": "Base", "nearest_town": null, "warning_level": 83.325, "danger_level": 84.325, "frl": null, "mwl": null, "highest_flow_level": 85.105}}, {"type": "Feature", "geometry": {"type": "Point", "coordinates": [85.67, 23.51]}, "properties": {"station_code": "037-DDASL", "name": "PUNASI DAM", "type": "Base", "nearest_town": "", "warning_level": null, "danger_level": null, "frl": null, "mwl": null, "highest_flow_level": null}}, {"type": "Feature", "geometry": {"type": "Point", "coordinates": [83.96388888888889, 18.688055555555557]}, "properties": {"station_code": "037-ERDBWN", "name": "Gotta Barrage", "type": "Inflow", "nearest_town": "", "warning_level": null, "danger_level": null, "frl": 38.1, "mwl": 39.1, "highest_flow_level": 39.87}}, {"type": "Feature", "geometry": {"type": "Point", "coordinates": [79.02444444444444, 11.443055555555556]}, "properties": {"station_code": "037-HDCHENNAI", "name": "Venganur", "type": "Base", "nearest_town": "", "warning_level": 77.8, "danger_level": 78.3, "frl": null, "mwl": null, "highest_flow_level": 78.79}}, {"type": "Feature", "geometry": {"type": "Point", "coordinates": [81.57, 18.291944444444447]}, "properties": {"station_code": "037-LGDHYD", "name": "Kerlapal (Malinger)", "type": "Base", "nearest_town": null, "warning_level": null, "danger_level": null, "frl": null, "mwl": null, "highest_flow_level": 157.56}}, {"type": "Feature", "geometry": {"type": "Point", "coordinates": [78.0375, 15.845]}, "properties": {"station_code": "037-LKDHYD", "name": "Kurnool Town", "type": "Level", "nearest_town": "", "warning_level": 273.0, "danger_level": 274.0, "frl": null, "mwl": null, "highest_flow_level": 281.23}}, {"type": "Feature", "geometry": {"type": "Point", "coordinates": [77.59694444444445, 26.300555555555555]}, "properties": {"station_code": "037-LYDAGRA", "name": "NEPARI", "type": "Base", "nearest_town": null, "warning_level": 178.5, "danger_level": 179.5, "frl": null, "mwl": null, "highest_flow_level": 182.2}}, {"type": "Feature", "geometry": {"type": "Point", "coordinates": [92.67333333333333, 26.199444444444445]}, "properties": {"station_code": "037-MBDNEW", "name": "Banglabasti", "type": "Base", "nearest_town": null, "warning_level": null, "danger_level": null, "frl": null, "mwl": null, "highest_flow_level": 61.4}}, {"type": "Feature", "geometry": {"type": "Point", "coordinates": [86.14666666666668, 20.22083333333333]}, "properties": {"station_code": "037-MDBURLA", "name": "Alipingal", "type": "Level", "nearest_town": "", "warning_level": 10.85, "danger_level": 11.76, "frl": null, "mwl": null, "highest_flow_level": 13.11}}, {"type": "Feature", "geometry": {"type": "Point", "coordinates": [81.0075, 28.393055555555556]}, "properties": {"station_code": "037-MGD1LKN", "name": "Chaugurji Ghat", "type": "Base", "nearest_town": null, "warning_level": null, "danger_level": null, "frl": null, "mwl": null, "highest_flow_level": 143.1}}, {"type": "Feature", "geometry": {"type": "Point", "coordinates": [79.65, 28.38861111111111]}, "properties": {"station_code": "037-MGD2LKN", "name": "Jyoti Jagir", "type": "Base", "nearest_town": null, "warning_level": null, "danger_level": null, "frl": null, "mwl": null, "highest_flow_level": 171.218}}, {"type": "Feature", "geometry": {"type": "Point", "coordinates": [81.8963888888889, 24.168055555555558]}, "properties": {"station_code": "037-MGD3VNS", "name": "MADWAS", "type": "Base", "nearest_town": "", "warning_level": 322.0, "danger_level": 323.0, "frl": null, "mwl": null, "highest_flow_level": 325.45}}, {"type": "Feature", "geometry": {"type": "Point", "coordinates": [83.96333333333334, 27.17777777777778]}, "properties": {"station_code": "037-MGD4PTN", "name": "Chhitaunighat", "type": "Base", "nearest_town": null, "warning_level": 91.5, "danger_level": 92.5, "frl": null, "mwl": null, "highest_flow_level": 94.0}}, {"type": "Feature", "geometry": {"type": "Point", "coordinates": [77.0925, 8.42]}, "properties": {"station_code": "037-SWRDKOCHI", "name": "ARUVIPURAM", "type": "Base", "nearest_town": null, "warning_level": 6.5, "danger_level": 8.0, "frl": null, "mwl": null, "highest_flow_level": 12.39}}, {"type": "Feature", "geometry": {"type": "Point", "coordinates": [76.99305555555556, 20.708055555555553]}, "properties": {"station_code": "037-TDSURAT", "name": "AKOLA", "type": "Base", "nearest_town": null, "warning_level": 279.5, "danger_level": 282.45, "frl": null, "mwl": null, "highest_flow_level": 282.45}}, {"type": "Feature", "geometry": {"type": "Point", "coordinates": [77.31, 17.88]}, "properties": {"station_code": "037-UGDHYD", "name": "Karanja Dam", "type": "Inflow", "nearest_town": null, "warning_level": null, "danger_level": null, "frl": 587.8, "mwl": null, "highest_flow_level": null}}, {"type": "Feature", "geometry": {"type": "Point", "coordinates": [75.09671388888889, 15.821408333333332]}, "properties": {"station_code": "037-UKDPUNE", "name": "Malaprabha Dam", "type": "Inflow", "nearest_town": "Navilutheertha", "warning_level": null, "danger_level": null, "frl": 633.83, "mwl": 633.83, "highest_flow_level": null}}, {"type": "Feature", "geometry": {"type": "Point", "coordinates": [77.29777777777778, 30.779999999999998]}, "properties": {"station_code": "037-UYDDEL", "name": "Kheri", "type": "Base", "nearest_town": null, "warning_level": 782.0, "danger_level": 783.0, "frl": null, "mwl": null, "highest_flow_level": 785.8}}, {"type": "Feature", "geometry": {"type": "Point", "coordinates": [70.76444444444445, 22.961666666666666]}, "properties": {"station_code": "037MAHGAND", "name": "Gungan", "type": "Base", "nearest_town": "", "warning_level": 17.0, "danger_level": 18.0, "frl": null, "mwl": null, "highest_flow_level": 19.59}}, {"type": "Feature", "geometry": {"type": "Point", "coordinates": [85.02638888888889, 25.746111111111112]}, "properties": {"station_code": "037MGD5PTN", "name": "Sitalpur", "type": "Base", "nearest_town": null, "warning_level": 53.2, "danger_level": 54.2, "frl": null, "mwl": null, "highest_flow_level": 55.1}}, {"type": "Feature", "geometry": {"type": "Point", "coordinates": [76.22305555555556, 24.482777777777777]}, "properties": {"station_code": "038-CDJAPR", "name": "Kalisindh Dam", "type": "Inflow", "nearest_town": "", "warning_level": null, "danger_level": null, "frl": 316.0, "mwl": 316.0, "highest_flow_level": null}}, {"type": "Feature", "geometry": {"type": "Point", "coordinates": [86.3611111111111, 23.71388888888889]}, "properties": {"station_code": "038-DDASL", "name": "GHANSADIH", "type": "Base", "nearest_town": null, "warning_level": null, "danger_level": null, "frl": null, "mwl": null, "highest_flow_level": 144.89}}, {"type": "Feature", "geometry": {"type": "Point", "coordinates": [78.24583333333334, 12.395555555555555]}, "properties": {"station_code": "038-HDCHENNAI", "name": "Penneswaramadam", "type": "Base", "nearest_town": "", "warning_level": 442.52, "danger_level": 443.52, "frl": null, "mwl": null, "highest_flow_level": 444.02}}, {"type": "Feature", "geometry": {"type": "Point", "coordinates": [81.86166666666666, 18.585277777777776]}, "properties": {"station_code": "038-LGDHYD", "name": "Talnar", "type": "Base", "nearest_town": null, "warning_level": null, "danger_level": null, "frl": null, "mwl": null, "highest_flow_level": 211.28}}, {"type": "Feature", "geometry": {"type": "Point", "coordinates": [80.91000000000001, 16.02]}, "properties": {"station_code": "038-LKDHYD", "name": "Avanigadda", "type": "Level", "nearest_town": "", "warning_level": 9.0, "danger_level": 11.0, "frl": null, "mwl": null, "highest_flow_level": 11.87}}, {"type": "Feature", "geometry": {"type": "Point", "coordinates": [80.53138888888888, 25.945555555555554]}, "properties": {"station_code": "038-LYDAGRA", "name": "MANSURPUR", "type": "Base", "nearest_town": null, "warning_level": 105.0, "danger_level": 106.0, "frl": null, "mwl": null, "highest_flow_level": 106.92}}, {"type": "Feature", "geometry": {"type": "Point", "coordinates": [94.77388888888889, 27.072222222222223]}, "properties": {"station_code": "038-MBDNEW", "name": "Machaigaon", "type": "Base", "nearest_town": null, "warning_level": 92.18, "danger_level": 93.18, "frl": null, "mwl": null, "highest_flow_level": 94.18}}, {"type": "Feature", "geometry": {"type": "Point", "coordinates": [85.18611111111112, 20.2575]}, "properties": {"station_code": "038-MDBURLA", "name": "Khandapara", "type": "Base", "nearest_town": "", "warning_level": null, "danger_level": null, "frl": null, "mwl": null, "highest_flow_level": 54.14}}, {"type": "Feature", "geometry": {"type": "Point", "coordinates": [81.04833333333333, 28.264166666666668]}, "properties": {"station_code": "038-MGD1LKN", "name": "New Motipur", "type": "Base", "nearest_town": null, "warning_level": null, "danger_level": null, "frl": null, "mwl": null, "highest_flow_level": 138.041}}, {"type": "Feature", "geometry": {"type": "Point", "coordinates": [79.28833333333333, 27.127222222222223]}, "properties": {"station_code": "038-MGD2LKN", "name": "Kasmara", "type": "Base", "nearest_town": null, "warning_level": null, "danger_level": null, "frl": null, "mwl": null, "highest_flow_level": 152.53}}, {"type": "Feature", "geometry": {"type": "Point", "coordinates": [84.04833333333333, 27.129444444444445]}, "properties": {"station_code": "038-MGD4PTN", "name": "Bagaha", "type": "Base", "nearest_town": null, "warning_level": 88.4, "danger_level": 89.4, "frl": null, "mwl": null, "highest_flow_level": 90.9}}, {"type": "Feature", "geometry": {"type": "Point", "coordinates": [76.89277777777778, 11.321666666666667]}, "properties": {"station_code": "038-SRDCBE", "name": "Odendurai", "type": "Base", "nearest_town": null, "warning_level": 329.5, "danger_level": 330.0, "frl": null, "mwl": null, "highest_flow_level": 331.0}}, {"type": "Feature", "geometry": {"type": "Point", "coordinates": [76.83777777777777, 9.363888888888889]}, "properties": {"station_code": "038-SWRDKOCHI", "name": "MADAMON", "type": "Base", "nearest_town": null, "warning_level": 100.0, "danger_level": 101.0, "frl": null, "mwl": null, "highest_flow_level": 111.0}}, {"type": "Feature", "geometry": {"type": "Point", "coordinates": [77.24277777777777, 20.703055555555554]}, "properties": {"station_code": "038-TDSURAT", "name": "KURANKHEDA", "type": "Base", "nearest_town": null, "warning_level": 289.55, "danger_level": 292.45, "frl": null, "mwl": null, "highest_flow_level": 282.9}}, {"type": "Feature", "geometry": {"type": "Point", "coordinates": [74.64265, 16.14318611111111]}, "properties": {"station_code": "038-UKDPUNE", "name": "Hidkal Reservoir", "type": "Inflow", "nearest_town": "Hidkal", "warning_level": null, "danger_level": null, "frl": 662.94, "mwl": 662.94, "highest_flow_level": null}}, {"type": "Feature", "geometry": {"type": "Point", "coordinates": [77.39222222222223, 30.172222222222224]}, "properties": {"station_code": "038-UYDDEL", "name": "Fatehgarh", "type": "Base", "nearest_town": null, "warning_level": 272.0, "danger_level": 273.0, "frl": null, "mwl": null, "highest_flow_level": 273.75}}, {"type": "Feature", "geometry": {"type": "Point", "coordinates": [75.68, 13.069166666666666]}, "properties": {"station_code": "038CDBNG", "name": "BETTADAMANE", "type": "Base", "nearest_town": null, "warning_level": 900.0, "danger_level": 901.0, "frl": null, "mwl": null, "highest_flow_level": 905.72}}, {"type": "Feature", "geometry": {"type": "Point", "coordinates": [72.01444444444445, 23.547222222222224]}, "properties": {"station_code": "038MAHGAND", "name": "Sapawada", "type": "Base", "nearest_town": null, "warning_level": 41.0, "danger_level": 42.0, "frl": null, "mwl": null, "highest_flow_level": 42.3}}, {"type": "Feature", "geometry": {"type": "Point", "coordinates": [78.18583333333333, 12.474722222222223]}, "properties": {"station_code": "039", "name": "Krishnagiri Dam", "type": "Inflow", "nearest_town": "", "warning_level": null, "danger_level": null, "frl": 483.108, "mwl": 484.632, "highest_flow_level": null}}, {"type": "Feature", "geometry": {"type": "Point", "coordinates": [75.87194444444444, 13.169722222222221]}, "properties": {"station_code": "039 CDBNG", "name": "BELUR", "type": "Base", "nearest_town": null, "warning_level": 945.0, "danger_level": 946.0, "frl": null, "mwl": null, "highest_flow_level": 947.12}}, {"type": "Feature", "geometry": {"type": "Point", "coordinates": [75.46722222222222, 25.489444444444445]}, "properties": {"station_code": "039-CDJAPR", "name": "Gudha Dam", "type": "Inflow", "nearest_town": "", "warning_level": null, "danger_level": null, "frl": 305.85, "mwl": 307.39, "highest_flow_level": null}}, {"type": "Feature", "geometry": {"type": "Point", "coordinates": [86.01277777777777, 23.761111111111113]}, "properties": {"station_code": "039-DDSAL", "name": "PHUSRO", "type": "Base", "nearest_town": null, "warning_level": null, "danger_level": null, "frl": null, "mwl": null, "highest_flow_level": 204.9}}, {"type": "Feature", "geometry": {"type": "Point", "coordinates": [83.49, 18.779999999999998]}, "properties": {"station_code": "039-ERDBWN", "name": "Thottapalli R/s (APSDPSData)", "type": "Inflow", "nearest_town": "", "warning_level": null, "danger_level": null, "frl": 105.0, "mwl": 105.0, "highest_flow_level": null}}, {"type": "Feature", "geometry": {"type": "Point", "coordinates": [80.5786111111111, 18.75]}, "properties": {"station_code": "039-LGDHYD", "name": "Sangampally (Chintavagu)", "type": "Base", "nearest_town": null, "warning_level": null, "danger_level": null, "frl": null, "mwl": null, "highest_flow_level": 121.945}}, {"type": "Feature", "geometry": {"type": "Point", "coordinates": [75.83, 15.030000000000001]}, "properties": {"station_code": "039-LKDHYD", "name": "Singatalur Barrage", "type": "Inflow", "nearest_town": null, "warning_level": null, "danger_level": null, "frl": 509.0, "mwl": null, "highest_flow_level": null}}, {"type": "Feature", "geometry": {"type": "Point", "coordinates": [79.32833333333333, 26.678055555555556]}, "properties": {"station_code": "039-LYDAGRA", "name": "BULAKIPURA", "type": "Base", "nearest_town": null, "warning_level": 136.0, "danger_level": 137.0, "frl": null, "mwl": null, "highest_flow_level": 137.72}}, {"type": "Feature", "geometry": {"type": "Point", "coordinates": [94.53166666666667, 27.066944444444445]}, "properties": {"station_code": "039-MBDNEW", "name": "B G Road", "type": "Base", "nearest_town": null, "warning_level": 90.62, "danger_level": 91.62, "frl": null, "mwl": null, "highest_flow_level": 92.62}}, {"type": "Feature", "geometry": {"type": "Point", "coordinates": [86.00638888888889, 20.060833333333335]}, "properties": {"station_code": "039-MDBURLA", "name": "Nimapara", "type": "Level", "nearest_town": "Nimapara", "warning_level": 9.85, "danger_level": 10.76, "frl": 10.76, "mwl": 10.76, "highest_flow_level": 11.6}}, {"type": "Feature", "geometry": {"type": "Point", "coordinates": [81.0925, 28.156666666666666]}, "properties": {"station_code": "039-MGD1LKN", "name": "Ramnagar Bagha", "type": "Base", "nearest_town": null, "warning_level": null, "danger_level": null, "frl": null, "mwl": null, "highest_flow_level": 135.902}}, {"type": "Feature", "geometry": {"type": "Point", "coordinates": [78.62527777777777, 27.78777777777778]}, "properties": {"station_code": "039-MGD2LKN", "name": "Kasganj", "type": "Base", "nearest_town": null, "warning_level": null, "danger_level": null, "frl": null, "mwl": null, "highest_flow_level": 172.5}}, {"type": "Feature", "geometry": {"type": "Point", "coordinates": [83.55416666666666, 25.666666666666668]}, "properties": {"station_code": "039-MGD3VNS", "name": "Arsadpur", "type": "Base", "nearest_town": "", "warning_level": 64.5, "danger_level": 65.5, "frl": null, "mwl": null, "highest_flow_level": 65.6}}, {"type": "Feature", "geometry": {"type": "Point", "coordinates": [85.5411111111111, 26.698611111111113]}, "properties": {"station_code": "039-MGD4PTN", "name": "Indo-Nepal Border (Bhutahi)", "type": "Base", "nearest_town": "", "warning_level": 67.7, "danger_level": 68.7, "frl": null, "mwl": null, "highest_flow_level": 70.2}}, {"type": "Feature", "geometry": {"type": "Point", "coordinates": [76.8325, 11.485555555555555]}, "properties": {"station_code": "039-SRDCBE", "name": "Kukkalthurai", "type": "Base", "nearest_town": null, "warning_level": 1497.5, "danger_level": 1498.5, "frl": null, "mwl": null, "highest_flow_level": 1499.0}}, {"type": "Feature", "geometry": {"type": "Point", "coordinates": [76.92472222222223, 9.027777777777779]}, "properties": {"station_code": "039-SWRDKOCHI", "name": "NELLIPPALLI", "type": "Base", "nearest_town": null, "warning_level": 18.0, "danger_level": 20.0, "frl": null, "mwl": null, "highest_flow_level": 19.83}}, {"type": "Feature", "geometry": {"type": "Point", "coordinates": [76.71666666666667, 20.988333333333333]}, "properties": {"station_code": "039-TDSURAT", "name": "WANKHED", "type": "Base", "nearest_town": null, "warning_level": 253.75, "danger_level": 254.9, "frl": null, "mwl": null, "highest_flow_level": 257.2}}, {"type": "Feature", "geometry": {"type": "Point", "coordinates": [77.46722222222222, 30.13111111111111]}, "properties": {"station_code": "039-UYDDEL", "name": "Panchkuan", "type": "Base", "nearest_town": null, "warning_level": 275.5, "danger_level": 276.5, "frl": null, "mwl": null, "highest_flow_level": 277.1}}, {"type": "Feature", "geometry": {"type": "Point", "coordinates": [90.25405833333333, 26.397572222222223]}, "properties": {"station_code": "039LBDJPG", "name": "Kokrajhar", "type": "Level", "nearest_town": "", "warning_level": 41.85, "danger_level": 42.85, "frl": null, "mwl": null, "highest_flow_level": 43.6}}, {"type": "Feature", "geometry": {"type": "Point", "coordinates": [71.56027777777777, 21.44388888888889]}, "properties": {"station_code": "039MAHGAND", "name": "Lowara", "type": "Base", "nearest_town": "", "warning_level": 64.0, "danger_level": 65.0, "frl": null, "mwl": null, "highest_flow_level": 66.05}}, {"type": "Feature", "geometry": {"type": "Point", "coordinates": [78.05722222222222, 11.938333333333334]}, "properties": {"station_code": "04-SRDCBE", "name": "THOPPUR", "type": "Base", "nearest_town": "", "warning_level": 326.0, "danger_level": 327.0, "frl": null, "mwl": null, "highest_flow_level": 327.46}}, {"type": "Feature", "geometry": {"type": "Point", "coordinates": [86.4775, 24.041944444444447]}, "properties": {"station_code": "040-DDASL", "name": "BERIA", "type": "Base", "nearest_town": null, "warning_level": null, "danger_level": null, "frl": null, "mwl": null, "highest_flow_level": 198.7}}, {"type": "Feature", "geometry": {"type": "Point", "coordinates": [83.88416666666667, 18.313333333333333]}, "properties": {"station_code": "040-ERDBWN", "name": "Srikakulam", "type": "Level", "nearest_town": "Srikakulam", "warning_level": 10.17, "danger_level": 10.8, "frl": null, "mwl": null, "highest_flow_level": 14.53}}, {"type": "Feature", "geometry": {"type": "Point", "coordinates": [82.40611111111112, 18.949166666666667]}, "properties": {"station_code": "040-LGDHYD", "name": "Jeeraguda", "type": "Base", "nearest_town": null, "warning_level": 550.7, "danger_level": 552.2, "frl": null, "mwl": null, "highest_flow_level": 557.08}}, {"type": "Feature", "geometry": {"type": "Point", "coordinates": [79.03222222222222, 17.365555555555556]}, "properties": {"station_code": "040-LKDHYD", "name": "VALIGONDA", "type": "Base", "nearest_town": null, "warning_level": null, "danger_level": null, "frl": null, "mwl": null, "highest_flow_level": 306.28}}, {"type": "Feature", "geometry": {"type": "Point", "coordinates": [79.39611111111111, 26.049722222222226]}, "properties": {"station_code": "040-LYDAGRA", "name": "ORAI-2 Mangrayan", "type": "Base", "nearest_town": null, "warning_level": 135.0, "danger_level": 136.0, "frl": null, "mwl": null, "highest_flow_level": 136.62}}, {"type": "Feature", "geometry": {"type": "Point", "coordinates": [72.70361111111112, 24.586944444444445]}, "properties": {"station_code": "040-MAHGAND", "name": "Mount Abu", "type": "Base", "nearest_town": "", "warning_level": null, "danger_level": null, "frl": null, "mwl": null, "highest_flow_level": null}}, {"type": "Feature", "geometry": {"type": "Point", "coordinates": [93.69194444444445, 26.672222222222224]}, "properties": {"station_code": "040-MBDNEW", "name": "Ririgaon", "type": "Base", "nearest_town": null, "warning_level": 79.0, "danger_level": 80.0, "frl": null, "mwl": null, "highest_flow_level": 79.51}}, {"type": "Feature", "geometry": {"type": "Point", "coordinates": [86.24916666666667, 20.462777777777777]}, "properties": {"station_code": "040-MDBURLA", "name": "Pubansa (S)", "type": "Base", "nearest_town": null, "warning_level": null, "danger_level": null, "frl": null, "mwl": null, "highest_flow_level": 13.46}}, {"type": "Feature", "geometry": {"type": "Point", "coordinates": [81.21416666666667, 27.989166666666666]}, "properties": {"station_code": "040-MGD1LKN", "name": "Parsa", "type": "Base", "nearest_town": null, "warning_level": null, "danger_level": null, "frl": null, "mwl": null, "highest_flow_level": 129.2}}, {"type": "Feature", "geometry": {"type": "Point", "coordinates": [78.19916666666667, 27.980833333333333]}, "properties": {"station_code": "040-MGD2LKN", "name": "Atrauli", "type": "Base", "nearest_town": null, "warning_level": null, "danger_level": null, "frl": null, "mwl": null, "highest_flow_level": 183.0}}, {"type": "Feature", "geometry": {"type": "Point", "coordinates": [83.57583333333334, 26.947777777777777]}, "properties": {"station_code": "040-MGD3VAR", "name": "MAU", "type": "Base", "nearest_town": "", "warning_level": 61.92, "danger_level": 62.92, "frl": null, "mwl": null, "highest_flow_level": 65.42}}, {"type": "Feature", "geometry": {"type": "Point", "coordinates": [84.26972222222223, 26.792222222222225]}, "properties": {"station_code": "040-MGD4PTN", "name": "Thakraha", "type": "Base", "nearest_town": null, "warning_level": 76.18, "danger_level": 77.18, "frl": null, "mwl": null, "highest_flow_level": 78.68}}, {"type": "Feature", "geometry": {"type": "Point", "coordinates": [84.58444444444444, 25.827222222222222]}, "properties": {"station_code": "040-MGD5PTN", "name": "Manjhi", "type": "Base", "nearest_town": null, "warning_level": 54.3, "danger_level": 55.3, "frl": null, "mwl": null, "highest_flow_level": 57.5}}, {"type": "Feature", "geometry": {"type": "Point", "coordinates": [77.25888888888889, 8.364166666666666]}, "properties": {"station_code": "040-SWRDKOCHI", "name": "THIRUVARAMBU", "type": "Base", "nearest_town": null, "warning_level": 11.0, "danger_level": 12.0, "frl": null, "mwl": null, "highest_flow_level": 15.7}}, {"type": "Feature", "geometry": {"type": "Point", "coordinates": [75.66722222222222, 21.128333333333334]}, "properties": {"station_code": "040-TDSURAT", "name": "PIMPRI", "type": "Base", "nearest_town": null, "warning_level": null, "danger_level": null, "frl": null, "mwl": null, "highest_flow_level": 174.0}}, {"type": "Feature", "geometry": {"type": "Point", "coordinates": [74.14611111111111, 17.517777777777777]}, "properties": {"station_code": "040-UKDPUNE", "name": "Targaon", "type": "Base", "nearest_town": null, "warning_level": 593.0, "danger_level": 594.0, "frl": null, "mwl": null, "highest_flow_level": 594.85}}, {"type": "Feature", "geometry": {"type": "Point", "coordinates": [77.40833333333335, 30.090555555555554]}, "properties": {"station_code": "040-UYDDEL", "name": "Ghodopipli", "type": "Base", "nearest_town": null, "warning_level": 269.0, "danger_level": 270.0, "frl": null, "mwl": null, "highest_flow_level": 271.35}}, {"type": "Feature", "geometry": {"type": "Point", "coordinates": [75.96138888888889, 13.05638888888889]}, "properties": {"station_code": "040CDBNG", "name": "JANNAPURA", "type": "Base", "nearest_town": null, "warning_level": 922.0, "danger_level": 923.0, "frl": null, "mwl": null, "highest_flow_level": 923.95}}, {"type": "Feature", "geometry": {"type": "Point", "coordinates": [88.37777777777777, 26.720277777777778]}, "properties": {"station_code": "040LBDJPG", "name": "Matigara", "type": "Base", "nearest_town": null, "warning_level": null, "danger_level": null, "frl": null, "mwl": null, "highest_flow_level": 124.31}}, {"type": "Feature", "geometry": {"type": "Point", "coordinates": [77.005, 26.554166666666667]}, "properties": {"station_code": "041-CDJAPR", "name": "Panchana Dam", "type": "Inflow", "nearest_town": "", "warning_level": null, "danger_level": null, "frl": 258.62, "mwl": 258.62, "highest_flow_level": null}}, {"type": "Feature", "geometry": {"type": "Point", "coordinates": [86.35208333333333, 23.75638888888889]}, "properties": {"station_code": "041-DDASAL", "name": "PUTKI", "type": "Base", "nearest_town": "", "warning_level": null, "danger_level": null, "frl": null, "mwl": null, "highest_flow_level": null}}, {"type": "Feature", "geometry": {"type": "Point", "coordinates": [82.99638888888889, 17.68888888888889]}, "properties": {"station_code": "041-ERDBWN", "name": "Anakapalli", "type": "Base", "nearest_town": null, "warning_level": null, "danger_level": null, "frl": null, "mwl": null, "highest_flow_level": 25.25}}, {"type": "Feature", "geometry": {"type": "Point", "coordinates": [82.87166666666666, 18.62027777777778]}, "properties": {"station_code": "041-LGDHYD", "name": "Sirimoda", "type": "Base", "nearest_town": null, "warning_level": null, "danger_level": null, "frl": null, "mwl": null, "highest_flow_level": 865.325}}, {"type": "Feature", "geometry": {"type": "Point", "coordinates": [79.96444444444445, 26.151666666666664]}, "properties": {"station_code": "041-LYDAGRA", "name": "MOOSA NAGAR", "type": "Base", "nearest_town": null, "warning_level": 106.0, "danger_level": 107.0, "frl": null, "mwl": null, "highest_flow_level": 112.05}}, {"type": "Feature", "geometry": {"type": "Point", "coordinates": [91.51555555555555, 26.26527777777778]}, "properties": {"station_code": "041-MBDNEW", "name": "Ramdia", "type": "Base", "nearest_town": null, "warning_level": null, "danger_level": null, "frl": null, "mwl": null, "highest_flow_level": 46.97}}, {"type": "Feature", "geometry": {"type": "Point", "coordinates": [81.785, 27.793055555555558]}, "properties": {"station_code": "041-MGD1LKN", "name": "Madhwapur", "type": "Base", "nearest_town": null, "warning_level": null, "danger_level": null, "frl": null, "mwl": null, "highest_flow_level": 127.14}}, {"type": "Feature", "geometry": {"type": "Point", "coordinates": [80.5375, 26.199444444444445]}, "properties": {"station_code": "041-MGD2LKN", "name": "Purwamir", "type": "Base", "nearest_town": null, "warning_level": null, "danger_level": null, "frl": null, "mwl": null, "highest_flow_level": 105.66}}, {"type": "Feature", "geometry": {"type": "Point", "coordinates": [83.51638888888888, 25.21638888888889]}, "properties": {"station_code": "041-MGD3VNS", "name": "Durgawati", "type": "Base", "nearest_town": "", "warning_level": 67.48, "danger_level": 68.48, "frl": null, "mwl": null, "highest_flow_level": 70.98}}, {"type": "Feature", "geometry": {"type": "Point", "coordinates": [84.74444444444444, 26.78388888888889]}, "properties": {"station_code": "041-MGD4PTN", "name": "Sugauli", "type": "Base", "nearest_town": null, "warning_level": 66.5, "danger_level": 67.5, "frl": null, "mwl": null, "highest_flow_level": 69.0}}, {"type": "Feature", "geometry": {"type": "Point", "coordinates": [84.82444444444444, 25.733055555555556]}, "properties": {"station_code": "041-MGD5PAT", "name": "Doriganj", "type": "Base", "nearest_town": null, "warning_level": 55.2, "danger_level": 56.2, "frl": null, "mwl": null, "highest_flow_level": 57.32}}, {"type": "Feature", "geometry": {"type": "Point", "coordinates": [77.97194444444445, 10.593055555555557]}, "properties": {"station_code": "041-SRDCBE", "name": "KODAGANAR DAM", "type": "Inflow", "nearest_town": "", "warning_level": null, "danger_level": null, "frl": 200.25, "mwl": 201.75, "highest_flow_level": null}}, {"type": "Feature", "geometry": {"type": "Point", "coordinates": [77.26694444444445, 8.327777777777778]}, "properties": {"station_code": "041-SWRDKOCHI", "name": "THIRUVATTAR", "type": "Base", "nearest_town": null, "warning_level": 8.6, "danger_level": 9.6, "frl": null, "mwl": null, "highest_flow_level": 13.275}}, {"type": "Feature", "geometry": {"type": "Point", "coordinates": [76.20305555555557, 20.946666666666665]}, "properties": {"station_code": "041-TDSURAT", "name": "TALASWADA", "type": "Base", "nearest_town": null, "warning_level": null, "danger_level": null, "frl": null, "mwl": null, "highest_flow_level": 228.3}}, {"type": "Feature", "geometry": {"type": "Point", "coordinates": [73.52388888888889, 17.539722222222224]}, "properties": {"station_code": "041-UKDPUNE", "name": "Muradpur", "type": "Base", "nearest_town": null, "warning_level": 5.0, "danger_level": 7.0, "frl": null, "mwl": null, "highest_flow_level": 8.4}}, {"type": "Feature", "geometry": {"type": "Point", "coordinates": [77.48833333333333, 28.373333333333335]}, "properties": {"station_code": "041-UYDDEL", "name": "Manjhawali", "type": "Base", "nearest_town": null, "warning_level": 192.5, "danger_level": 193.5, "frl": null, "mwl": null, "highest_flow_level": 194.19}}, {"type": "Feature", "geometry": {"type": "Point", "coordinates": [75.115, 12.674999999999999]}, "properties": {"station_code": "041CDBNG", "name": "ADKASTHALA", "type": "Base", "nearest_town": "", "warning_level": 43.745, "danger_level": 44.745, "frl": null, "mwl": null, "highest_flow_level": 46.745}}, {"type": "Feature", "geometry": {"type": "Point", "coordinates": [88.24444444444444, 26.454166666666666]}, "properties": {"station_code": "041LBDJPG", "name": "Sonapur", "type": "Base", "nearest_town": "", "warning_level": null, "danger_level": null, "frl": null, "mwl": null, "highest_flow_level": 75.24}}, {"type": "Feature", "geometry": {"type": "Point", "coordinates": [87.19944444444445, 23.821944444444444]}, "properties": {"station_code": "042-DDASL", "name": "Hinglow Dam", "type": "Inflow", "nearest_town": "", "warning_level": null, "danger_level": null, "frl": 97.84, "mwl": 98.75, "highest_flow_level": null}}, {"type": "Feature", "geometry": {"type": "Point", "coordinates": [84.70472222222223, 19.454166666666666]}, "properties": {"station_code": "042-ERDBWN", "name": "Kurula", "type": "Base", "nearest_town": null, "warning_level": null, "danger_level": null, "frl": null, "mwl": null, "highest_flow_level": 32.1}}, {"type": "Feature", "geometry": {"type": "Point", "coordinates": [89.61583333333333, 26.253611111111113]}, "properties": {"station_code": "042-LBDJPG", "name": "Suldaguri", "type": "Base", "nearest_town": null, "warning_level": null, "danger_level": null, "frl": null, "mwl": null, "highest_flow_level": 35.3}}, {"type": "Feature", "geometry": {"type": "Point", "coordinates": [82.64972222222222, 18.199166666666667]}, "properties": {"station_code": "042-LGDHYD", "name": "Kunturla (Machkund)", "type": "Base", "nearest_town": null, "warning_level": 856.66, "danger_level": 858.16, "frl": null, "mwl": null, "highest_flow_level": 867.63}}, {"type": "Feature", "geometry": {"type": "Point", "coordinates": [79.59638888888888, 26.254166666666666]}, "properties": {"station_code": "042-LYDAGRA", "name": "BEHMAI", "type": "Base", "nearest_town": null, "warning_level": 114.0, "danger_level": 115.0, "frl": null, "mwl": null, "highest_flow_level": 118.63}}, {"type": "Feature", "geometry": {"type": "Point", "coordinates": [91.33944444444444, 26.31388888888889]}, "properties": {"station_code": "042-MBDNEW", "name": "Sholmari", "type": "Base", "nearest_town": null, "warning_level": null, "danger_level": null, "frl": null, "mwl": null, "highest_flow_level": 42.03}}, {"type": "Feature", "geometry": {"type": "Point", "coordinates": [82.25833333333334, 27.273055555555555]}, "properties": {"station_code": "042-MGD1LKN", "name": "Gumadighat", "type": "Base", "nearest_town": null, "warning_level": null, "danger_level": null, "frl": null, "mwl": null, "highest_flow_level": 98.87}}, {"type": "Feature", "geometry": {"type": "Point", "coordinates": [80.05222222222221, 26.85527777777778]}, "properties": {"station_code": "042-MGD2LKN", "name": "Bilhaur", "type": "Base", "nearest_town": null, "warning_level": null, "danger_level": null, "frl": null, "mwl": null, "highest_flow_level": 126.33}}, {"type": "Feature", "geometry": {"type": "Point", "coordinates": [83.87888888888888, 25.50027777777778]}, "properties": {"station_code": "042-MGD3VNS", "name": "Chousa", "type": "Base", "nearest_town": "", "warning_level": 59.39, "danger_level": 60.39, "frl": null, "mwl": null, "highest_flow_level": 62.89}}, {"type": "Feature", "geometry": {"type": "Point", "coordinates": [85.68444444444445, 25.59472222222222]}, "properties": {"station_code": "042-MGD4PTN", "name": "Mohauddin Nagar", "type": "Base", "nearest_town": null, "warning_level": 42.47, "danger_level": 43.47, "frl": null, "mwl": null, "highest_flow_level": 44.97}}, {"type": "Feature", "geometry": {"type": "Point", "coordinates": [78.58, 10.88861111111111]}, "properties": {"station_code": "042-SRDCBE", "name": "UPPER ANICUT", "type": "Inflow", "nearest_town": "", "warning_level": null, "danger_level": null, "frl": 74.4, "mwl": 76.55, "highest_flow_level": null}}, {"type": "Feature", "geometry": {"type": "Point", "coordinates": [77.0125, 8.498055555555554]}, "properties": {"station_code": "042-SWRDKOCHI", "name": "VELLAIKADAVU", "type": "Base", "nearest_town": null, "warning_level": 9.0, "danger_level": 10.0, "frl": null, "mwl": null, "highest_flow_level": 13.71}}, {"type": "Feature", "geometry": {"type": "Point", "coordinates": [76.27916666666667, 20.9575]}, "properties": {"station_code": "042-TDSURAT", "name": "DHUPESHWAR", "type": "Base", "nearest_town": null, "warning_level": 220.5, "danger_level": 222.0, "frl": null, "mwl": null, "highest_flow_level": null}}, {"type": "Feature", "geometry": {"type": "Point", "coordinates": [74.52972222222222, 16.949166666666667]}, "properties": {"station_code": "042-UKD PUNE", "name": "NANDRE", "type": "Base", "nearest_town": null, "warning_level": 540.17, "danger_level": 542.21, "frl": null, "mwl": null, "highest_flow_level": 548.445}}, {"type": "Feature", "geometry": {"type": "Point", "coordinates": [77.51805555555555, 29.47722222222222]}, "properties": {"station_code": "042-UYDDEL", "name": "Titawi", "type": "Base", "nearest_town": null, "warning_level": 234.0, "danger_level": 235.0, "frl": null, "mwl": null, "highest_flow_level": 236.25}}, {"type": "Feature", "geometry": {"type": "Point", "coordinates": [74.99444444444444, 13.180833333333332]}, "properties": {"station_code": "042CDBNG", "name": "SANOOR", "type": "Base", "nearest_town": "KARKALA", "warning_level": 51.225, "danger_level": 52.225, "frl": null, "mwl": null, "highest_flow_level": 55.985}}, {"type": "Feature", "geometry": {"type": "Point", "coordinates": [74.71555555555555, 24.699444444444445]}, "properties": {"station_code": "042CDJAPR", "name": "Gambhiri Dam", "type": "Inflow", "nearest_town": "", "warning_level": null, "danger_level": null, "frl": 431.9, "mwl": 433.4, "highest_flow_level": null}}, {"type": "Feature", "geometry": {"type": "Point", "coordinates": [75.82583333333334, 25.17638888888889]}, "properties": {"station_code": "043-CDJAPR", "name": "Kota Barrage", "type": "Inflow", "nearest_town": "", "warning_level": null, "danger_level": null, "frl": 260.48, "mwl": 260.91, "highest_flow_level": null}}, {"type": "Feature", "geometry": {"type": "Point", "coordinates": [86.22166666666666, 24.116111111111113]}, "properties": {"station_code": "043-DDASL", "name": "PALGANJ", "type": "Base", "nearest_town": null, "warning_level": null, "danger_level": null, "frl": null, "mwl": null, "highest_flow_level": 237.9}}, {"type": "Feature", "geometry": {"type": "Point", "coordinates": [84.17055555555557, 18.775277777777777]}, "properties": {"station_code": "043-ERDBWN", "name": "Melliaputti", "type": "Base", "nearest_town": null, "warning_level": null, "danger_level": null, "frl": null, "mwl": null, "highest_flow_level": 55.54}}, {"type": "Feature", "geometry": {"type": "Point", "coordinates": [79.7925, 13.718055555555555]}, "properties": {"station_code": "043-HDCHENNAI", "name": "Pallamala", "type": "Base", "nearest_town": null, "warning_level": 98.55, "danger_level": 99.55, "frl": null, "mwl": null, "highest_flow_level": 100.8}}, {"type": "Feature", "geometry": {"type": "Point", "coordinates": [89.54166666666667, 26.41638888888889]}, "properties": {"station_code": "043-LBDJPG", "name": "Ambari", "type": "Base", "nearest_town": null, "warning_level": null, "danger_level": null, "frl": null, "mwl": null, "highest_flow_level": 42.783}}, {"type": "Feature", "geometry": {"type": "Point", "coordinates": [80.43, 18.337777777777777]}, "properties": {"station_code": "043-LGDHYD", "name": "ALLAM VARI GHANAPUR", "type": "Base", "nearest_town": null, "warning_level": null, "danger_level": null, "frl": null, "mwl": null, "highest_flow_level": 88.68}}, {"type": "Feature", "geometry": {"type": "Point", "coordinates": [79.245, 26.42638888888889]}, "properties": {"station_code": "043-LYDAGRA", "name": "JUHIKHA", "type": "Base", "nearest_town": null, "warning_level": 115.0, "danger_level": 116.0, "frl": null, "mwl": null, "highest_flow_level": 122.58}}, {"type": "Feature", "geometry": {"type": "Point", "coordinates": [91.56, 26.44361111111111]}, "properties": {"station_code": "043-MBDNEW", "name": "Nona", "type": "Base", "nearest_town": null, "warning_level": null, "danger_level": null, "frl": null, "mwl": null, "highest_flow_level": 54.09}}, {"type": "Feature", "geometry": {"type": "Point", "coordinates": [81.60583333333332, 21.261944444444445]}, "properties": {"station_code": "043-MDBURLA", "name": "Raipur", "type": "Base", "nearest_town": null, "warning_level": null, "danger_level": null, "frl": null, "mwl": null, "highest_flow_level": null}}, {"type": "Feature", "geometry": {"type": "Point", "coordinates": [81.8, 26.88361111111111]}, "properties": {"station_code": "043-MGD1LKN", "name": "Sonauli Mohammad Pur", "type": "Base", "nearest_town": null, "warning_level": null, "danger_level": null, "frl": null, "mwl": null, "highest_flow_level": 99.1}}, {"type": "Feature", "geometry": {"type": "Point", "coordinates": [79.3436111111111, 29.55388888888889]}, "properties": {"station_code": "043-MGD2LKN", "name": "Betalghat", "type": "Base", "nearest_town": null, "warning_level": 746.0, "danger_level": 747.0, "frl": null, "mwl": null, "highest_flow_level": 750.45}}, {"type": "Feature", "geometry": {"type": "Point", "coordinates": [81.21583333333334, 23.866944444444446]}, "properties": {"station_code": "043-MGD3VNS", "name": "Chansura", "type": "Base", "nearest_town": "", "warning_level": 342.5, "danger_level": 343.5, "frl": null, "mwl": null, "highest_flow_level": 347.08}}, {"type": "Feature", "geometry": {"type": "Point", "coordinates": [85.88916666666667, 25.574166666666667]}, "properties": {"station_code": "043-MGD4PTN", "name": "Bachhwara", "type": "Base", "nearest_town": null, "warning_level": 41.88, "danger_level": 42.88, "frl": null, "mwl": null, "highest_flow_level": 44.38}}, {"type": "Feature", "geometry": {"type": "Point", "coordinates": [77.7461111111111, 11.360555555555555]}, "properties": {"station_code": "043-SRDCBE", "name": "PALLIPALAYAM/Erode", "type": "Base", "nearest_town": "", "warning_level": 148.25, "danger_level": 149.25, "frl": null, "mwl": null, "highest_flow_level": 150.185}}, {"type": "Feature", "geometry": {"type": "Point", "coordinates": [76.43777777777778, 21.4325]}, "properties": {"station_code": "043-TDSURAT", "name": "NAWTHA", "type": "Base", "nearest_town": null, "warning_level": 246.5, "danger_level": 249.0, "frl": null, "mwl": null, "highest_flow_level": 249.6}}, {"type": "Feature", "geometry": {"type": "Point", "coordinates": [74.27361111111111, 18.572222222222223]}, "properties": {"station_code": "043-UKDPUNE", "name": "Rahu", "type": "Base", "nearest_town": null, "warning_level": 517.5, "danger_level": 518.5, "frl": null, "mwl": null, "highest_flow_level": 519.55}}, {"type": "Feature", "geometry": {"type": "Point", "coordinates": [77.6, 29.273055555555555]}, "properties": {"station_code": "043-UYDDEL", "name": "Ratanpuri", "type": "Base", "nearest_town": null, "warning_level": 217.5, "danger_level": 218.5, "frl": null, "mwl": null, "highest_flow_level": 220.2}}, {"type": "Feature", "geometry": {"type": "Point", "coordinates": [75.84444444444443, 25.196666666666665]}, "properties": {"station_code": "044-CDJAPR", "name": "Kota City", "type": "Level", "nearest_town": null, "warning_level": 239.0, "danger_level": 242.0, "frl": null, "mwl": null, "highest_flow_level": 248.68}}, {"type": "Feature", "geometry": {"type": "Point", "coordinates": [86.11527777777778, 23.732499999999998]}, "properties": {"station_code": "044-DDASL", "name": "CHANDRAPURA", "type": "Base", "nearest_town": null, "warning_level": null, "danger_level": null, "frl": null, "mwl": null, "highest_flow_level": 167.3}}, {"type": "Feature", "geometry": {"type": "Point", "coordinates": [83.78611111111111, 19.083055555555557]}, "properties": {"station_code": "044-ERDBWN", "name": "Sirijholi Nala", "type": "Base", "nearest_town": null, "warning_level": null, "danger_level": null, "frl": null, "mwl": null, "highest_flow_level": 82.81}}, {"type": "Feature", "geometry": {"type": "Point", "coordinates": [79.56083333333333, 14.618611111111111]}, "properties": {"station_code": "044-HDCHENNAI", "name": "DIPURU", "type": "Base", "nearest_town": null, "warning_level": 49.9, "danger_level": 50.47, "frl": null, "mwl": null, "highest_flow_level": 50.97}}, {"type": "Feature", "geometry": {"type": "Point", "coordinates": [89.58472222222221, 26.301111111111112]}, "properties": {"station_code": "044-LBDJPG", "name": "Shaladang", "type": "Base", "nearest_town": null, "warning_level": null, "danger_level": null, "frl": null, "mwl": null, "highest_flow_level": 37.04}}, {"type": "Feature", "geometry": {"type": "Point", "coordinates": [78.91305555555556, 26.42138888888889]}, "properties": {"station_code": "044-LYDAGRA", "name": "MEHNDAGHAT", "type": "Base", "nearest_town": null, "warning_level": 126.0, "danger_level": 127.0, "frl": null, "mwl": null, "highest_flow_level": 127.68}}, {"type": "Feature", "geometry": {"type": "Point", "coordinates": [92.18861111111111, 26.27611111111111]}, "properties": {"station_code": "044-MBDNEW", "name": "Kaliajari", "type": "Base", "nearest_town": null, "warning_level": null, "danger_level": null, "frl": null, "mwl": null, "highest_flow_level": 54.91}}, {"type": "Feature", "geometry": {"type": "Point", "coordinates": [82.63694444444445, 26.60777777777778]}, "properties": {"station_code": "044-MGD1LKN", "name": "Dhobahat", "type": "Base", "nearest_town": null, "warning_level": null, "danger_level": null, "frl": null, "mwl": null, "highest_flow_level": 87.735}}, {"type": "Feature", "geometry": {"type": "Point", "coordinates": [78.47777777777777, 29.436944444444446]}, "properties": {"station_code": "044-MGD2LKN", "name": "Nagina", "type": "Base", "nearest_town": null, "warning_level": null, "danger_level": null, "frl": null, "mwl": null, "highest_flow_level": 239.87}}, {"type": "Feature", "geometry": {"type": "Point", "coordinates": [83.75416666666666, 25.835555555555555]}, "properties": {"station_code": "044-MGD3VNS", "name": "Kasmabad", "type": "Base", "nearest_town": "", "warning_level": 58.65, "danger_level": 59.65, "frl": null, "mwl": null, "highest_flow_level": 62.15}}, {"type": "Feature", "geometry": {"type": "Point", "coordinates": [86.60694444444444, 25.61138888888889]}, "properties": {"station_code": "044-MGD4PTN", "name": "Dhamaraghat", "type": "Base", "nearest_town": null, "warning_level": 36.5, "danger_level": 37.5, "frl": null, "mwl": null, "highest_flow_level": 37.75}}, {"type": "Feature", "geometry": {"type": "Point", "coordinates": [85.27972222222222, 25.546666666666667]}, "properties": {"station_code": "044-MGD5PTN", "name": "Bankaghat", "type": "Base", "nearest_town": null, "warning_level": 47.0, "danger_level": 48.0, "frl": null, "mwl": null, "highest_flow_level": 49.44}}, {"type": "Feature", "geometry": {"type": "Point", "coordinates": [77.68083333333334, 11.438333333333334]}, "properties": {"station_code": "044-SRDCBE", "name": "BHAVANI BRIDGE", "type": "Base", "nearest_town": "", "warning_level": 165.85, "danger_level": 166.35, "frl": null, "mwl": null, "highest_flow_level": 167.0}}, {"type": "Feature", "geometry": {"type": "Point", "coordinates": [77.42194444444445, 29.1075]}, "properties": {"station_code": "044-UYDDEL", "name": "Barnawa", "type": "Base", "nearest_town": null, "warning_level": 215.0, "danger_level": 216.0, "frl": null, "mwl": null, "highest_flow_level": 216.71}}, {"type": "Feature", "geometry": {"type": "Point", "coordinates": [75.58, 24.92]}, "properties": {"station_code": "045-CDJAPR", "name": "Ranapratap Sagar Reservoir", "type": "Inflow", "nearest_town": null, "warning_level": null, "danger_level": null, "frl": 352.81, "mwl": 354.18, "highest_flow_level": null}}, {"type": "Feature", "geometry": {"type": "Point", "coordinates": [86.82305555555556, 23.683888888888887]}, "properties": {"station_code": "045-DDASL", "name": "DISHERGARH", "type": "Base", "nearest_town": null, "warning_level": null, "danger_level": null, "frl": null, "mwl": null, "highest_flow_level": 93.81}}, {"type": "Feature", "geometry": {"type": "Point", "coordinates": [83.7375, 18.569444444444443]}, "properties": {"station_code": "045-ERDBWN", "name": "Sankhili Rd Bridge", "type": "Base", "nearest_town": null, "warning_level": null, "danger_level": null, "frl": null, "mwl": null, "highest_flow_level": 46.36}}, {"type": "Feature", "geometry": {"type": "Point", "coordinates": [79.26722222222222, 12.98472222222222]}, "properties": {"station_code": "045-HD CHENNAI", "name": "THIRUVALAM", "type": "Base", "nearest_town": null, "warning_level": 197.5, "danger_level": 198.05, "frl": null, "mwl": null, "highest_flow_level": 198.55}}, {"type": "Feature", "geometry": {"type": "Point", "coordinates": [79.70222222222222, 13.794444444444444]}, "properties": {"station_code": "045-HDCHENNAI", "name": "Verupakshapuram", "type": "Base", "nearest_town": null, "warning_level": 56.335, "danger_level": 57.335, "frl": null, "mwl": null, "highest_flow_level": 57.835}}, {"type": "Feature", "geometry": {"type": "Point", "coordinates": [77.81555555555555, 26.485555555555557]}, "properties": {"station_code": "045-LYDAGRA", "name": "BAGCHINI", "type": "Base", "nearest_town": null, "warning_level": 166.0, "danger_level": 167.0, "frl": null, "mwl": null, "highest_flow_level": 169.14}}, {"type": "Feature", "geometry": {"type": "Point", "coordinates": [92.02166666666666, 26.201944444444443]}, "properties": {"station_code": "045-MBDNEW", "name": "Kamarpur", "type": "Base", "nearest_town": null, "warning_level": null, "danger_level": null, "frl": null, "mwl": null, "highest_flow_level": 53.91}}, {"type": "Feature", "geometry": {"type": "Point", "coordinates": [83.70333333333333, 22.053055555555556]}, "properties": {"station_code": "045-MDBURLA", "name": "Gopalpur", "type": "Base", "nearest_town": null, "warning_level": null, "danger_level": null, "frl": null, "mwl": null, "highest_flow_level": null}}, {"type": "Feature", "geometry": {"type": "Point", "coordinates": [82.49555555555555, 27.00861111111111]}, "properties": {"station_code": "045-MGD1LKN", "name": "Gharighat", "type": "Base", "nearest_town": null, "warning_level": null, "danger_level": null, "frl": null, "mwl": null, "highest_flow_level": 90.01}}, {"type": "Feature", "geometry": {"type": "Point", "coordinates": [78.79222222222222, 29.30388888888889]}, "properties": {"station_code": "045-MGD2LKN", "name": "Fica Barrage D/S", "type": "Base", "nearest_town": null, "warning_level": null, "danger_level": null, "frl": null, "mwl": null, "highest_flow_level": 236.8}}, {"type": "Feature", "geometry": {"type": "Point", "coordinates": [82.27222222222223, 24.31722222222222]}, "properties": {"station_code": "045-MGD3VNS", "name": "SOHAR", "type": "Base", "nearest_town": "", "warning_level": 254.0, "danger_level": 255.0, "frl": null, "mwl": null, "highest_flow_level": 256.39}}, {"type": "Feature", "geometry": {"type": "Point", "coordinates": [86.59027777777777, 25.571666666666665]}, "properties": {"station_code": "045-MGD4PTN", "name": "Badlaghat", "type": "Base", "nearest_town": "", "warning_level": 35.31, "danger_level": 36.31, "frl": null, "mwl": null, "highest_flow_level": 37.81}}, {"type": "Feature", "geometry": {"type": "Point", "coordinates": [78.6888888888889, 10.847222222222223]}, "properties": {"station_code": "045-SRDCBE", "name": "SRI RANGAM", "type": "Base", "nearest_town": "", "warning_level": null, "danger_level": null, "frl": null, "mwl": null, "highest_flow_level": null}}, {"type": "Feature", "geometry": {"type": "Point", "coordinates": [95.55027777777778, 27.5675]}, "properties": {"station_code": "045-UBDDIB", "name": "Doomdooma", "type": "Base", "nearest_town": null, "warning_level": 117.0, "danger_level": 118.0, "frl": null, "mwl": null, "highest_flow_level": 119.53}}, {"type": "Feature", "geometry": {"type": "Point", "coordinates": [77.47, 28.95888888888889]}, "properties": {"station_code": "045-UYDDEL:", "name": "Baleni", "type": "Base", "nearest_town": null, "warning_level": 210.0, "danger_level": 211.0, "frl": null, "mwl": null, "highest_flow_level": 211.53}}, {"type": "Feature", "geometry": {"type": "Point", "coordinates": [93.7575, 27.39527777777778]}, "properties": {"station_code": "046", "name": "Yazali", "type": "Base", "nearest_town": "", "warning_level": 627.4, "danger_level": 628.4, "frl": null, "mwl": null, "highest_flow_level": 629.4}}, {"type": "Feature", "geometry": {"type": "Point", "coordinates": [75.67833333333334, 25.03666666666667]}, "properties": {"station_code": "046-CDJAPR", "name": "Jawahar Sagar  DAM", "type": "Inflow", "nearest_town": null, "warning_level": null, "danger_level": null, "frl": 298.7, "mwl": 300.84, "highest_flow_level": null}}, {"type": "Feature", "geometry": {"type": "Point", "coordinates": [86.89611111111111, 23.64388888888889]}, "properties": {"station_code": "046-DDASL", "name": "DAMODAR RLY. BRIDGE", "type": "Base", "nearest_town": null, "warning_level": null, "danger_level": null, "frl": null, "mwl": null, "highest_flow_level": 93.39}}, {"type": "Feature", "geometry": {"type": "Point", "coordinates": [83.45972222222223, 18.861111111111114]}, "properties": {"station_code": "046-ERDBWN", "name": "Janjhavati Rd.Bridge", "type": "Base", "nearest_town": null, "warning_level": null, "danger_level": null, "frl": null, "mwl": null, "highest_flow_level": 119.22}}, {"type": "Feature", "geometry": {"type": "Point", "coordinates": [78.93805555555556, 15.112499999999999]}, "properties": {"station_code": "046-HDCHENNAI", "name": "Kalasapadu", "type": "Base", "nearest_town": null, "warning_level": 191.26, "danger_level": 192.26, "frl": null, "mwl": null, "highest_flow_level": 192.76}}, {"type": "Feature", "geometry": {"type": "Point", "coordinates": [89.82944444444443, 26.01888888888889]}, "properties": {"station_code": "046-LBDJPG", "name": "Baladoba", "type": "Base", "nearest_town": null, "warning_level": null, "danger_level": null, "frl": null, "mwl": null, "highest_flow_level": 30.7}}, {"type": "Feature", "geometry": {"type": "Point", "coordinates": [78.37194444444444, 25.834166666666665]}, "properties": {"station_code": "046-LYDAGRA", "name": "CHANDPUR DABRA", "type": "Base", "nearest_town": null, "warning_level": 187.3, "danger_level": 188.3, "frl": null, "mwl": null, "highest_flow_level": 198.15}}, {"type": "Feature", "geometry": {"type": "Point", "coordinates": [92.12444444444444, 26.243333333333336]}, "properties": {"station_code": "046-MBDNEW", "name": "Simultala", "type": "Base", "nearest_town": null, "warning_level": null, "danger_level": null, "frl": null, "mwl": null, "highest_flow_level": 58.9}}, {"type": "Feature", "geometry": {"type": "Point", "coordinates": [86.08916666666666, 20.42666666666667]}, "properties": {"station_code": "046-MDBURLA", "name": "Kishan Nagar ", "type": "Base", "nearest_town": null, "warning_level": null, "danger_level": null, "frl": null, "mwl": null, "highest_flow_level": 15.98}}, {"type": "Feature", "geometry": {"type": "Point", "coordinates": [83.35749999999999, 26.335555555555555]}, "properties": {"station_code": "046-MGD1LKN", "name": "Gola Bazaar", "type": "Base", "nearest_town": null, "warning_level": null, "danger_level": null, "frl": null, "mwl": null, "highest_flow_level": 73.94}}, {"type": "Feature", "geometry": {"type": "Point", "coordinates": [79.03888888888889, 29.15861111111111]}, "properties": {"station_code": "046-MGD2LKN", "name": "Ramnagar Barrage D/S", "type": "Base", "nearest_town": null, "warning_level": 218.0, "danger_level": 219.0, "frl": null, "mwl": null, "highest_flow_level": 221.83}}, {"type": "Feature", "geometry": {"type": "Point", "coordinates": [83.23222222222222, 24.46222222222222]}, "properties": {"station_code": "046-MGD3VNS", "name": "NIGAI", "type": "Base", "nearest_town": "", "warning_level": 159.0, "danger_level": 160.0, "frl": null, "mwl": null, "highest_flow_level": 162.84}}, {"type": "Feature", "geometry": {"type": "Point", "coordinates": [85.65361111111112, 25.71638888888889]}, "properties": {"station_code": "046-MGD4PTN", "name": "Dalsingh Sarai", "type": "Base", "nearest_town": null, "warning_level": 41.84, "danger_level": 42.84, "frl": null, "mwl": null, "highest_flow_level": 44.34}}, {"type": "Feature", "geometry": {"type": "Point", "coordinates": [84.00861111111111, 24.150555555555552]}, "properties": {"station_code": "046-MGD5PTN", "name": "Rajhara", "type": "Base", "nearest_town": null, "warning_level": 181.21, "danger_level": 182.21, "frl": null, "mwl": null, "highest_flow_level": 183.21}}, {"type": "Feature", "geometry": {"type": "Point", "coordinates": [77.94583333333334, 10.498055555555554]}, "properties": {"station_code": "046-SRDCBE", "name": "LAKSHMANANPATTI", "type": "Base", "nearest_town": "", "warning_level": 217.9, "danger_level": 218.9, "frl": null, "mwl": null, "highest_flow_level": 219.8}}, {"type": "Feature", "geometry": {"type": "Point", "coordinates": [77.42416666666666, 28.602222222222224]}, "properties": {"station_code": "046-UYDDEL", "name": "Noida", "type": "Base", "nearest_town": null, "warning_level": 195.0, "danger_level": 196.0, "frl": null, "mwl": null, "highest_flow_level": 197.28}}, {"type": "Feature", "geometry": {"type": "Point", "coordinates": [96.49638888888889, 28.073888888888888]}, "properties": {"station_code": "047", "name": "Hayuliang", "type": "Base", "nearest_town": null, "warning_level": 493.1, "danger_level": 494.1, "frl": null, "mwl": null, "highest_flow_level": 497.89}}, {"type": "Feature", "geometry": {"type": "Point", "coordinates": [75.07527777777777, 24.05611111111111]}, "properties": {"station_code": "047-CDJAPR", "name": "Mandsour", "type": "Base", "nearest_town": null, "warning_level": 429.0, "danger_level": 430.0, "frl": null, "mwl": null, "highest_flow_level": 433.11}}, {"type": "Feature", "geometry": {"type": "Point", "coordinates": [86.93027777777779, 23.873055555555556]}, "properties": {"station_code": "047-DDASL", "name": "CHITRANJAN", "type": "Base", "nearest_town": null, "warning_level": null, "danger_level": null, "frl": null, "mwl": null, "highest_flow_level": 121.8}}, {"type": "Feature", "geometry": {"type": "Point", "coordinates": [83.61972222222222, 18.5875]}, "properties": {"station_code": "047-ERDBWN", "name": "Madduvalasa Reservoir", "type": "Inflow", "nearest_town": "", "warning_level": null, "danger_level": null, "frl": 65.0, "mwl": 65.0, "highest_flow_level": null}}, {"type": "Feature", "geometry": {"type": "Point", "coordinates": [79.20805555555556, 13.183333333333334]}, "properties": {"station_code": "047-HDCHENNAI", "name": "Narasingarayainpet", "type": "Base", "nearest_town": null, "warning_level": 268.09, "danger_level": 269.09, "frl": null, "mwl": null, "highest_flow_level": 269.59}}, {"type": "Feature", "geometry": {"type": "Point", "coordinates": [89.35, 26.11277777777778]}, "properties": {"station_code": "047-LBDJPG", "name": "Singimari", "type": "Base", "nearest_town": null, "warning_level": null, "danger_level": null, "frl": null, "mwl": null, "highest_flow_level": 31.85}}, {"type": "Feature", "geometry": {"type": "Point", "coordinates": [78.59277777777777, 25.5625]}, "properties": {"station_code": "047-LYDAGRA", "name": "UNNAO BALAJI", "type": "Base", "nearest_town": null, "warning_level": 207.5, "danger_level": 208.5, "frl": null, "mwl": null, "highest_flow_level": 208.8}}, {"type": "Feature", "geometry": {"type": "Point", "coordinates": [91.10555555555555, 26.0775]}, "properties": {"station_code": "047-MBDNEW", "name": "Malibari", "type": "Base", "nearest_town": null, "warning_level": null, "danger_level": null, "frl": null, "mwl": null, "highest_flow_level": 42.96}}, {"type": "Feature", "geometry": {"type": "Point", "coordinates": [86.23, 20.35777777777778]}, "properties": {"station_code": "047-MDBURLA", "name": "Tarpur ", "type": "Base", "nearest_town": null, "warning_level": null, "danger_level": null, "frl": null, "mwl": null, "highest_flow_level": 11.65}}, {"type": "Feature", "geometry": {"type": "Point", "coordinates": [82.5625, 27.39527777777778]}, "properties": {"station_code": "047-MGD1LKN", "name": "Parsohan Ghat", "type": "Base", "nearest_town": null, "warning_level": 94.55, "danger_level": 95.55, "frl": null, "mwl": null, "highest_flow_level": 97.88}}, {"type": "Feature", "geometry": {"type": "Point", "coordinates": [79.54833333333333, 29.2675]}, "properties": {"station_code": "047-MGD2LKN", "name": "Kathgodam", "type": "Base", "nearest_town": null, "warning_level": 499.0, "danger_level": 500.0, "frl": null, "mwl": null, "highest_flow_level": 501.11}}, {"type": "Feature", "geometry": {"type": "Point", "coordinates": [82.8286111111111, 25.380277777777778]}, "properties": {"station_code": "047-MGD3VNS", "name": "TENDUI", "type": "Base", "nearest_town": "", "warning_level": 69.21, "danger_level": 70.21, "frl": null, "mwl": null, "highest_flow_level": 73.71}}, {"type": "Feature", "geometry": {"type": "Point", "coordinates": [87.90583333333333, 26.143333333333334]}, "properties": {"station_code": "047-MGD4PTN", "name": "Moujabadi", "type": "Base", "nearest_town": null, "warning_level": 51.05, "danger_level": 52.05, "frl": null, "mwl": null, "highest_flow_level": 53.55}}, {"type": "Feature", "geometry": {"type": "Point", "coordinates": [86.58166666666666, 25.28111111111111]}, "properties": {"station_code": "047-MGD5PTN", "name": "Bariyarpur", "type": "Base", "nearest_town": null, "warning_level": 36.64, "danger_level": 37.64, "frl": null, "mwl": null, "highest_flow_level": 40.13}}, {"type": "Feature", "geometry": {"type": "Point", "coordinates": [78.0961111111111, 10.285555555555556]}, "properties": {"station_code": "047-SRDCBE", "name": "SANARPATTI", "type": "Base", "nearest_town": "", "warning_level": null, "danger_level": null, "frl": null, "mwl": null, "highest_flow_level": null}}, {"type": "Feature", "geometry": {"type": "Point", "coordinates": [77.47722222222222, 28.09472222222222]}, "properties": {"station_code": "047-UYDDEL", "name": "Rahimpur", "type": "Base", "nearest_town": null, "warning_level": 185.0, "danger_level": 186.0, "frl": null, "mwl": null, "highest_flow_level": 186.49}}, {"type": "Feature", "geometry": {"type": "Point", "coordinates": [94.77027777777778, 28.192777777777778]}, "properties": {"station_code": "048", "name": "Kabu basti (Kambang)", "type": "Base", "nearest_town": null, "warning_level": 251.7, "danger_level": 252.7, "frl": null, "mwl": null, "highest_flow_level": 256.78}}, {"type": "Feature", "geometry": {"type": "Point", "coordinates": [74.13666666666667, 15.503055555555555]}, "properties": {"station_code": "048-CDBNG", "name": "Savarshe", "type": "Base", "nearest_town": null, "warning_level": 13.5, "danger_level": 14.5, "frl": null, "mwl": null, "highest_flow_level": 20.3}}, {"type": "Feature", "geometry": {"type": "Point", "coordinates": [87.31277777777777, 23.95638888888889]}, "properties": {"station_code": "048-DDASL", "name": "KUSHKARNI", "type": "Base", "nearest_town": null, "warning_level": null, "danger_level": null, "frl": null, "mwl": null, "highest_flow_level": 99.6}}, {"type": "Feature", "geometry": {"type": "Point", "coordinates": [83.42416666666666, 19.11138888888889]}, "properties": {"station_code": "048-ERDBWN", "name": "Jaggaguda", "type": "Base", "nearest_town": null, "warning_level": null, "danger_level": null, "frl": null, "mwl": null, "highest_flow_level": 157.25}}, {"type": "Feature", "geometry": {"type": "Point", "coordinates": [78.75527777777778, 14.06638888888889]}, "properties": {"station_code": "048-HDCHENNAI", "name": "RAYACHOTI", "type": "Base", "nearest_town": null, "warning_level": 339.13, "danger_level": 340.13, "frl": null, "mwl": null, "highest_flow_level": 340.63}}, {"type": "Feature", "geometry": {"type": "Point", "coordinates": [79.18194444444445, 25.045555555555556]}, "properties": {"station_code": "048-LYDAGRA", "name": "SANJAY NAGAR", "type": "Base", "nearest_town": null, "warning_level": 212.87, "danger_level": 213.87, "frl": null, "mwl": null, "highest_flow_level": 216.53}}, {"type": "Feature", "geometry": {"type": "Point", "coordinates": [92.63277777777778, 25.52861111111111]}, "properties": {"station_code": "048-MBDGHY", "name": "Khandong Dam", "type": "Inflow", "nearest_town": null, "warning_level": null, "danger_level": null, "frl": 725.0, "mwl": null, "highest_flow_level": null}}, {"type": "Feature", "geometry": {"type": "Point", "coordinates": [92.55027777777778, 26.186944444444446]}, "properties": {"station_code": "048-MBDNEW", "name": "Magurgaon", "type": "Base", "nearest_town": null, "warning_level": null, "danger_level": null, "frl": null, "mwl": null, "highest_flow_level": 59.55}}, {"type": "Feature", "geometry": {"type": "Point", "coordinates": [85.88805555555557, 20.438333333333333]}, "properties": {"station_code": "048-MDBURLA", "name": "Kathajori Rd.Bridge", "type": "Base", "nearest_town": null, "warning_level": null, "danger_level": null, "frl": null, "mwl": null, "highest_flow_level": 22.28}}, {"type": "Feature", "geometry": {"type": "Point", "coordinates": [82.77527777777777, 27.408055555555553]}, "properties": {"station_code": "048-MGD1LKN", "name": "Muhchurwa Ghat", "type": "Base", "nearest_town": null, "warning_level": 89.79, "danger_level": 90.79, "frl": null, "mwl": null, "highest_flow_level": 92.34}}, {"type": "Feature", "geometry": {"type": "Point", "coordinates": [79.09277777777777, 29.60611111111111]}, "properties": {"station_code": "048-MGD2LKN", "name": "Marchula", "type": "Base", "nearest_town": null, "warning_level": 585.0, "danger_level": 586.0, "frl": null, "mwl": null, "highest_flow_level": 587.65}}, {"type": "Feature", "geometry": {"type": "Point", "coordinates": [83.32666666666667, 25.54416666666667]}, "properties": {"station_code": "048-MGD3VNS", "name": "Devkali", "type": "Base", "nearest_town": "", "warning_level": 63.91, "danger_level": 64.91, "frl": null, "mwl": null, "highest_flow_level": 67.41}}, {"type": "Feature", "geometry": {"type": "Point", "coordinates": [87.73694444444445, 26.058333333333334]}, "properties": {"station_code": "048-MGD4PTN", "name": "Rauta", "type": "Base", "nearest_town": null, "warning_level": 40.71, "danger_level": 41.71, "frl": null, "mwl": null, "highest_flow_level": 43.21}}, {"type": "Feature", "geometry": {"type": "Point", "coordinates": [86.61472222222221, 25.254722222222224]}, "properties": {"station_code": "048-MGD5PTN", "name": "Kalyanpur", "type": "Base", "nearest_town": null, "warning_level": 36.16, "danger_level": 37.16, "frl": null, "mwl": null, "highest_flow_level": 39.98}}, {"type": "Feature", "geometry": {"type": "Point", "coordinates": [78.05333333333333, 10.461388888888887]}, "properties": {"station_code": "048-SRDCBE", "name": "VADAMADURAI", "type": "Base", "nearest_town": "", "warning_level": null, "danger_level": null, "frl": null, "mwl": null, "highest_flow_level": null}}, {"type": "Feature", "geometry": {"type": "Point", "coordinates": [77.15805555555556, 27.828055555555554]}, "properties": {"station_code": "048-UYDDEL", "name": "Piprauli", "type": "Base", "nearest_town": null, "warning_level": 186.0, "danger_level": 187.0, "frl": null, "mwl": null, "highest_flow_level": 187.32}}, {"type": "Feature", "geometry": {"type": "Point", "coordinates": [95.85027777777778, 27.33722222222222]}, "properties": {"station_code": "049", "name": "Udaipur", "type": "Base", "nearest_town": null, "warning_level": 145.25, "danger_level": 146.25, "frl": null, "mwl": null, "highest_flow_level": 149.5}}, {"type": "Feature", "geometry": {"type": "Point", "coordinates": [80.14611111111111, 13.336666666666668]}, "properties": {"station_code": "049 -HD CHENNAI", "name": "Puduvayal", "type": "Base", "nearest_town": null, "warning_level": 13.4, "danger_level": 14.4, "frl": null, "mwl": null, "highest_flow_level": 15.07}}, {"type": "Feature", "geometry": {"type": "Point", "coordinates": [75.47083333333333, 13.351944444444444]}, "properties": {"station_code": "049-CDBNG", "name": "Balehonnur", "type": "Base", "nearest_town": null, "warning_level": 102.32, "danger_level": 102.82, "frl": null, "mwl": null, "highest_flow_level": 103.32}}, {"type": "Feature", "geometry": {"type": "Point", "coordinates": [87.94194444444445, 23.88111111111111]}, "properties": {"station_code": "049-DDASL", "name": "SUNDARPUR", "type": "Base", "nearest_town": null, "warning_level": null, "danger_level": null, "frl": null, "mwl": null, "highest_flow_level": 26.69}}, {"type": "Feature", "geometry": {"type": "Point", "coordinates": [85.85972222222222, 20.861666666666668]}, "properties": {"station_code": "049-ERDBWN", "name": "Bhuban Baji Rout Rd.Bridge", "type": "Base", "nearest_town": null, "warning_level": null, "danger_level": null, "frl": null, "mwl": null, "highest_flow_level": 29.78}}, {"type": "Feature", "geometry": {"type": "Point", "coordinates": [77.60944444444443, 24.94472222222222]}, "properties": {"station_code": "049-LYDAGRA", "name": "BIJRONI", "type": "Base", "nearest_town": null, "warning_level": 442.0, "danger_level": 443.0, "frl": null, "mwl": null, "highest_flow_level": 446.9}}, {"type": "Feature", "geometry": {"type": "Point", "coordinates": [91.23666666666666, 26.505]}, "properties": {"station_code": "049-MBDNEW", "name": "Patacharkuchi", "type": "Base", "nearest_town": null, "warning_level": null, "danger_level": null, "frl": null, "mwl": null, "highest_flow_level": 47.87}}, {"type": "Feature", "geometry": {"type": "Point", "coordinates": [85.93305555555555, 20.262777777777778]}, "properties": {"station_code": "049-MDBURLA", "name": "Bhingarpur ", "type": "Base", "nearest_town": null, "warning_level": null, "danger_level": null, "frl": null, "mwl": null, "highest_flow_level": 15.86}}, {"type": "Feature", "geometry": {"type": "Point", "coordinates": [83.69277777777778, 27.415277777777778]}, "properties": {"station_code": "049-MGD1LKN", "name": "Thoothibari", "type": "Base", "nearest_town": null, "warning_level": null, "danger_level": null, "frl": null, "mwl": null, "highest_flow_level": 101.56}}, {"type": "Feature", "geometry": {"type": "Point", "coordinates": [79.24694444444445, 29.741666666666667]}, "properties": {"station_code": "049-MGD2LKN", "name": "Naula", "type": "Base", "nearest_town": null, "warning_level": 820.0, "danger_level": 821.0, "frl": null, "mwl": null, "highest_flow_level": 815.52}}, {"type": "Feature", "geometry": {"type": "Point", "coordinates": [82.53388888888888, 23.99527777777778]}, "properties": {"station_code": "049-MGD3VNS", "name": "Chachar", "type": "Base", "nearest_town": "", "warning_level": 275.0, "danger_level": 276.0, "frl": null, "mwl": null, "highest_flow_level": 277.77}}, {"type": "Feature", "geometry": {"type": "Point", "coordinates": [87.72055555555556, 25.941388888888888]}, "properties": {"station_code": "049-MGD4PTN", "name": "Amour", "type": "Base", "nearest_town": null, "warning_level": 37.38, "danger_level": 38.38, "frl": null, "mwl": null, "highest_flow_level": 39.88}}, {"type": "Feature", "geometry": {"type": "Point", "coordinates": [87.20916666666668, 25.231666666666666]}, "properties": {"station_code": "049-MGD5PTN", "name": "Ekchari", "type": "Base", "nearest_town": null, "warning_level": 31.23, "danger_level": 32.23, "frl": null, "mwl": null, "highest_flow_level": 33.45}}, {"type": "Feature", "geometry": {"type": "Point", "coordinates": [78.51333333333334, 10.99111111111111]}, "properties": {"station_code": "049-SRDCBE", "name": "Thandalaiputhur", "type": "Base", "nearest_town": null, "warning_level": 91.355, "danger_level": 91.855, "frl": null, "mwl": null, "highest_flow_level": 92.185}}, {"type": "Feature", "geometry": {"type": "Point", "coordinates": [74.75166666666667, 21.27472222222222]}, "properties": {"station_code": "049-TDSURAT", "name": "SHINDKHEDA", "type": "Base", "nearest_town": null, "warning_level": 152.0, "danger_level": 153.0, "frl": null, "mwl": null, "highest_flow_level": 157.449}}, {"type": "Feature", "geometry": {"type": "Point", "coordinates": [80.08916666666666, 18.703888888888887]}, "properties": {"station_code": "049-UGDHYD", "name": "LAXMI BARRAGE", "type": "Inflow", "nearest_town": null, "warning_level": null, "danger_level": null, "frl": 100.0, "mwl": 102.6, "highest_flow_level": null}}, {"type": "Feature", "geometry": {"type": "Point", "coordinates": [77.72833333333334, 27.296944444444446]}, "properties": {"station_code": "049-UYDDEL", "name": "Parkham", "type": "Base", "nearest_town": null, "warning_level": 170.5, "danger_level": 171.5, "frl": null, "mwl": null, "highest_flow_level": 171.3}}, {"type": "Feature", "geometry": {"type": "Point", "coordinates": [96.16000000000001, 27.5075]}, "properties": {"station_code": "050", "name": "Motipur", "type": "Base", "nearest_town": null, "warning_level": 213.5, "danger_level": 214.5, "frl": null, "mwl": null, "highest_flow_level": 218.16}}, {"type": "Feature", "geometry": {"type": "Point", "coordinates": [76.00361111111111, 11.795833333333333]}, "properties": {"station_code": "050-CDBNG-T", "name": "MANANTHAVADY", "type": "Base", "nearest_town": null, "warning_level": null, "danger_level": null, "frl": null, "mwl": null, "highest_flow_level": null}}, {"type": "Feature", "geometry": {"type": "Point", "coordinates": [87.73916666666666, 22.66611111111111]}, "properties": {"station_code": "050-DDASL", "name": "Ghatal", "type": "Base", "nearest_town": null, "warning_level": null, "danger_level": null, "frl": null, "mwl": null, "highest_flow_level": 10.19}}, {"type": "Feature", "geometry": {"type": "Point", "coordinates": [84.87583333333333, 21.8475]}, "properties": {"station_code": "050-ERDBWN", "name": "Bonaigarh", "type": "Base", "nearest_town": null, "warning_level": null, "danger_level": null, "frl": null, "mwl": null, "highest_flow_level": 141.1}}, {"type": "Feature", "geometry": {"type": "Point", "coordinates": [78.24472222222222, 25.831666666666667]}, "properties": {"station_code": "050-LYDAGRA", "name": "MASOODPUR", "type": "Base", "nearest_town": null, "warning_level": 212.0, "danger_level": 213.0, "frl": null, "mwl": null, "highest_flow_level": 214.45}}, {"type": "Feature", "geometry": {"type": "Point", "coordinates": [91.66027777777778, 26.254722222222224]}, "properties": {"station_code": "050-MBDNEW", "name": "Changsari", "type": "Base", "nearest_town": null, "warning_level": null, "danger_level": null, "frl": null, "mwl": null, "highest_flow_level": 48.26}}, {"type": "Feature", "geometry": {"type": "Point", "coordinates": [85.8625, 20.202222222222222]}, "properties": {"station_code": "050-MDBURLA", "name": "Balakati ", "type": "Base", "nearest_town": null, "warning_level": null, "danger_level": null, "frl": null, "mwl": null, "highest_flow_level": 16.77}}, {"type": "Feature", "geometry": {"type": "Point", "coordinates": [83.98777777777778, 26.699444444444445]}, "properties": {"station_code": "050-MGD1LKN", "name": "Chauhan Patti", "type": "Base", "nearest_town": null, "warning_level": null, "danger_level": null, "frl": null, "mwl": null, "highest_flow_level": 75.51}}, {"type": "Feature", "geometry": {"type": "Point", "coordinates": [79.14222222222223, 29.486944444444447]}, "properties": {"station_code": "050-MGD2LKN", "name": "Garjia", "type": "Base", "nearest_town": null, "warning_level": 477.0, "danger_level": 478.0, "frl": null, "mwl": null, "highest_flow_level": 479.39}}, {"type": "Feature", "geometry": {"type": "Point", "coordinates": [82.67083333333333, 23.94611111111111]}, "properties": {"station_code": "050-MGD3VNS", "name": "Karkota", "type": "Base", "nearest_town": "", "warning_level": 270.5, "danger_level": 271.0, "frl": null, "mwl": null, "highest_flow_level": 272.15}}, {"type": "Feature", "geometry": {"type": "Point", "coordinates": [87.23694444444445, 26.3725]}, "properties": {"station_code": "050-MGD4PTN", "name": "Bathnaha", "type": "Base", "nearest_town": null, "warning_level": 61.56, "danger_level": 62.56, "frl": null, "mwl": null, "highest_flow_level": 64.06}}, {"type": "Feature", "geometry": {"type": "Point", "coordinates": [86.93416666666667, 24.886388888888888]}, "properties": {"station_code": "050-MGD5PTN", "name": "Banka", "type": "Base", "nearest_town": null, "warning_level": 85.75, "danger_level": 86.75, "frl": null, "mwl": null, "highest_flow_level": 87.4}}, {"type": "Feature", "geometry": {"type": "Point", "coordinates": [79.085, 11.092500000000001]}, "properties": {"station_code": "050-SRDCBE", "name": "Varanavasi", "type": "Base", "nearest_town": null, "warning_level": 60.5, "danger_level": 61.5, "frl": null, "mwl": null, "highest_flow_level": 62.05}}, {"type": "Feature", "geometry": {"type": "Point", "coordinates": [74.89, 21.339444444444442]}, "properties": {"station_code": "050-TDSURAT", "name": "SHIRPUR", "type": "Base", "nearest_town": null, "warning_level": 145.0, "danger_level": 146.0, "frl": null, "mwl": null, "highest_flow_level": 150.463}}, {"type": "Feature", "geometry": {"type": "Point", "coordinates": [77.61472222222221, 27.796666666666667]}, "properties": {"station_code": "050-UYDDEL", "name": "Shergarh", "type": "Base", "nearest_town": null, "warning_level": 175.0, "danger_level": 176.0, "frl": null, "mwl": null, "highest_flow_level": 177.35}}, {"type": "Feature", "geometry": {"type": "Point", "coordinates": [92.2175, 26.176944444444445]}, "properties": {"station_code": "051", "name": "Jagibhakatgaon", "type": "Base", "nearest_town": null, "warning_level": null, "danger_level": null, "frl": null, "mwl": null, "highest_flow_level": 55.75}}, {"type": "Feature", "geometry": {"type": "Point", "coordinates": [76.03972222222222, 11.549722222222222]}, "properties": {"station_code": "051-CDBNG-T", "name": "VYTHIRI", "type": "Base", "nearest_town": null, "warning_level": null, "danger_level": null, "frl": null, "mwl": null, "highest_flow_level": null}}, {"type": "Feature", "geometry": {"type": "Point", "coordinates": [87.03222222222222, 23.22083333333333]}, "properties": {"station_code": "051-DDASL", "name": "NATUNGRAM", "type": "Base", "nearest_town": null, "warning_level": null, "danger_level": null, "frl": null, "mwl": null, "highest_flow_level": 78.5}}, {"type": "Feature", "geometry": {"type": "Point", "coordinates": [84.69166666666668, 21.45777777777778]}, "properties": {"station_code": "051-ERDBWN", "name": "Gohira", "type": "Base", "nearest_town": null, "warning_level": null, "danger_level": null, "frl": null, "mwl": null, "highest_flow_level": 159.75}}, {"type": "Feature", "geometry": {"type": "Point", "coordinates": [81.47944444444444, 18.057222222222222]}, "properties": {"station_code": "051-LGDHYD", "name": "Odinaguda_1", "type": "Base", "nearest_town": null, "warning_level": null, "danger_level": null, "frl": null, "mwl": null, "highest_flow_level": 68.08}}, {"type": "Feature", "geometry": {"type": "Point", "coordinates": [78.31888888888888, 26.40222222222222]}, "properties": {"station_code": "051-LYDAGRA", "name": "SARVA", "type": "Base", "nearest_town": null, "warning_level": 162.0, "danger_level": 163.0, "frl": null, "mwl": null, "highest_flow_level": 162.1}}, {"type": "Feature", "geometry": {"type": "Point", "coordinates": [91.45944444444444, 26.067777777777778]}, "properties": {"station_code": "051-MBDNEW", "name": "Satpokholi", "type": "Base", "nearest_town": null, "warning_level": null, "danger_level": null, "frl": null, "mwl": null, "highest_flow_level": 44.58}}, {"type": "Feature", "geometry": {"type": "Point", "coordinates": [85.87888888888888, 20.039166666666667]}, "properties": {"station_code": "051-MDBURLA", "name": "Balanga ", "type": "Base", "nearest_town": null, "warning_level": null, "danger_level": null, "frl": null, "mwl": null, "highest_flow_level": 12.2}}, {"type": "Feature", "geometry": {"type": "Point", "coordinates": [80.10555555555555, 28.995555555555555]}, "properties": {"station_code": "051-MGD1LKN", "name": "Banbasa Barrage", "type": "Inflow", "nearest_town": null, "warning_level": null, "danger_level": null, "frl": 222.96, "mwl": 223.3, "highest_flow_level": 224.9}}, {"type": "Feature", "geometry": {"type": "Point", "coordinates": [78.27888888888889, 28.36388888888889]}, "properties": {"station_code": "051-MGD2LKN", "name": "Anupshahar", "type": "Base", "nearest_town": null, "warning_level": null, "danger_level": null, "frl": null, "mwl": null, "highest_flow_level": 181.9}}, {"type": "Feature", "geometry": {"type": "Point", "coordinates": [87.44972222222222, 26.410277777777775]}, "properties": {"station_code": "051-MGD4PTN", "name": "Sikti", "type": "Base", "nearest_town": null, "warning_level": 60.4, "danger_level": 61.4, "frl": null, "mwl": null, "highest_flow_level": 62.9}}, {"type": "Feature", "geometry": {"type": "Point", "coordinates": [86.295, 25.2825]}, "properties": {"station_code": "051-MGD5PTN", "name": "Suryagadha", "type": "Base", "nearest_town": null, "warning_level": 39.41, "danger_level": 40.41, "frl": null, "mwl": null, "highest_flow_level": 40.9}}, {"type": "Feature", "geometry": {"type": "Point", "coordinates": [79.29166666666667, 10.416944444444443]}, "properties": {"station_code": "051-SRDCBE", "name": "PATTUKOTTAI", "type": "Base", "nearest_town": null, "warning_level": 12.81, "danger_level": 13.81, "frl": null, "mwl": null, "highest_flow_level": 14.08}}, {"type": "Feature", "geometry": {"type": "Point", "coordinates": [74.51333333333334, 21.284722222222225]}, "properties": {"station_code": "051-TDSURAT", "name": "MALPUR(BALASANA)", "type": "Base", "nearest_town": null, "warning_level": 198.0, "danger_level": 199.0, "frl": null, "mwl": null, "highest_flow_level": 201.62}}, {"type": "Feature", "geometry": {"type": "Point", "coordinates": [79.94527777777778, 13.223611111111111]}, "properties": {"station_code": "052- HD CHENNAI", "name": "MONNAVEDU", "type": "Base", "nearest_town": "", "warning_level": 26.975, "danger_level": 27.975, "frl": null, "mwl": null, "highest_flow_level": 28.475}}, {"type": "Feature", "geometry": {"type": "Point", "coordinates": [75.67416666666666, 12.506944444444445]}, "properties": {"station_code": "052-CDBNG-T", "name": "MADAPURA", "type": "Base", "nearest_town": null, "warning_level": null, "danger_level": null, "frl": null, "mwl": null, "highest_flow_level": null}}, {"type": "Feature", "geometry": {"type": "Point", "coordinates": [87.31333333333333, 23.115555555555556]}, "properties": {"station_code": "052-DDASL", "name": "BISHNUPUR", "type": "Base", "nearest_town": null, "warning_level": null, "danger_level": null, "frl": null, "mwl": null, "highest_flow_level": 53.98}}, {"type": "Feature", "geometry": {"type": "Point", "coordinates": [85.55555555555556, 20.747222222222224]}, "properties": {"station_code": "052-ERDBWN", "name": "Kamakshya Nagar Rd. Bridge", "type": "Base", "nearest_town": null, "warning_level": null, "danger_level": null, "frl": null, "mwl": null, "highest_flow_level": 43.88}}, {"type": "Feature", "geometry": {"type": "Point", "coordinates": [78.62333333333332, 26.388333333333332]}, "properties": {"station_code": "052-LYDAGRA", "name": "GATA", "type": "Base", "nearest_town": null, "warning_level": 142.0, "danger_level": 143.0, "frl": null, "mwl": null, "highest_flow_level": 144.9}}, {"type": "Feature", "geometry": {"type": "Point", "coordinates": [92.16527777777779, 26.074444444444445]}, "properties": {"station_code": "052-MBDNEW", "name": "Umsiang", "type": "Base", "nearest_town": null, "warning_level": null, "danger_level": null, "frl": null, "mwl": null, "highest_flow_level": 69.04}}, {"type": "Feature", "geometry": {"type": "Point", "coordinates": [85.85138888888888, 20.209166666666665]}, "properties": {"station_code": "052-MDBURLA", "name": "Daya Rd.Bridge ", "type": "Base", "nearest_town": null, "warning_level": null, "danger_level": null, "frl": null, "mwl": null, "highest_flow_level": 16.74}}, {"type": "Feature", "geometry": {"type": "Point", "coordinates": [81.08999999999999, 28.27]}, "properties": {"station_code": "052-MGD1LKN", "name": "Katerniaghat Barrage", "type": "Inflow", "nearest_town": null, "warning_level": null, "danger_level": null, "frl": 136.8, "mwl": 138.0, "highest_flow_level": null}}, {"type": "Feature", "geometry": {"type": "Point", "coordinates": [78.8236111111111, 28.97138888888889]}, "properties": {"station_code": "052-MGD2LKN", "name": "Bhojpur", "type": "Base", "nearest_town": null, "warning_level": null, "danger_level": null, "frl": null, "mwl": null, "highest_flow_level": 200.83}}, {"type": "Feature", "geometry": {"type": "Point", "coordinates": [86.05333333333333, 26.41861111111111]}, "properties": {"station_code": "052-MGD4PTN", "name": "Kapasiya", "type": "Base", "nearest_town": null, "warning_level": 42.78, "danger_level": 43.78, "frl": null, "mwl": null, "highest_flow_level": 45.28}}, {"type": "Feature", "geometry": {"type": "Point", "coordinates": [85.705, 25.393055555555556]}, "properties": {"station_code": "052-MGD5PTN", "name": "Saksohra", "type": "Base", "nearest_town": null, "warning_level": 32.5, "danger_level": 33.5, "frl": null, "mwl": null, "highest_flow_level": 35.14}}, {"type": "Feature", "geometry": {"type": "Point", "coordinates": [74.39694444444446, 21.517777777777777]}, "properties": {"station_code": "052-TDSURAT", "name": "PRAKASHA(DAMARKHEDA)", "type": "Base", "nearest_town": null, "warning_level": 114.0, "danger_level": 115.0, "frl": null, "mwl": null, "highest_flow_level": 120.495}}, {"type": "Feature", "geometry": {"type": "Point", "coordinates": [94.155, 27.111944444444447]}, "properties": {"station_code": "052-UBDDIB", "name": "Balighat", "type": "Base", "nearest_town": null, "warning_level": 86.55, "danger_level": 87.55, "frl": null, "mwl": null, "highest_flow_level": 87.55}}, {"type": "Feature", "geometry": {"type": "Point", "coordinates": [79.40527777777778, 11.748333333333333]}, "properties": {"station_code": "053 -HD CHENNAI", "name": "THIRUNAVALUR", "type": "Base", "nearest_town": "", "warning_level": 36.2, "danger_level": 37.2, "frl": null, "mwl": null, "highest_flow_level": 37.77}}, {"type": "Feature", "geometry": {"type": "Point", "coordinates": [75.8425, 12.580555555555556]}, "properties": {"station_code": "053-CDBNG-T", "name": "SOMWARPET", "type": "Base", "nearest_town": null, "warning_level": null, "danger_level": null, "frl": null, "mwl": null, "highest_flow_level": null}}, {"type": "Feature", "geometry": {"type": "Point", "coordinates": [87.07055555555556, 22.90694444444444]}, "properties": {"station_code": "053-DDASL", "name": "LAKHIYAPAL", "type": "Base", "nearest_town": null, "warning_level": null, "danger_level": null, "frl": null, "mwl": null, "highest_flow_level": 53.95}}, {"type": "Feature", "geometry": {"type": "Point", "coordinates": [84.7125, 21.52638888888889]}, "properties": {"station_code": "053-ERDBWN", "name": "Purunagarh", "type": "Base", "nearest_town": null, "warning_level": null, "danger_level": null, "frl": null, "mwl": null, "highest_flow_level": 198.79}}, {"type": "Feature", "geometry": {"type": "Point", "coordinates": [82.22361111111111, 19.119444444444444]}, "properties": {"station_code": "053-LGDHYD", "name": "Ghatakusumi", "type": "Base", "nearest_town": null, "warning_level": null, "danger_level": null, "frl": null, "mwl": null, "highest_flow_level": 547.37}}, {"type": "Feature", "geometry": {"type": "Point", "coordinates": [77.50583333333333, 24.371944444444445]}, "properties": {"station_code": "053-LYDAGRA", "name": "BAROOD", "type": "Base", "nearest_town": null, "warning_level": 484.0, "danger_level": 485.0, "frl": null, "mwl": null, "highest_flow_level": 489.47}}, {"type": "Feature", "geometry": {"type": "Point", "coordinates": [92.06083333333333, 25.594166666666666]}, "properties": {"station_code": "053-MBDNEW", "name": "Umkhen-II", "type": "Base", "nearest_town": null, "warning_level": null, "danger_level": null, "frl": null, "mwl": null, "highest_flow_level": 942.0}}, {"type": "Feature", "geometry": {"type": "Point", "coordinates": [81.295, 20.953888888888887]}, "properties": {"station_code": "053-MDBURLA", "name": "Gunderdehi", "type": "Base", "nearest_town": null, "warning_level": null, "danger_level": null, "frl": null, "mwl": null, "highest_flow_level": 296.7}}, {"type": "Feature", "geometry": {"type": "Point", "coordinates": [79.27166666666666, 28.497777777777777]}, "properties": {"station_code": "053-MGD2LKN", "name": "Dhaneta", "type": "Base", "nearest_town": null, "warning_level": null, "danger_level": null, "frl": null, "mwl": null, "highest_flow_level": 170.37}}, {"type": "Feature", "geometry": {"type": "Point", "coordinates": [85.95083333333334, 26.18861111111111]}, "properties": {"station_code": "053-MGD4PTN", "name": "Kakarghatti", "type": "Base", "nearest_town": null, "warning_level": 46.5, "danger_level": 47.5, "frl": null, "mwl": null, "highest_flow_level": 49.0}}, {"type": "Feature", "geometry": {"type": "Point", "coordinates": [85.74083333333333, 25.506944444444443]}, "properties": {"station_code": "053-MGD5PTN", "name": "Pandarak", "type": "Base", "nearest_town": null, "warning_level": 42.7, "danger_level": 43.7, "frl": null, "mwl": null, "highest_flow_level": 43.73}}, {"type": "Feature", "geometry": {"type": "Point", "coordinates": [77.56083333333333, 10.354166666666666]}, "properties": {"station_code": "053-SRDCBE", "name": "BALASAMUDRAM", "type": "Base", "nearest_town": null, "warning_level": null, "danger_level": null, "frl": null, "mwl": null, "highest_flow_level": 249.5}}, {"type": "Feature", "geometry": {"type": "Point", "coordinates": [74.795, 20.50777777777778]}, "properties": {"station_code": "053-TDSURAT", "name": "SAYGAON", "type": "Base", "nearest_town": null, "warning_level": 343.0, "danger_level": 344.123, "frl": null, "mwl": null, "highest_flow_level": 346.8}}, {"type": "Feature", "geometry": {"type": "Point", "coordinates": [78.96111111111111, 18.392777777777777]}, "properties": {"station_code": "053-UGDHYD", "name": "MID MANAIR DAM", "type": "Inflow", "nearest_town": null, "warning_level": null, "danger_level": null, "frl": 318.0, "mwl": null, "highest_flow_level": null}}, {"type": "Feature", "geometry": {"type": "Point", "coordinates": [79.51472222222222, 12.22638888888889]}, "properties": {"station_code": "054- HD CHENNAI", "name": "MANIYAMPATTU", "type": "Base", "nearest_town": "", "warning_level": 59.79, "danger_level": 60.79, "frl": null, "mwl": null, "highest_flow_level": 61.29}}, {"type": "Feature", "geometry": {"type": "Point", "coordinates": [75.79444444444444, 12.481666666666667]}, "properties": {"station_code": "054-CDBNG-T", "name": "HATTIHOLE", "type": "Base", "nearest_town": null, "warning_level": null, "danger_level": null, "frl": null, "mwl": null, "highest_flow_level": null}}, {"type": "Feature", "geometry": {"type": "Point", "coordinates": [87.61472222222221, 22.579722222222223]}, "properties": {"station_code": "054-DDASL", "name": "NARAJOLE", "type": "Base", "nearest_town": null, "warning_level": null, "danger_level": null, "frl": null, "mwl": null, "highest_flow_level": 10.74}}, {"type": "Feature", "geometry": {"type": "Point", "coordinates": [80.2863888888889, 25.76361111111111]}, "properties": {"station_code": "054-LYDAGRA", "name": "KAITHI", "type": "Base", "nearest_town": null, "warning_level": 99.0, "danger_level": 100.0, "frl": null, "mwl": null, "highest_flow_level": 101.99}}, {"type": "Feature", "geometry": {"type": "Point", "coordinates": [92.94111111111111, 26.618333333333332]}, "properties": {"station_code": "054-MBDNEW", "name": "Silghat", "type": "Base", "nearest_town": null, "warning_level": 67.0, "danger_level": 68.0, "frl": null, "mwl": null, "highest_flow_level": 69.42}}, {"type": "Feature", "geometry": {"type": "Point", "coordinates": [82.0025, 21.91611111111111]}, "properties": {"station_code": "054-MDBURLA", "name": "Maniyari ", "type": "Base", "nearest_town": null, "warning_level": null, "danger_level": null, "frl": null, "mwl": null, "highest_flow_level": 236.23}}, {"type": "Feature", "geometry": {"type": "Point", "coordinates": [79.20916666666668, 28.80888888888889]}, "properties": {"station_code": "054-MGD2LKN", "name": "Bhatpura", "type": "Base", "nearest_town": null, "warning_level": null, "danger_level": null, "frl": null, "mwl": null, "highest_flow_level": 184.65}}, {"type": "Feature", "geometry": {"type": "Point", "coordinates": [86.34305555555555, 26.046666666666667]}, "properties": {"station_code": "054-MGD4PTN", "name": "Jhagarua", "type": "Base", "nearest_town": null, "warning_level": 45.22, "danger_level": 46.22, "frl": null, "mwl": null, "highest_flow_level": 47.72}}, {"type": "Feature", "geometry": {"type": "Point", "coordinates": [85.01361111111112, 25.63888888888889]}, "properties": {"station_code": "054-MGD5PTN", "name": "Danapur", "type": "Base", "nearest_town": null, "warning_level": 50.2, "danger_level": 51.2, "frl": null, "mwl": null, "highest_flow_level": 52.61}}, {"type": "Feature", "geometry": {"type": "Point", "coordinates": [75.31694444444445, 21.12388888888889]}, "properties": {"station_code": "054-TDSURAT", "name": "NARNE", "type": "Base", "nearest_town": null, "warning_level": 151.0, "danger_level": 152.0, "frl": null, "mwl": null, "highest_flow_level": 162.4}}, {"type": "Feature", "geometry": {"type": "Point", "coordinates": [94.25861111111111, 27.553611111111113]}, "properties": {"station_code": "054-UBDDIB", "name": "Subansiri Lower Dam", "type": "Inflow", "nearest_town": null, "warning_level": null, "danger_level": null, "frl": 205.0, "mwl": 208.25, "highest_flow_level": null}}, {"type": "Feature", "geometry": {"type": "Point", "coordinates": [75.64194444444445, 13.137777777777778]}, "properties": {"station_code": "055-CDBNG-T", "name": "MUDIGERE", "type": "Base", "nearest_town": null, "warning_level": null, "danger_level": null, "frl": null, "mwl": null, "highest_flow_level": null}}, {"type": "Feature", "geometry": {"type": "Point", "coordinates": [86.3, 21.279999999999998]}, "properties": {"station_code": "055-ERDBWN", "name": "Salandi Reservoir", "type": "Inflow", "nearest_town": "", "warning_level": null, "danger_level": null, "frl": 82.3, "mwl": 83.21, "highest_flow_level": null}}, {"type": "Feature", "geometry": {"type": "Point", "coordinates": [79.64305555555556, 24.573055555555555]}, "properties": {"station_code": "055-LYDAGRA", "name": "DEVRA", "type": "Base", "nearest_town": null, "warning_level": 303.4, "danger_level": 305.0, "frl": null, "mwl": null, "highest_flow_level": 314.99}}, {"type": "Feature", "geometry": {"type": "Point", "coordinates": [92.31222222222222, 26.434444444444445]}, "properties": {"station_code": "055-MBDNEW", "name": "Polaguri", "type": "Base", "nearest_town": null, "warning_level": null, "danger_level": null, "frl": null, "mwl": null, "highest_flow_level": 59.32}}, {"type": "Feature", "geometry": {"type": "Point", "coordinates": [81.53305555555555, 20.31407777777778]}, "properties": {"station_code": "055-MDBURLA", "name": "Sarangpal ", "type": "Base", "nearest_town": "", "warning_level": null, "danger_level": null, "frl": null, "mwl": null, "highest_flow_level": 384.53}}, {"type": "Feature", "geometry": {"type": "Point", "coordinates": [78.09861111111111, 29.103055555555557]}, "properties": {"station_code": "055-MGD2LKN", "name": "Basantpur", "type": "Base", "nearest_town": null, "warning_level": null, "danger_level": null, "frl": null, "mwl": null, "highest_flow_level": 211.32}}, {"type": "Feature", "geometry": {"type": "Point", "coordinates": [86.5786111111111, 26.303611111111113]}, "properties": {"station_code": "055-MGD4PTN", "name": "Nirmali", "type": "Base", "nearest_town": null, "warning_level": 52.78, "danger_level": 53.78, "frl": null, "mwl": null, "highest_flow_level": 55.28}}, {"type": "Feature", "geometry": {"type": "Point", "coordinates": [84.72305555555556, 25.32138888888889]}, "properties": {"station_code": "055-MGD5PTN", "name": "Paliganj", "type": "Base", "nearest_town": null, "warning_level": 68.1, "danger_level": 69.1, "frl": null, "mwl": null, "highest_flow_level": 69.14}}, {"type": "Feature", "geometry": {"type": "Point", "coordinates": [75.27027777777778, 20.662499999999998]}, "properties": {"station_code": "055-TDSURAT", "name": "BAMRUL", "type": "Base", "nearest_town": null, "warning_level": 250.0, "danger_level": 251.0, "frl": null, "mwl": null, "highest_flow_level": 255.5}}, {"type": "Feature", "geometry": {"type": "Point", "coordinates": [94.77666666666667, 27.3925]}, "properties": {"station_code": "055-UBDDIB", "name": "Bogibil", "type": "Base", "nearest_town": null, "warning_level": 101.05, "danger_level": 102.05, "frl": null, "mwl": null, "highest_flow_level": 103.05}}, {"type": "Feature", "geometry": {"type": "Point", "coordinates": [77.7911111111111, 30.613611111111112]}, "properties": {"station_code": "055-UYDDEL", "name": "Ichari Dam", "type": "Inflow", "nearest_town": null, "warning_level": null, "danger_level": null, "frl": 644.75, "mwl": null, "highest_flow_level": null}}, {"type": "Feature", "geometry": {"type": "Point", "coordinates": [75.73361111111112, 13.012222222222222]}, "properties": {"station_code": "056-CDBNG-T", "name": "HADIGE", "type": "Base", "nearest_town": null, "warning_level": null, "danger_level": null, "frl": null, "mwl": null, "highest_flow_level": null}}, {"type": "Feature", "geometry": {"type": "Point", "coordinates": [83.80722222222222, 18.485]}, "properties": {"station_code": "056-ERDBWN", "name": "Narayanpuram Anicut", "type": "Inflow", "nearest_town": "", "warning_level": null, "danger_level": null, "frl": 32.77, "mwl": 32.77, "highest_flow_level": null}}, {"type": "Feature", "geometry": {"type": "Point", "coordinates": [79.4786111111111, 13.12861111111111]}, "properties": {"station_code": "056-HD CHENNAI", "name": "AYALAMBEDU", "type": "Base", "nearest_town": null, "warning_level": 130.47, "danger_level": 130.97, "frl": null, "mwl": null, "highest_flow_level": 131.47}}, {"type": "Feature", "geometry": {"type": "Point", "coordinates": [79.40138888888889, 24.008055555555554]}, "properties": {"station_code": "056-LYDAGRA", "name": "NARSINGHGARH", "type": "Base", "nearest_town": null, "warning_level": 335.1, "danger_level": 336.1, "frl": null, "mwl": null, "highest_flow_level": 338.2}}, {"type": "Feature", "geometry": {"type": "Point", "coordinates": [93.88694444444445, 26.334444444444443]}, "properties": {"station_code": "056-MBDNEW", "name": "Garampani", "type": "Base", "nearest_town": null, "warning_level": 107.0, "danger_level": 108.0, "frl": null, "mwl": null, "highest_flow_level": 107.705}}, {"type": "Feature", "geometry": {"type": "Point", "coordinates": [82.53861111111111, 22.491666666666667]}, "properties": {"station_code": "056-MDBURLA", "name": "Katghora", "type": "Base", "nearest_town": null, "warning_level": null, "danger_level": null, "frl": null, "mwl": null, "highest_flow_level": 313.58}}, {"type": "Feature", "geometry": {"type": "Point", "coordinates": [80.6125, 23.969166666666666]}, "properties": {"station_code": "056-MGD-3VNS", "name": "VIJAYRAGHAVGARH", "type": "Base", "nearest_town": null, "warning_level": 344.5, "danger_level": 345.5, "frl": null, "mwl": null, "highest_flow_level": 351.35}}, {"type": "Feature", "geometry": {"type": "Point", "coordinates": [78.65694444444445, 29.23888888888889]}, "properties": {"station_code": "056-MGD2LKN", "name": "Seohara", "type": "Base", "nearest_town": null, "warning_level": null, "danger_level": null, "frl": null, "mwl": null, "highest_flow_level": 217.12}}, {"type": "Feature", "geometry": {"type": "Point", "coordinates": [85.4, 26.41444444444444]}, "properties": {"station_code": "056-MGD4PTN", "name": "Belsand", "type": "Base", "nearest_town": null, "warning_level": 58.25, "danger_level": 59.25, "frl": null, "mwl": null, "highest_flow_level": 60.75}}, {"type": "Feature", "geometry": {"type": "Point", "coordinates": [85.0775, 25.301111111111112]}, "properties": {"station_code": "056-MGD5PTN", "name": "Masaurhi", "type": "Base", "nearest_town": null, "warning_level": 55.7, "danger_level": 56.7, "frl": null, "mwl": null, "highest_flow_level": 59.54}}, {"type": "Feature", "geometry": {"type": "Point", "coordinates": [75.38388888888889, 20.726666666666667]}, "properties": {"station_code": "056-TDSURAT", "name": "DUSKHEDE", "type": "Base", "nearest_town": null, "warning_level": 233.9, "danger_level": 234.9, "frl": null, "mwl": null, "highest_flow_level": 236.409}}, {"type": "Feature", "geometry": {"type": "Point", "coordinates": [77.88333333333334, 30.516666666666666]}, "properties": {"station_code": "056-UYDDEL", "name": "Juddo Dam", "type": "Inflow", "nearest_town": null, "warning_level": null, "danger_level": null, "frl": 631.5, "mwl": null, "highest_flow_level": null}}, {"type": "Feature", "geometry": {"type": "Point", "coordinates": [75.72944444444444, 12.42611111111111]}, "properties": {"station_code": "057-CDBNG-T", "name": "MADIKERI ", "type": "Base", "nearest_town": null, "warning_level": null, "danger_level": null, "frl": null, "mwl": null, "highest_flow_level": null}}, {"type": "Feature", "geometry": {"type": "Point", "coordinates": [85.55, 23.45]}, "properties": {"station_code": "057-ERDBWN", "name": "Getalsud Reservoir", "type": "Inflow", "nearest_town": "", "warning_level": null, "danger_level": null, "frl": 590.06, "mwl": 590.06, "highest_flow_level": null}}, {"type": "Feature", "geometry": {"type": "Point", "coordinates": [78.72111111111111, 12.847777777777779]}, "properties": {"station_code": "057-HD CHENNAI", "name": "NARIYAMPATTU", "type": "Base", "nearest_town": null, "warning_level": 317.78, "danger_level": 318.7, "frl": null, "mwl": null, "highest_flow_level": 319.28}}, {"type": "Feature", "geometry": {"type": "Point", "coordinates": [79.21444444444445, 30.265]}, "properties": {"station_code": "057-HGDDDN", "name": "Karnaprayag (A)", "type": "Base", "nearest_town": null, "warning_level": 758.5, "danger_level": 759.5, "frl": null, "mwl": null, "highest_flow_level": 761.35}}, {"type": "Feature", "geometry": {"type": "Point", "coordinates": [80.35166666666666, 25.273055555555555]}, "properties": {"station_code": "057-LYDAGRA", "name": "KURDHANA", "type": "Base", "nearest_town": null, "warning_level": 119.1, "danger_level": 120.1, "frl": null, "mwl": null, "highest_flow_level": 119.07}}, {"type": "Feature", "geometry": {"type": "Point", "coordinates": [94.41638888888889, 26.831666666666667]}, "properties": {"station_code": "057-MBDNEW", "name": "Teok", "type": "Base", "nearest_town": null, "warning_level": 91.66, "danger_level": 92.66, "frl": null, "mwl": null, "highest_flow_level": 94.84}}, {"type": "Feature", "geometry": {"type": "Point", "coordinates": [84.31555555555555, 20.865000000000002]}, "properties": {"station_code": "057-MDBURLA", "name": "Boudh", "type": "Base", "nearest_town": null, "warning_level": null, "danger_level": null, "frl": null, "mwl": null, "highest_flow_level": 89.35}}, {"type": "Feature", "geometry": {"type": "Point", "coordinates": [77.84972222222221, 28.690555555555555]}, "properties": {"station_code": "057-MGD2LKN", "name": "Chupkoli", "type": "Base", "nearest_town": null, "warning_level": null, "danger_level": null, "frl": null, "mwl": null, "highest_flow_level": 205.06}}, {"type": "Feature", "geometry": {"type": "Point", "coordinates": [81.51333333333334, 23.977777777777778]}, "properties": {"station_code": "057-MGD3VNS", "name": "Koilari", "type": "Base", "nearest_town": null, "warning_level": 345.5, "danger_level": 346.5, "frl": null, "mwl": null, "highest_flow_level": 350.84}}, {"type": "Feature", "geometry": {"type": "Point", "coordinates": [85.24944444444445, 26.673055555555557]}, "properties": {"station_code": "057-MGD4PTN", "name": "Bairgania", "type": "Base", "nearest_town": null, "warning_level": 69.72, "danger_level": 70.72, "frl": null, "mwl": null, "highest_flow_level": 72.22}}, {"type": "Feature", "geometry": {"type": "Point", "coordinates": [84.595, 25.694166666666668]}, "properties": {"station_code": "057-MGD5PTN", "name": "Maujampur", "type": "Base", "nearest_town": null, "warning_level": 53.496, "danger_level": 54.496, "frl": null, "mwl": null, "highest_flow_level": 55.5}}, {"type": "Feature", "geometry": {"type": "Point", "coordinates": [73.795, 21.543055555555558]}, "properties": {"station_code": "057-TDSURAT", "name": "SAGBARA", "type": "Base", "nearest_town": null, "warning_level": null, "danger_level": null, "frl": null, "mwl": null, "highest_flow_level": null}}, {"type": "Feature", "geometry": {"type": "Point", "coordinates": [94.73916666666666, 27.255277777777778]}, "properties": {"station_code": "057-UBDDIB", "name": "Dihingmukh", "type": "Base", "nearest_town": null, "warning_level": 97.63, "danger_level": 98.63, "frl": null, "mwl": null, "highest_flow_level": 99.63}}, {"type": "Feature", "geometry": {"type": "Point", "coordinates": [75.25861111111111, 13.429444444444444]}, "properties": {"station_code": "058-CDBNG-T", "name": "SRINGERI", "type": "Base", "nearest_town": null, "warning_level": null, "danger_level": null, "frl": null, "mwl": null, "highest_flow_level": null}}, {"type": "Feature", "geometry": {"type": "Point", "coordinates": [86.3963888888889, 22.645]}, "properties": {"station_code": "058-ERDBWN", "name": "Galudih Barrage", "type": "Inflow", "nearest_town": "", "warning_level": null, "danger_level": null, "frl": 94.5, "mwl": null, "highest_flow_level": 101.25}}, {"type": "Feature", "geometry": {"type": "Point", "coordinates": [77.99008333333333, 29.49127777777778]}, "properties": {"station_code": "058-HGDDDN", "name": "Shukratal", "type": "Base", "nearest_town": null, "warning_level": 225.5, "danger_level": 226.5, "frl": null, "mwl": null, "highest_flow_level": 227.9}}, {"type": "Feature", "geometry": {"type": "Point", "coordinates": [80.42166666666667, 25.77638888888889]}, "properties": {"station_code": "058-LYDAGRA", "name": "PAILANI DERA", "type": "Base", "nearest_town": null, "warning_level": 99.0, "danger_level": 100.0, "frl": null, "mwl": null, "highest_flow_level": 104.45}}, {"type": "Feature", "geometry": {"type": "Point", "coordinates": [90.66944444444445, 26.02722222222222]}, "properties": {"station_code": "058-MBDNEW", "name": "Krishnai", "type": "Base", "nearest_town": null, "warning_level": null, "danger_level": null, "frl": null, "mwl": null, "highest_flow_level": 48.35}}, {"type": "Feature", "geometry": {"type": "Point", "coordinates": [83.10305555555556, 21.015833333333333]}, "properties": {"station_code": "058-MDBURLA", "name": "Padampur", "type": "Base", "nearest_town": null, "warning_level": null, "danger_level": null, "frl": null, "mwl": null, "highest_flow_level": 183.13}}, {"type": "Feature", "geometry": {"type": "Point", "coordinates": [79.55333333333333, 29.540000000000003]}, "properties": {"station_code": "058-MGD2LKN", "name": "Suyalbari", "type": "Base", "nearest_town": null, "warning_level": 996.0, "danger_level": 997.0, "frl": null, "mwl": null, "highest_flow_level": 1005.4}}, {"type": "Feature", "geometry": {"type": "Point", "coordinates": [84.97222222222223, 26.720555555555553]}, "properties": {"station_code": "058-MGD4PTN", "name": "Lakhoura", "type": "Base", "nearest_town": null, "warning_level": 61.75, "danger_level": 62.75, "frl": null, "mwl": null, "highest_flow_level": 64.25}}, {"type": "Feature", "geometry": {"type": "Point", "coordinates": [86.23833333333333, 24.960277777777776]}, "properties": {"station_code": "058-MGD5PTN", "name": "Jamui", "type": "Base", "nearest_town": null, "warning_level": 68.0, "danger_level": 69.0, "frl": null, "mwl": null, "highest_flow_level": 69.61}}, {"type": "Feature", "geometry": {"type": "Point", "coordinates": [74.14361111111111, 21.479166666666664]}, "properties": {"station_code": "058-TDSURAT", "name": "VELDA", "type": "Base", "nearest_town": null, "warning_level": null, "danger_level": null, "frl": null, "mwl": null, "highest_flow_level": 110.0}}, {"type": "Feature", "geometry": {"type": "Point", "coordinates": [93.75194444444445, 27.138333333333332]}, "properties": {"station_code": "058-UBDDIB", "name": "Doimukh", "type": "Base", "nearest_town": null, "warning_level": 122.5, "danger_level": 123.5, "frl": null, "mwl": null, "highest_flow_level": 122.5}}, {"type": "Feature", "geometry": {"type": "Point", "coordinates": [75.24833333333333, 13.691944444444445]}, "properties": {"station_code": "059-CDBNG-T", "name": "TIRTHAHALLI ", "type": "Base", "nearest_town": null, "warning_level": null, "danger_level": null, "frl": null, "mwl": null, "highest_flow_level": null}}, {"type": "Feature", "geometry": {"type": "Point", "coordinates": [85.40222222222222, 21.356944444444444]}, "properties": {"station_code": "059-ERDBWN", "name": "Telkoi", "type": "Base", "nearest_town": null, "warning_level": null, "danger_level": null, "frl": null, "mwl": null, "highest_flow_level": 141.69}}, {"type": "Feature", "geometry": {"type": "Point", "coordinates": [80.9113888888889, 25.22111111111111]}, "properties": {"station_code": "059-LYDAGRA", "name": "KARWI", "type": "Base", "nearest_town": null, "warning_level": null, "danger_level": null, "frl": null, "mwl": null, "highest_flow_level": 139.93}}, {"type": "Feature", "geometry": {"type": "Point", "coordinates": [93.1725, 26.65833333333333]}, "properties": {"station_code": "059-MBDNEW", "name": "Biswanath Ghat", "type": "Base", "nearest_town": null, "warning_level": 69.0, "danger_level": 70.0, "frl": null, "mwl": null, "highest_flow_level": 71.53}}, {"type": "Feature", "geometry": {"type": "Point", "coordinates": [84.61333333333333, 20.809166666666666]}, "properties": {"station_code": "059-MDBURLA", "name": "Arampur", "type": "Base", "nearest_town": null, "warning_level": null, "danger_level": null, "frl": null, "mwl": null, "highest_flow_level": 131.66}}, {"type": "Feature", "geometry": {"type": "Point", "coordinates": [79.79166666666667, 28.618055555555557]}, "properties": {"station_code": "059-MGD2LKN", "name": "Pilibhit", "type": "Base", "nearest_town": null, "warning_level": null, "danger_level": null, "frl": null, "mwl": null, "highest_flow_level": 184.1}}, {"type": "Feature", "geometry": {"type": "Point", "coordinates": [85.14111111111112, 26.446944444444444]}, "properties": {"station_code": "059-MGD4PTN", "name": "Madhuban", "type": "Base", "nearest_town": null, "warning_level": 59.19, "danger_level": 60.19, "frl": null, "mwl": null, "highest_flow_level": 61.69}}, {"type": "Feature", "geometry": {"type": "Point", "coordinates": [85.42750000000001, 24.941111111111113]}, "properties": {"station_code": "059-MGD5PTN", "name": "Nardiganj", "type": "Base", "nearest_town": null, "warning_level": 78.0, "danger_level": 79.0, "frl": null, "mwl": null, "highest_flow_level": 80.32}}, {"type": "Feature", "geometry": {"type": "Point", "coordinates": [74.19555555555556, 21.47722222222222]}, "properties": {"station_code": "059-TDSURAT", "name": "CHANDAPUR(UCHHAL)", "type": "Base", "nearest_town": null, "warning_level": null, "danger_level": null, "frl": null, "mwl": null, "highest_flow_level": 108.55}}, {"type": "Feature", "geometry": {"type": "Point", "coordinates": [95.97583333333334, 27.773333333333333]}, "properties": {"station_code": "059-UBDDIB", "name": "Pagoda", "type": "Base", "nearest_town": null, "warning_level": 146.26, "danger_level": 147.26, "frl": null, "mwl": null, "highest_flow_level": 148.81}}, {"type": "Feature", "geometry": {"type": "Point", "coordinates": [81.56, 20.610000000000003]}, "properties": {"station_code": "060 MDBURLA", "name": "RAVISHANKAR SAGAR DAM", "type": "Inflow", "nearest_town": null, "warning_level": null, "danger_level": null, "frl": 348.7, "mwl": 350.7, "highest_flow_level": 350.7}}, {"type": "Feature", "geometry": {"type": "Point", "coordinates": [75.04916666666666, 13.534722222222221]}, "properties": {"station_code": "060-CDBNG-T", "name": "KOPPA", "type": "Base", "nearest_town": null, "warning_level": null, "danger_level": null, "frl": null, "mwl": null, "highest_flow_level": null}}, {"type": "Feature", "geometry": {"type": "Point", "coordinates": [88.01722222222222, 24.156388888888888]}, "properties": {"station_code": "060-DDASL", "name": "SANKO GHAT", "type": "Base", "nearest_town": null, "warning_level": 19.338, "danger_level": 20.338, "frl": null, "mwl": null, "highest_flow_level": 21.53}}, {"type": "Feature", "geometry": {"type": "Point", "coordinates": [87.06, 21.66]}, "properties": {"station_code": "060-ERDBWN", "name": "Mathani Road Bridge", "type": "Level", "nearest_town": "", "warning_level": 6.0, "danger_level": 6.5, "frl": null, "mwl": null, "highest_flow_level": 7.31}}, {"type": "Feature", "geometry": {"type": "Point", "coordinates": [80.85111111111111, 25.6875]}, "properties": {"station_code": "060-LYDAGRA", "name": "MARKA", "type": "Base", "nearest_town": null, "warning_level": 99.0, "danger_level": 100.0, "frl": null, "mwl": null, "highest_flow_level": 102.95}}, {"type": "Feature", "geometry": {"type": "Point", "coordinates": [92.12444444444444, 25.75777777777778]}, "properties": {"station_code": "060-MBDNEW", "name": "Langrimukh", "type": "Base", "nearest_town": null, "warning_level": null, "danger_level": null, "frl": null, "mwl": null, "highest_flow_level": 76.78}}, {"type": "Feature", "geometry": {"type": "Point", "coordinates": [83.27777777777777, 21.69472222222222]}, "properties": {"station_code": "060-MDBURLA", "name": "KALMA", "type": "Base", "nearest_town": null, "warning_level": null, "danger_level": null, "frl": null, "mwl": null, "highest_flow_level": 202.43}}, {"type": "Feature", "geometry": {"type": "Point", "coordinates": [80.46472222222222, 27.658055555555553]}, "properties": {"station_code": "060-MGD2LKN", "name": "Maholi", "type": "Base", "nearest_town": null, "warning_level": 131.8, "danger_level": 132.8, "frl": null, "mwl": null, "highest_flow_level": 139.08}}, {"type": "Feature", "geometry": {"type": "Point", "coordinates": [85.05583333333333, 26.561944444444446]}, "properties": {"station_code": "060-MGD4PTN", "name": "Chintawanpur", "type": "Base", "nearest_town": null, "warning_level": 60.45, "danger_level": 61.45, "frl": null, "mwl": null, "highest_flow_level": 62.95}}, {"type": "Feature", "geometry": {"type": "Point", "coordinates": [84.98336111111111, 25.209444444444443]}, "properties": {"station_code": "060-MGD5PTN", "name": "Jehanabad", "type": "Base", "nearest_town": null, "warning_level": 63.0, "danger_level": 64.0, "frl": null, "mwl": null, "highest_flow_level": 64.63}}, {"type": "Feature", "geometry": {"type": "Point", "coordinates": [95.18722222222223, 27.35388888888889]}, "properties": {"station_code": "060-UBDDIB", "name": "BALIJAGAON", "type": "Base", "nearest_town": null, "warning_level": 112.01, "danger_level": 113.01, "frl": null, "mwl": null, "highest_flow_level": 114.01}}, {"type": "Feature", "geometry": {"type": "Point", "coordinates": [82.57, 22.59]}, "properties": {"station_code": "061 MDBURLA", "name": "BANGODAM RESERVOIR", "type": "Inflow", "nearest_town": null, "warning_level": null, "danger_level": null, "frl": 359.66, "mwl": 363.08, "highest_flow_level": 363.08}}, {"type": "Feature", "geometry": {"type": "Point", "coordinates": [75.4713888888889, 13.351388888888888]}, "properties": {"station_code": "061-CDBNG-T", "name": "BALEHONNUR", "type": "Base", "nearest_town": null, "warning_level": null, "danger_level": null, "frl": null, "mwl": null, "highest_flow_level": null}}, {"type": "Feature", "geometry": {"type": "Point", "coordinates": [87.96833333333333, 23.839444444444442]}, "properties": {"station_code": "061-DDASL", "name": "MAMUDPUR", "type": "Base", "nearest_town": null, "warning_level": 21.75, "danger_level": 22.75, "frl": null, "mwl": null, "highest_flow_level": 22.47}}, {"type": "Feature", "geometry": {"type": "Point", "coordinates": [85.03, 21.279999999999998]}, "properties": {"station_code": "061-ERDBWN", "name": "Rengali Reservoir", "type": "Inflow", "nearest_town": "", "warning_level": null, "danger_level": null, "frl": 123.5, "mwl": 125.4, "highest_flow_level": null}}, {"type": "Feature", "geometry": {"type": "Point", "coordinates": [80.99583333333334, 25.48222222222222]}, "properties": {"station_code": "061-LYDAGRA", "name": "LAMYARI", "type": "Base", "nearest_town": null, "warning_level": 94.5, "danger_level": 95.5, "frl": null, "mwl": null, "highest_flow_level": 94.8}}, {"type": "Feature", "geometry": {"type": "Point", "coordinates": [92.93916666666667, 25.804166666666667]}, "properties": {"station_code": "061-MBDNEW", "name": "Gahampai", "type": "Base", "nearest_town": null, "warning_level": null, "danger_level": null, "frl": null, "mwl": null, "highest_flow_level": 81.0}}, {"type": "Feature", "geometry": {"type": "Point", "coordinates": [79.76638888888888, 29.041666666666668]}, "properties": {"station_code": "061-MGD2LKN", "name": "Sitarganj", "type": "Base", "nearest_town": null, "warning_level": null, "danger_level": null, "frl": null, "mwl": null, "highest_flow_level": 223.71}}, {"type": "Feature", "geometry": {"type": "Point", "coordinates": [83.9, 27.43]}, "properties": {"station_code": "061-MGD4PTN", "name": "GANDAK BARRAGE", "type": "Inflow", "nearest_town": null, "warning_level": null, "danger_level": null, "frl": 110.37, "mwl": 113.08, "highest_flow_level": null}}, {"type": "Feature", "geometry": {"type": "Point", "coordinates": [85.55027777777778, 24.883888888888887]}, "properties": {"station_code": "061-MGD5PTN", "name": "Nawada", "type": "Base", "nearest_town": null, "warning_level": 85.0, "danger_level": 86.0, "frl": null, "mwl": null, "highest_flow_level": 86.55}}, {"type": "Feature", "geometry": {"type": "Point", "coordinates": [72.95055555555555, 21.284722222222225]}, "properties": {"station_code": "061-TDSURAT", "name": "KHOLWAD(KATHORE)", "type": "Base", "nearest_town": null, "warning_level": null, "danger_level": null, "frl": null, "mwl": null, "highest_flow_level": 13.02}}, {"type": "Feature", "geometry": {"type": "Point", "coordinates": [95.88694444444445, 27.39638888888889]}, "properties": {"station_code": "061-UBDDIB", "name": "JAGUNGHAT", "type": "Base", "nearest_town": null, "warning_level": 149.5, "danger_level": 150.5, "frl": null, "mwl": null, "highest_flow_level": 152.6}}, {"type": "Feature", "geometry": {"type": "Point", "coordinates": [82.03861111111111, 20.65722222222222]}, "properties": {"station_code": "062 MDBURLA", "name": "MALGAON", "type": "Base", "nearest_town": null, "warning_level": null, "danger_level": null, "frl": null, "mwl": null, "highest_flow_level": 329.33}}, {"type": "Feature", "geometry": {"type": "Point", "coordinates": [75.50861111111111, 13.607777777777777]}, "properties": {"station_code": "062-CDBNG-T", "name": "NARASIMHARAJAPURA", "type": "Base", "nearest_town": null, "warning_level": null, "danger_level": null, "frl": null, "mwl": null, "highest_flow_level": null}}, {"type": "Feature", "geometry": {"type": "Point", "coordinates": [86.3411111111111, 24.176111111111112]}, "properties": {"station_code": "062-DDASL", "name": "GIRIDIH", "type": "Base", "nearest_town": null, "warning_level": null, "danger_level": null, "frl": null, "mwl": null, "highest_flow_level": 263.3}}, {"type": "Feature", "geometry": {"type": "Point", "coordinates": [86.90472222222223, 22.21972222222222]}, "properties": {"station_code": "062-ERDBWN", "name": "Gopiballavpur", "type": "Base", "nearest_town": null, "warning_level": null, "danger_level": null, "frl": null, "mwl": null, "highest_flow_level": 38.15}}, {"type": "Feature", "geometry": {"type": "Point", "coordinates": [78.47777777777777, 30.37777777777778]}, "properties": {"station_code": "062-HGDDDN", "name": "Tehri Dam", "type": "Inflow", "nearest_town": null, "warning_level": null, "danger_level": null, "frl": 830.0, "mwl": 835.0, "highest_flow_level": 830.0}}, {"type": "Feature", "geometry": {"type": "Point", "coordinates": [81.08361111111111, 25.430555555555557]}, "properties": {"station_code": "062-LYDAGRA", "name": "SARDHUA", "type": "Base", "nearest_town": null, "warning_level": 88.0, "danger_level": 89.0, "frl": null, "mwl": null, "highest_flow_level": 93.0}}, {"type": "Feature", "geometry": {"type": "Point", "coordinates": [92.985, 25.540000000000003]}, "properties": {"station_code": "062-MBDNEW", "name": "Mojowari", "type": "Base", "nearest_town": null, "warning_level": null, "danger_level": null, "frl": null, "mwl": null, "highest_flow_level": 118.5}}, {"type": "Feature", "geometry": {"type": "Point", "coordinates": [79.79638888888888, 28.00888888888889]}, "properties": {"station_code": "062-MGD2LKN", "name": "Dulha Dhakia", "type": "Base", "nearest_town": null, "warning_level": null, "danger_level": null, "frl": null, "mwl": null, "highest_flow_level": 151.872}}, {"type": "Feature", "geometry": {"type": "Point", "coordinates": [86.92, 26.52]}, "properties": {"station_code": "062-MGD4PTN", "name": "KOSI BARRAGE", "type": "Inflow", "nearest_town": null, "warning_level": null, "danger_level": null, "frl": 74.676, "mwl": 79.268, "highest_flow_level": null}}, {"type": "Feature", "geometry": {"type": "Point", "coordinates": [85.4675, 24.849722222222223]}, "properties": {"station_code": "062-MGD5PTN", "name": "Hisua", "type": "Base", "nearest_town": null, "warning_level": 87.83, "danger_level": 88.83, "frl": null, "mwl": null, "highest_flow_level": 89.43}}, {"type": "Feature", "geometry": {"type": "Point", "coordinates": [73.13, 21.254444444444445]}, "properties": {"station_code": "062-TDSURAT", "name": "GAVACHI(VER)", "type": "Base", "nearest_town": null, "warning_level": null, "danger_level": null, "frl": null, "mwl": null, "highest_flow_level": 23.25}}, {"type": "Feature", "geometry": {"type": "Point", "coordinates": [95.36861111111111, 27.572777777777777]}, "properties": {"station_code": "062-UBDDIB", "name": "GUTANG", "type": "Base", "nearest_town": null, "warning_level": 114.5, "danger_level": 115.5, "frl": null, "mwl": null, "highest_flow_level": 118.9}}, {"type": "Feature", "geometry": {"type": "Point", "coordinates": [74.15444444444445, 15.415833333333333]}, "properties": {"station_code": "063-CDBNG", "name": "Udalshe", "type": "Base", "nearest_town": null, "warning_level": 29.0, "danger_level": 30.0, "frl": null, "mwl": null, "highest_flow_level": 33.5}}, {"type": "Feature", "geometry": {"type": "Point", "coordinates": [79.28055555555555, 25.333055555555557]}, "properties": {"station_code": "063-LYDAGRA", "name": "LAHCHURAGHAT", "type": "Base", "nearest_town": null, "warning_level": 178.0, "danger_level": 179.0, "frl": null, "mwl": null, "highest_flow_level": 176.71}}, {"type": "Feature", "geometry": {"type": "Point", "coordinates": [93.18111111111112, 26.05388888888889]}, "properties": {"station_code": "063-MBDNEW", "name": "Bakalighat", "type": "Base", "nearest_town": null, "warning_level": null, "danger_level": null, "frl": null, "mwl": null, "highest_flow_level": 98.15}}, {"type": "Feature", "geometry": {"type": "Point", "coordinates": [84.91694444444445, 24.530277777777776]}, "properties": {"station_code": "063-MGD5PTN", "name": "Dobhi", "type": "Base", "nearest_town": null, "warning_level": 146.6, "danger_level": 147.6, "frl": null, "mwl": null, "highest_flow_level": 148.02}}, {"type": "Feature", "geometry": {"type": "Point", "coordinates": [96.02833333333334, 27.847777777777775]}, "properties": {"station_code": "063-UBDDIB", "name": "CHOWKHAMGHAT", "type": "Base", "nearest_town": null, "warning_level": 159.8, "danger_level": 160.8, "frl": null, "mwl": null, "highest_flow_level": 161.74}}, {"type": "Feature", "geometry": {"type": "Point", "coordinates": [85.53888888888889, 22.96527777777778]}, "properties": {"station_code": "064--ERDBWN", "name": "Karkari Road Bridge", "type": "Base", "nearest_town": null, "warning_level": null, "danger_level": null, "frl": null, "mwl": null, "highest_flow_level": 184.65}}, {"type": "Feature", "geometry": {"type": "Point", "coordinates": [80.47833333333334, 25.139444444444443]}, "properties": {"station_code": "064-LYDAGRA", "name": "BARCHA", "type": "Base", "nearest_town": null, "warning_level": 126.7, "danger_level": 127.7, "frl": null, "mwl": null, "highest_flow_level": 129.4}}, {"type": "Feature", "geometry": {"type": "Point", "coordinates": [93.66083333333334, 24.82638888888889]}, "properties": {"station_code": "064-MBDNEW", "name": "Rangaphar Siding", "type": "Base", "nearest_town": null, "warning_level": 149.0, "danger_level": 150.0, "frl": null, "mwl": null, "highest_flow_level": 149.86}}, {"type": "Feature", "geometry": {"type": "Point", "coordinates": [83.88305555555554, 21.508333333333333]}, "properties": {"station_code": "064-MDBURLA", "name": "BURLA", "type": "Base", "nearest_town": null, "warning_level": null, "danger_level": null, "frl": null, "mwl": null, "highest_flow_level": null}}, {"type": "Feature", "geometry": {"type": "Point", "coordinates": [86.12277777777777, 25.233055555555556]}, "properties": {"station_code": "064-MGD5PTN", "name": "Manpur", "type": "Base", "nearest_town": null, "warning_level": 40.5, "danger_level": 41.5, "frl": null, "mwl": null, "highest_flow_level": 41.83}}, {"type": "Feature", "geometry": {"type": "Point", "coordinates": [96.82833333333333, 27.893333333333334]}, "properties": {"station_code": "064-UBDDIB", "name": "CHANGWANTI", "type": "Base", "nearest_town": null, "warning_level": 808.0, "danger_level": 809.0, "frl": null, "mwl": null, "highest_flow_level": 807.79}}, {"type": "Feature", "geometry": {"type": "Point", "coordinates": [84.85055555555554, 22.10527777777778]}, "properties": {"station_code": "065-ERDBWN", "name": "Bolani", "type": "Base", "nearest_town": null, "warning_level": null, "danger_level": null, "frl": null, "mwl": null, "highest_flow_level": 170.46}}, {"type": "Feature", "geometry": {"type": "Point", "coordinates": [79.965, 24.298611111111114]}, "properties": {"station_code": "065-LYDAGRA", "name": "TIGHARA", "type": "Base", "nearest_town": null, "warning_level": 302.0, "danger_level": 303.0, "frl": null, "mwl": null, "highest_flow_level": 306.5}}, {"type": "Feature", "geometry": {"type": "Point", "coordinates": [90.80666666666666, 26.385277777777777]}, "properties": {"station_code": "065-MBDNEW", "name": "Chaklagaon", "type": "Base", "nearest_town": null, "warning_level": null, "danger_level": null, "frl": null, "mwl": null, "highest_flow_level": 46.18}}, {"type": "Feature", "geometry": {"type": "Point", "coordinates": [81.6816666667335, 20.323055555120145]}, "properties": {"station_code": "065-MDBURLA", "name": "DUDHAWA", "type": "Base", "nearest_town": null, "warning_level": null, "danger_level": null, "frl": null, "mwl": null, "highest_flow_level": null}}, {"type": "Feature", "geometry": {"type": "Point", "coordinates": [83.99777777777778, 24.665555555555553]}, "properties": {"station_code": "065-MGD5PTN", "name": "Banjari", "type": "Base", "nearest_town": null, "warning_level": 123.89, "danger_level": 124.89, "frl": null, "mwl": null, "highest_flow_level": 125.89}}, {"type": "Feature", "geometry": {"type": "Point", "coordinates": [96.44333333333334, 28.043333333333337]}, "properties": {"station_code": "065-UBDDIB", "name": "MOMPANI", "type": "Base", "nearest_town": null, "warning_level": 448.5, "danger_level": 449.5, "frl": null, "mwl": null, "highest_flow_level": 452.2}}, {"type": "Feature", "geometry": {"type": "Point", "coordinates": [86.50361111111111, 21.067777777777778]}, "properties": {"station_code": "066-ERDBWN", "name": "Bhadrak", "type": "Base", "nearest_town": null, "warning_level": null, "danger_level": null, "frl": null, "mwl": null, "highest_flow_level": 13.93}}, {"type": "Feature", "geometry": {"type": "Point", "coordinates": [90.75111111111111, 26.306944444444444]}, "properties": {"station_code": "066-MBDNEW", "name": "Khudrakhowa", "type": "Base", "nearest_town": null, "warning_level": null, "danger_level": null, "frl": null, "mwl": null, "highest_flow_level": 42.82}}, {"type": "Feature", "geometry": {"type": "Point", "coordinates": [81.68166666636755, 20.611111111490164]}, "properties": {"station_code": "066-MDBURLA", "name": "MURUMSILLI", "type": "Base", "nearest_town": null, "warning_level": null, "danger_level": null, "frl": null, "mwl": null, "highest_flow_level": null}}, {"type": "Feature", "geometry": {"type": "Point", "coordinates": [84.58638888888889, 25.526944444444442]}, "properties": {"station_code": "066-MGD5PTN", "name": "Udwantnagar", "type": "Base", "nearest_town": null, "warning_level": 57.4, "danger_level": 58.4, "frl": null, "mwl": null, "highest_flow_level": 59.4}}, {"type": "Feature", "geometry": {"type": "Point", "coordinates": [80.94888888888889, 26.884444444444444]}, "properties": {"station_code": "066-MGDLKN", "name": "Lucknow MGD-1", "type": "Base", "nearest_town": null, "warning_level": null, "danger_level": null, "frl": null, "mwl": null, "highest_flow_level": null}}, {"type": "Feature", "geometry": {"type": "Point", "coordinates": [96.35944444444443, 27.87777777777778]}, "properties": {"station_code": "066-UBDDIB", "name": "PARSHURAMKUND", "type": "Base", "nearest_town": null, "warning_level": 293.5, "danger_level": 294.5, "frl": null, "mwl": null, "highest_flow_level": 295.91}}, {"type": "Feature", "geometry": {"type": "Point", "coordinates": [86.20111111111112, 21.540833333333335]}, "properties": {"station_code": "067-ERDBWN", "name": "Keshdihi", "type": "Base", "nearest_town": null, "warning_level": null, "danger_level": null, "frl": null, "mwl": null, "highest_flow_level": 317.79}}, {"type": "Feature", "geometry": {"type": "Point", "coordinates": [91.11472222222221, 26.21833333333333]}, "properties": {"station_code": "067-MBDNEW", "name": "Tarabari", "type": "Base", "nearest_town": null, "warning_level": null, "danger_level": null, "frl": null, "mwl": null, "highest_flow_level": 47.51}}, {"type": "Feature", "geometry": {"type": "Point", "coordinates": [84.06555555555555, 24.07]}, "properties": {"station_code": "067-MGD5PTN", "name": "Bairiya", "type": "Base", "nearest_town": null, "warning_level": 201.76, "danger_level": 202.76, "frl": null, "mwl": null, "highest_flow_level": 203.76}}, {"type": "Feature", "geometry": {"type": "Point", "coordinates": [96.05083333333333, 27.33277777777778]}, "properties": {"station_code": "067-UBDDIB", "name": "JAIRAMPUR", "type": "Base", "nearest_town": null, "warning_level": 179.15, "danger_level": 180.15, "frl": null, "mwl": null, "highest_flow_level": 184.74}}, {"type": "Feature", "geometry": {"type": "Point", "coordinates": [86.2863888888889, 21.476388888888888]}, "properties": {"station_code": "068-ERDBWN", "name": "Bhejdih", "type": "Base", "nearest_town": null, "warning_level": null, "danger_level": null, "frl": null, "mwl": null, "highest_flow_level": 293.41}}, {"type": "Feature", "geometry": {"type": "Point", "coordinates": [90.11333333333333, 26.41638888888889]}, "properties": {"station_code": "068-MBDNEW", "name": "Kusumbil", "type": "Base", "nearest_town": null, "warning_level": null, "danger_level": null, "frl": null, "mwl": null, "highest_flow_level": 48.2}}, {"type": "Feature", "geometry": {"type": "Point", "coordinates": [83.52805555555555, 25.3]}, "properties": {"station_code": "068-MGD5PTN", "name": "Zamania", "type": "Base", "nearest_town": null, "warning_level": 66.49, "danger_level": 67.49, "frl": null, "mwl": null, "highest_flow_level": 68.49}}, {"type": "Feature", "geometry": {"type": "Point", "coordinates": [95.29083333333332, 27.778888888888886]}, "properties": {"station_code": "068-UBDDIB", "name": "MURKONGSELEK", "type": "Base", "nearest_town": null, "warning_level": 120.86, "danger_level": 121.86, "frl": null, "mwl": null, "highest_flow_level": 120.27}}, {"type": "Feature", "geometry": {"type": "Point", "coordinates": [86.02083333333333, 22.97083333333333]}, "properties": {"station_code": "069-ERDBWN", "name": "Rd.Bridge D/S of Chandil Dam", "type": "Base", "nearest_town": null, "warning_level": null, "danger_level": null, "frl": null, "mwl": null, "highest_flow_level": 141.62}}, {"type": "Feature", "geometry": {"type": "Point", "coordinates": [78.17805555555556, 24.399722222222223]}, "properties": {"station_code": "069-LYDAGRA", "name": "SEMARKHEDI", "type": "Base", "nearest_town": null, "warning_level": 377.89, "danger_level": 378.89, "frl": null, "mwl": null, "highest_flow_level": 381.6}}, {"type": "Feature", "geometry": {"type": "Point", "coordinates": [90.01583333333333, 25.888333333333332]}, "properties": {"station_code": "069-MBDNEW", "name": "South Salmara", "type": "Base", "nearest_town": null, "warning_level": null, "danger_level": null, "frl": null, "mwl": null, "highest_flow_level": 29.17}}, {"type": "Feature", "geometry": {"type": "Point", "coordinates": [87.32972222222222, 24.979166666666664]}, "properties": {"station_code": "069-MGD5PTN", "name": "Mahgama", "type": "Base", "nearest_town": null, "warning_level": 68.15, "danger_level": 69.15, "frl": null, "mwl": null, "highest_flow_level": 70.36}}, {"type": "Feature", "geometry": {"type": "Point", "coordinates": [87.20444444444445, 24.32138888888889]}, "properties": {"station_code": "070-DDASL", "name": "Maharo (Asanjor)", "type": "Base", "nearest_town": null, "warning_level": null, "danger_level": null, "frl": null, "mwl": null, "highest_flow_level": null}}, {"type": "Feature", "geometry": {"type": "Point", "coordinates": [83.43527777777778, 19.052500000000002]}, "properties": {"station_code": "070-ERDBWN", "name": "Brahmnihalua", "type": "Base", "nearest_town": null, "warning_level": null, "danger_level": null, "frl": null, "mwl": null, "highest_flow_level": null}}, {"type": "Feature", "geometry": {"type": "Point", "coordinates": [77.85277777777777, 25.555555555555557]}, "properties": {"station_code": "070-LYD AGRA", "name": "MADIKHERA(ATAL SAGAR) DAM", "type": "Inflow", "nearest_town": null, "warning_level": null, "danger_level": null, "frl": 346.25, "mwl": 346.85, "highest_flow_level": null}}, {"type": "Feature", "geometry": {"type": "Point", "coordinates": [89.87222222222222, 25.511944444444445]}, "properties": {"station_code": "070-MBDNEW", "name": "Kakripara", "type": "Base", "nearest_town": null, "warning_level": null, "danger_level": null, "frl": null, "mwl": null, "highest_flow_level": 24.2}}, {"type": "Feature", "geometry": {"type": "Point", "coordinates": [87.15027777777779, 25.934166666666666]}, "properties": {"station_code": "070-MGD5PTN", "name": "Ahiro", "type": "Base", "nearest_town": null, "warning_level": 51.3, "danger_level": 52.3, "frl": null, "mwl": null, "highest_flow_level": 52.85}}, {"type": "Feature", "geometry": {"type": "Point", "coordinates": [94.00888888888889, 27.76]}, "properties": {"station_code": "070-UBDDIB", "name": "TAMEN", "type": "Base", "nearest_town": null, "warning_level": 282.0, "danger_level": 283.0, "frl": null, "mwl": null, "highest_flow_level": 281.0}}, {"type": "Feature", "geometry": {"type": "Point", "coordinates": [91.11361111111111, 26.481944444444444]}, "properties": {"station_code": "071-MBDNEW", "name": "Pohumara", "type": "Base", "nearest_town": null, "warning_level": null, "danger_level": null, "frl": null, "mwl": null, "highest_flow_level": 44.76}}, {"type": "Feature", "geometry": {"type": "Point", "coordinates": [84.06333333333333, 24.122222222222224]}, "properties": {"station_code": "071-MGD5PTN", "name": "Kathautiya", "type": "Base", "nearest_town": null, "warning_level": 193.04, "danger_level": 194.04, "frl": null, "mwl": null, "highest_flow_level": 195.04}}, {"type": "Feature", "geometry": {"type": "Point", "coordinates": [94.1563888888889, 28.233888888888888]}, "properties": {"station_code": "071-UBDDIB", "name": "TALIHA", "type": "Base", "nearest_town": null, "warning_level": 337.986, "danger_level": 338.986, "frl": null, "mwl": null, "highest_flow_level": 314.6}}, {"type": "Feature", "geometry": {"type": "Point", "coordinates": [83.37027777777777, 18.66222222222222]}, "properties": {"station_code": "072-ERDBWN", "name": "Seethanagaram", "type": "Base", "nearest_town": null, "warning_level": null, "danger_level": null, "frl": null, "mwl": null, "highest_flow_level": null}}, {"type": "Feature", "geometry": {"type": "Point", "coordinates": [83.58777777777777, 24.522777777777776]}, "properties": {"station_code": "072-MGD5PTN", "name": "Yadunathpur", "type": "Base", "nearest_town": null, "warning_level": 146.14, "danger_level": 147.14, "frl": null, "mwl": null, "highest_flow_level": 149.35}}, {"type": "Feature", "geometry": {"type": "Point", "coordinates": [93.34305555555555, 27.898888888888887]}, "properties": {"station_code": "072-UBDDIB", "name": "KOLORIANG", "type": "Base", "nearest_town": null, "warning_level": 770.65, "danger_level": 771.65, "frl": null, "mwl": null, "highest_flow_level": 764.6}}, {"type": "Feature", "geometry": {"type": "Point", "coordinates": [85.18777777777778, 21.43888888888889]}, "properties": {"station_code": "073-ERDBWN", "name": "Kolipal", "type": "Base", "nearest_town": null, "warning_level": null, "danger_level": null, "frl": null, "mwl": null, "highest_flow_level": null}}, {"type": "Feature", "geometry": {"type": "Point", "coordinates": [84.16000000000001, 24.75]}, "properties": {"station_code": "073-MGD5PTN", "name": "Indrapuri Barrage", "type": "Inflow", "nearest_town": null, "warning_level": null, "danger_level": null, "frl": 108.23, "mwl": 108.23, "highest_flow_level": null}}, {"type": "Feature", "geometry": {"type": "Point", "coordinates": [94.03583333333333, 28.35777777777778]}, "properties": {"station_code": "073-UBDDIB", "name": "GIRA (SIYUM)", "type": "Base", "nearest_town": null, "warning_level": 434.613, "danger_level": 435.613, "frl": null, "mwl": null, "highest_flow_level": 423.01}}, {"type": "Feature", "geometry": {"type": "Point", "coordinates": [85.35888888888888, 23.330555555555556]}, "properties": {"station_code": "074-ERDBWN", "name": "Bara Ghagara", "type": "Base", "nearest_town": null, "warning_level": null, "danger_level": null, "frl": null, "mwl": null, "highest_flow_level": null}}, {"type": "Feature", "geometry": {"type": "Point", "coordinates": [78.75916666666667, 29.52027777777778]}, "properties": {"station_code": "074-MGD2LKN", "name": "Kalagarh Dam", "type": "Inflow", "nearest_town": null, "warning_level": null, "danger_level": null, "frl": 365.3, "mwl": 366.2, "highest_flow_level": null}}, {"type": "Feature", "geometry": {"type": "Point", "coordinates": [95.86972222222222, 28.60888888888889]}, "properties": {"station_code": "074-UBDDIB", "name": "ETALIN", "type": "Base", "nearest_town": null, "warning_level": 638.0, "danger_level": 639.0, "frl": null, "mwl": null, "highest_flow_level": 636.14}}, {"type": "Feature", "geometry": {"type": "Point", "coordinates": [85.31388888888888, 23.45]}, "properties": {"station_code": "075-ERDBWN", "name": "Kanke Rd. Bridge", "type": "Base", "nearest_town": null, "warning_level": null, "danger_level": null, "frl": null, "mwl": null, "highest_flow_level": null}}, {"type": "Feature", "geometry": {"type": "Point", "coordinates": [95.93166666666667, 28.374166666666667]}, "properties": {"station_code": "075-UBDDIB", "name": "EBRANLI", "type": "Base", "nearest_town": null, "warning_level": 502.0, "danger_level": 503.0, "frl": null, "mwl": null, "highest_flow_level": 496.6}}, {"type": "Feature", "geometry": {"type": "Point", "coordinates": [85.615, 23.11388888888889]}, "properties": {"station_code": "076-ERDBWN", "name": "Paradih", "type": "Base", "nearest_town": null, "warning_level": null, "danger_level": null, "frl": null, "mwl": null, "highest_flow_level": null}}, {"type": "Feature", "geometry": {"type": "Point", "coordinates": [95.66833333333334, 28.157777777777778]}, "properties": {"station_code": "076-UBDDIB", "name": "BOMJIR", "type": "Base", "nearest_town": null, "warning_level": 203.0, "danger_level": 204.0, "frl": null, "mwl": null, "highest_flow_level": 203.9}}, {"type": "Feature", "geometry": {"type": "Point", "coordinates": [85.9786111111111, 22.69361111111111]}, "properties": {"station_code": "077-ERDBWN", "name": "Saraikela Rd. Bridge", "type": "Base", "nearest_town": null, "warning_level": null, "danger_level": null, "frl": null, "mwl": null, "highest_flow_level": null}}, {"type": "Feature", "geometry": {"type": "Point", "coordinates": [94.26611111111112, 26.22972222222222]}, "properties": {"station_code": "077-UBDDIB", "name": "Doyang Hep Reservoir", "type": "Inflow", "nearest_town": null, "warning_level": null, "danger_level": null, "frl": 333.0, "mwl": null, "highest_flow_level": null}}, {"type": "Feature", "geometry": {"type": "Point", "coordinates": [85.25277777777778, 23.290000000000003]}, "properties": {"station_code": "078-ERDBWN", "name": "Dhurwa Dam", "type": "Base", "nearest_town": null, "warning_level": null, "danger_level": null, "frl": null, "mwl": null, "highest_flow_level": null}}, {"type": "Feature", "geometry": {"type": "Point", "coordinates": [93.81555555555555, 27.236944444444447]}, "properties": {"station_code": "078-UBDDIB", "name": "Pare HEP", "type": "Inflow", "nearest_town": null, "warning_level": null, "danger_level": null, "frl": 245.15, "mwl": 246.215, "highest_flow_level": null}}, {"type": "Feature", "geometry": {"type": "Point", "coordinates": [82.88222222222221, 25.1325]}, "properties": {"station_code": "098-MGD-3VNS", "name": "Chunar", "type": "Base", "nearest_town": null, "warning_level": 71.78, "danger_level": 72.78, "frl": null, "mwl": null, "highest_flow_level": 75.35}}, {"type": "Feature", "geometry": {"type": "Point", "coordinates": [83.22111111111111, 25.53388888888889]}, "properties": {"station_code": "35-MGD3VNS", "name": "Saidpur", "type": "Base", "nearest_town": "", "warning_level": 66.19, "danger_level": 67.19, "frl": null, "mwl": null, "highest_flow_level": 69.69}}, {"type": "Feature", "geometry": {"type": "Point", "coordinates": [94.05972222222222, 27.204166666666666]}, "properties": {"station_code": "36-UBDDIB", "name": "Ranganadi NT Road crossing", "type": "Level", "nearest_town": "", "warning_level": 93.42, "danger_level": 94.42, "frl": null, "mwl": null, "highest_flow_level": 95.92}}, {"type": "Feature", "geometry": {"type": "Point", "coordinates": [85.6725, 23.523055555555555]}, "properties": {"station_code": "37-DDASL", "name": "BHAIRWA DAM", "type": "Inflow", "nearest_town": null, "warning_level": null, "danger_level": null, "frl": null, "mwl": null, "highest_flow_level": null}}, {"type": "Feature", "geometry": {"type": "Point", "coordinates": [81.25972222222222, 24.774444444444445]}, "properties": {"station_code": "38-MGD3VNS", "name": "REWA", "type": "Base", "nearest_town": "", "warning_level": 262.5, "danger_level": 263.0, "frl": null, "mwl": null, "highest_flow_level": 266.16}}, {"type": "Feature", "geometry": {"type": "Point", "coordinates": [84.26, 24.42]}, "properties": {"station_code": "38MGD5PTN", "name": "Batane", "type": "Inflow", "nearest_town": "", "warning_level": null, "danger_level": null, "frl": 232.85, "mwl": 226.618, "highest_flow_level": null}}, {"type": "Feature", "geometry": {"type": "Point", "coordinates": [76.67944444444444, 11.123333333333333]}, "properties": {"station_code": "40- SRDCBE", "name": "KOTTATHARA", "type": "Base", "nearest_town": null, "warning_level": 290.65, "danger_level": 291.65, "frl": null, "mwl": null, "highest_flow_level": 295.65}}, {"type": "Feature", "geometry": {"type": "Point", "coordinates": [95.845, 28.15833333333333]}, "properties": {"station_code": "42-UBDDIB", "name": "ROING", "type": "Base", "nearest_town": null, "warning_level": 444.0, "danger_level": 445.0, "frl": null, "mwl": null, "highest_flow_level": 440.7}}, {"type": "Feature", "geometry": {"type": "Point", "coordinates": [83.81, 24.05]}, "properties": {"station_code": "42MGD5PTN", "name": "Annaraj Dam", "type": "Inflow", "nearest_town": null, "warning_level": null, "danger_level": null, "frl": 252.44, "mwl": null, "highest_flow_level": null}}, {"type": "Feature", "geometry": {"type": "Point", "coordinates": [94.68416666666667, 28.45861111111111]}, "properties": {"station_code": "43-UBDDIB", "name": "BILLE", "type": "Base", "nearest_town": null, "warning_level": 348.0, "danger_level": 349.0, "frl": null, "mwl": null, "highest_flow_level": 345.7}}, {"type": "Feature", "geometry": {"type": "Point", "coordinates": [84.47, 24.01]}, "properties": {"station_code": "43MGD5PTN", "name": "Amanat Barrage", "type": "Inflow", "nearest_town": null, "warning_level": null, "danger_level": null, "frl": 274.39, "mwl": 269.9, "highest_flow_level": null}}, {"type": "Feature", "geometry": {"type": "Point", "coordinates": [79.70472222222223, 18.446944444444444]}, "properties": {"station_code": "44-LGDHYD", "name": "GARIMILLAPALLI", "type": "Base", "nearest_town": null, "warning_level": null, "danger_level": null, "frl": null, "mwl": null, "highest_flow_level": 158.38}}, {"type": "Feature", "geometry": {"type": "Point", "coordinates": [80.715, 18.040555555555557]}, "properties": {"station_code": "45-LGDHYD", "name": "ELCHIREDDYPALLI (Peddavagu)", "type": "Base", "nearest_town": null, "warning_level": null, "danger_level": null, "frl": null, "mwl": null, "highest_flow_level": null}}, {"type": "Feature", "geometry": {"type": "Point", "coordinates": [79.4738888888889, 18.289166666666667]}, "properties": {"station_code": "46-LGDHYD", "name": "NAGARAM", "type": "Base", "nearest_town": null, "warning_level": null, "danger_level": null, "frl": null, "mwl": null, "highest_flow_level": 174.5}}, {"type": "Feature", "geometry": {"type": "Point", "coordinates": [82.82833333333333, 19.27611111111111]}, "properties": {"station_code": "47-LGDHYD", "name": "Upper Indravati Dam", "type": "Inflow", "nearest_town": null, "warning_level": null, "danger_level": null, "frl": 642.0, "mwl": null, "highest_flow_level": null}}, {"type": "Feature", "geometry": {"type": "Point", "coordinates": [82.60083333333333, 18.788611111111113]}, "properties": {"station_code": "48-LGDHYD", "name": "Upper Kolab Dam ", "type": "Inflow", "nearest_town": null, "warning_level": null, "danger_level": null, "frl": 858.0, "mwl": null, "highest_flow_level": null}}, {"type": "Feature", "geometry": {"type": "Point", "coordinates": [82.54694444444445, 18.453888888888887]}, "properties": {"station_code": "49-LGDHYD", "name": "Jalaput dam (Machkund)", "type": "Inflow", "nearest_town": null, "warning_level": null, "danger_level": null, "frl": 838.2, "mwl": null, "highest_flow_level": null}}, {"type": "Feature", "geometry": {"type": "Point", "coordinates": [82.12277777777777, 18.140277777777776]}, "properties": {"station_code": "50-LGDHYD", "name": "Balimela dam (Sileru)", "type": "Inflow", "nearest_town": null, "warning_level": null, "danger_level": null, "frl": 462.07, "mwl": null, "highest_flow_level": null}}, {"type": "Feature", "geometry": {"type": "Point", "coordinates": [75.31305555555555, 19.81638888888889]}, "properties": {"station_code": "5635", "name": "65664", "type": "Inflow", "nearest_town": null, "warning_level": null, "danger_level": null, "frl": 554.0, "mwl": 556.0, "highest_flow_level": 556.0}}, {"type": "Feature", "geometry": {"type": "Point", "coordinates": [73.74166666666667, 21.82472222222222]}, "properties": {"station_code": "66", "name": "Sardar Sarovar Project_Gujarat Reservoir", "type": "Inflow", "nearest_town": "", "warning_level": null, "danger_level": null, "frl": 138.68, "mwl": 140.21, "highest_flow_level": 140.21}}, {"type": "Feature", "geometry": {"type": "Point", "coordinates": [80.66083333333334, 25.239444444444445]}, "properties": {"station_code": "66-LYDAGRA", "name": "BADAUSA", "type": "Base", "nearest_town": null, "warning_level": 116.25, "danger_level": 117.25, "frl": null, "mwl": null, "highest_flow_level": 116.8}}, {"type": "Feature", "geometry": {"type": "Point", "coordinates": [75.64916666666667, 32.24861111111111]}, "properties": {"station_code": "738B031C", "name": "Chakki Bank", "type": "Base", "nearest_town": null, "warning_level": null, "danger_level": null, "frl": null, "mwl": null, "highest_flow_level": 310.14}}, {"type": "Feature", "geometry": {"type": "Point", "coordinates": [76.5975, 31.050555555555555]}, "properties": {"station_code": "738B5DB2", "name": "Sirsa Khad", "type": "Base", "nearest_town": null, "warning_level": null, "danger_level": null, "frl": null, "mwl": null, "highest_flow_level": 277.96}}, {"type": "Feature", "geometry": {"type": "Point", "coordinates": [77.06777777777778, 31.6725]}, "properties": {"station_code": "738B967E", "name": "Pandoh Dam_BBMB", "type": "Base", "nearest_town": null, "warning_level": null, "danger_level": null, "frl": null, "mwl": null, "highest_flow_level": 896.64}}, {"type": "Feature", "geometry": {"type": "Point", "coordinates": [75.94638888888889, 31.970277777777778]}, "properties": {"station_code": "738B98AC", "name": "Pong Dam_BBMB", "type": "Base", "nearest_town": null, "warning_level": null, "danger_level": null, "frl": null, "mwl": null, "highest_flow_level": 433.13}}, {"type": "Feature", "geometry": {"type": "Point", "coordinates": [76.43472222222222, 31.415555555555553]}, "properties": {"station_code": "738BB092", "name": "Bhakra Dam RL1700_BBMB", "type": "Base", "nearest_town": null, "warning_level": null, "danger_level": null, "frl": null, "mwl": null, "highest_flow_level": 514.37}}, {"type": "Feature", "geometry": {"type": "Point", "coordinates": [76.3725, 31.3972222222222]}, "properties": {"station_code": "738BC8D0", "name": "Nangal_BBMB", "type": "Base", "nearest_town": null, "warning_level": null, "danger_level": null, "frl": null, "mwl": null, "highest_flow_level": 351.744}}, {"type": "Feature", "geometry": {"type": "Point", "coordinates": [78.6708333333333, 31.8233333333333]}, "properties": {"station_code": "738C2916", "name": "Khab_BBMB", "type": "Base", "nearest_town": null, "warning_level": null, "danger_level": null, "frl": null, "mwl": null, "highest_flow_level": null}}, {"type": "Feature", "geometry": {"type": "Point", "coordinates": [77.6277777777778, 31.44]}, "properties": {"station_code": "738C34B2", "name": "Moin Bridge_BBMB", "type": "Base", "nearest_town": null, "warning_level": null, "danger_level": null, "frl": null, "mwl": null, "highest_flow_level": null}}, {"type": "Feature", "geometry": {"type": "Point", "coordinates": [76.3102777777778, 31.3569444444444]}, "properties": {"station_code": "738C3A60", "name": "Swan Khad", "type": "Base", "nearest_town": null, "warning_level": null, "danger_level": null, "frl": null, "mwl": null, "highest_flow_level": 340.0}}, {"type": "Feature", "geometry": {"type": "Point", "coordinates": [75.89361111111111, 31.949722222222224]}, "properties": {"station_code": "738C4CF0", "name": "ShahNehar Canal", "type": "Base", "nearest_town": null, "warning_level": null, "danger_level": null, "frl": null, "mwl": null, "highest_flow_level": null}}, {"type": "Feature", "geometry": {"type": "Point", "coordinates": [75.5625, 32.16444444444444]}, "properties": {"station_code": "738C5154", "name": "UBDC at RD 77060", "type": "Base", "nearest_town": null, "warning_level": null, "danger_level": null, "frl": null, "mwl": null, "highest_flow_level": null}}, {"type": "Feature", "geometry": {"type": "Point", "coordinates": [78.60499999999999, 31.863055555555558]}, "properties": {"station_code": "738C64CE", "name": "Dubbling Bridge_BBMB", "type": "Base", "nearest_town": null, "warning_level": null, "danger_level": null, "frl": null, "mwl": null, "highest_flow_level": null}}, {"type": "Feature", "geometry": {"type": "Point", "coordinates": [76.51472222222222, 30.991944444444446]}, "properties": {"station_code": "738C77B8", "name": "Bist Doab Canal ", "type": "Base", "nearest_town": null, "warning_level": null, "danger_level": null, "frl": null, "mwl": null, "highest_flow_level": null}}, {"type": "Feature", "geometry": {"type": "Point", "coordinates": [76.781111, 31.211944]}, "properties": {"station_code": "738C873C", "name": "Kahu_1", "type": "Base", "nearest_town": null, "warning_level": null, "danger_level": null, "frl": null, "mwl": null, "highest_flow_level": 526.697}}, {"type": "Feature", "geometry": {"type": "Point", "coordinates": [76.6097222222222, 31.4136111111111]}, "properties": {"station_code": "738C944A", "name": "Ballu Raina_BBMB", "type": "Base", "nearest_town": null, "warning_level": null, "danger_level": null, "frl": null, "mwl": null, "highest_flow_level": 579.993}}, {"type": "Feature", "geometry": {"type": "Point", "coordinates": [75.61138888888888, 32.098333333333336]}, "properties": {"station_code": "738C9A98", "name": "Beas at Naushera Mirthal", "type": "Base", "nearest_town": null, "warning_level": null, "danger_level": null, "frl": null, "mwl": null, "highest_flow_level": 258.2}}, {"type": "Feature", "geometry": {"type": "Point", "coordinates": [77.1883333333333, 32.2341666666667]}, "properties": {"station_code": "738CA1D0", "name": "Manali_BBMB", "type": "Base", "nearest_town": null, "warning_level": null, "danger_level": null, "frl": null, "mwl": null, "highest_flow_level": 1830.0}}, {"type": "Feature", "geometry": {"type": "Point", "coordinates": [77.14888888888889, 31.88722222222222]}, "properties": {"station_code": "738CAF02", "name": "Bhunter Beas_BBMB", "type": "Base", "nearest_town": null, "warning_level": null, "danger_level": null, "frl": null, "mwl": null, "highest_flow_level": 1096.95}}, {"type": "Feature", "geometry": {"type": "Point", "coordinates": [75.57, 32.17583333333333]}, "properties": {"station_code": "738CB2A6", "name": "RD 72000 Silt Ejector Escape", "type": "Base", "nearest_town": null, "warning_level": null, "danger_level": null, "frl": null, "mwl": null, "highest_flow_level": null}}, {"type": "Feature", "geometry": {"type": "Point", "coordinates": [76.9333333333333, 31.7130555555556]}, "properties": {"station_code": "738CC436", "name": "Mandi_BBMB", "type": "Base", "nearest_town": null, "warning_level": null, "danger_level": null, "frl": null, "mwl": null, "highest_flow_level": 735.4}}, {"type": "Feature", "geometry": {"type": "Point", "coordinates": [74.85055555555554, 31.02722222222222]}, "properties": {"station_code": "738CD740", "name": "Head Sirhind Feeder Mallawala", "type": "Base", "nearest_town": null, "warning_level": null, "danger_level": null, "frl": null, "mwl": null, "highest_flow_level": null}}, {"type": "Feature", "geometry": {"type": "Point", "coordinates": [77.14694444444446, 31.89361111111111]}, "properties": {"station_code": "738CD992", "name": "Bhunter on Parvati River_BBMB", "type": "Base", "nearest_town": null, "warning_level": null, "danger_level": null, "frl": null, "mwl": null, "highest_flow_level": 1101.499}}, {"type": "Feature", "geometry": {"type": "Point", "coordinates": [77.2247222222222, 31.7266666666667]}, "properties": {"station_code": "738CE2DA", "name": "Sainj _BBMB", "type": "Base", "nearest_town": null, "warning_level": null, "danger_level": null, "frl": null, "mwl": null, "highest_flow_level": 975.319}}, {"type": "Feature", "geometry": {"type": "Point", "coordinates": [77.2272222222222, 31.7225]}, "properties": {"station_code": "738CEC08", "name": "Tirthan_BBMB", "type": "Base", "nearest_town": null, "warning_level": null, "danger_level": null, "frl": null, "mwl": null, "highest_flow_level": 974.12}}, {"type": "Feature", "geometry": {"type": "Point", "coordinates": [76.5225, 30.984444444444446]}, "properties": {"station_code": "738CF1AC", "name": "Sirhind Canal", "type": "Base", "nearest_town": null, "warning_level": null, "danger_level": null, "frl": null, "mwl": null, "highest_flow_level": null}}, {"type": "Feature", "geometry": {"type": "Point", "coordinates": [77.0558333333333, 31.6677777777778]}, "properties": {"station_code": "738CFF7E", "name": "Slapper_BBMB", "type": "Base", "nearest_town": null, "warning_level": null, "danger_level": null, "frl": null, "mwl": null, "highest_flow_level": null}}, {"type": "Feature", "geometry": {"type": "Point", "coordinates": [76.9438888888889, 31.7008333333333]}, "properties": {"station_code": "738D03D2", "name": "Sukheti _BBMB", "type": "Base", "nearest_town": null, "warning_level": null, "danger_level": null, "frl": null, "mwl": null, "highest_flow_level": 755.12}}, {"type": "Feature", "geometry": {"type": "Point", "coordinates": [76.0244444444444, 32.1466666666667]}, "properties": {"station_code": "738D0D00", "name": "Jawali_BBMB", "type": "Base", "nearest_town": null, "warning_level": null, "danger_level": null, "frl": null, "mwl": null, "highest_flow_level": 445.0}}, {"type": "Feature", "geometry": {"type": "Point", "coordinates": [76.1563888888889, 32.00555555555555]}, "properties": {"station_code": "738D1E76", "name": "Nagrota Surian_BBMB", "type": "Base", "nearest_town": null, "warning_level": null, "danger_level": null, "frl": null, "mwl": null, "highest_flow_level": 444.09}}, {"type": "Feature", "geometry": {"type": "Point", "coordinates": [76.5705555555556, 31.1752777777778]}, "properties": {"station_code": "738D3648", "name": "Lohand_BBMB", "type": "Base", "nearest_town": null, "warning_level": null, "danger_level": null, "frl": null, "mwl": null, "highest_flow_level": 285.19}}, {"type": "Feature", "geometry": {"type": "Point", "coordinates": [75.5994444444444, 32.3669444444444]}, "properties": {"station_code": "738D6634", "name": "Madhopur Headworks_BBMB", "type": "Base", "nearest_town": null, "warning_level": null, "danger_level": null, "frl": null, "mwl": null, "highest_flow_level": 352.91}}, {"type": "Feature", "geometry": {"type": "Point", "coordinates": [74.9488888888889, 31.1427777777778]}, "properties": {"station_code": "738D68E6", "name": "Harike Headworks_BBMB", "type": "Base", "nearest_town": null, "warning_level": null, "danger_level": null, "frl": null, "mwl": null, "highest_flow_level": 211.58}}, {"type": "Feature", "geometry": {"type": "Point", "coordinates": [78.0108333333333, 31.5447222222222]}, "properties": {"station_code": "738D85C6", "name": "Karcham Wangtu PH_BBMB", "type": "Base", "nearest_town": null, "warning_level": null, "danger_level": null, "frl": null, "mwl": null, "highest_flow_level": null}}, {"type": "Feature", "geometry": {"type": "Point", "coordinates": [75.6069444444444, 32.38]}, "properties": {"station_code": "7392996E", "name": "Kashmir Canal at Head_BBMB", "type": "Base", "nearest_town": null, "warning_level": null, "danger_level": null, "frl": null, "mwl": null, "highest_flow_level": 349.46}}, {"type": "Feature", "geometry": {"type": "Point", "coordinates": [75.7430555555556, 32.4347222222222]}, "properties": {"station_code": "7392A226", "name": "D/s Thein Dam (Gammon Bridge)_BBMB", "type": "Base", "nearest_town": null, "warning_level": null, "danger_level": null, "frl": null, "mwl": null, "highest_flow_level": 421.0}}, {"type": "Feature", "geometry": {"type": "Point", "coordinates": [77.51, 11.52138888888889]}, "properties": {"station_code": "7397907C", "name": "Savandapur", "type": "Base", "nearest_town": null, "warning_level": null, "danger_level": null, "frl": null, "mwl": null, "highest_flow_level": null}}, {"type": "Feature", "geometry": {"type": "Point", "coordinates": [77.94583333333334, 10.498055555555554]}, "properties": {"station_code": "73988598", "name": "Lakshmanpatti", "type": "Base", "nearest_town": null, "warning_level": null, "danger_level": null, "frl": null, "mwl": null, "highest_flow_level": 219.8}}, {"type": "Feature", "geometry": {"type": "Point", "coordinates": [77.122, 9.092377777777779]}, "properties": {"station_code": "ACHENCOIL", "name": "Achencoil", "type": "Base", "nearest_town": null, "warning_level": null, "danger_level": null, "frl": null, "mwl": null, "highest_flow_level": null}}, {"type": "Feature", "geometry": {"type": "Point", "coordinates": [79.63805555555557, 18.352777777777778]}, "properties": {"station_code": "ANK001", "name": "ANKUSHAPUR", "type": "Base", "nearest_town": null, "warning_level": null, "danger_level": null, "frl": null, "mwl": null, "highest_flow_level": 181.41}}, {"type": "Feature", "geometry": {"type": "Point", "coordinates": [77.14916666666667, 8.975277777777778]}, "properties": {"station_code": "ARIANKAVU", "name": "Ariankavu", "type": "Base", "nearest_town": null, "warning_level": null, "danger_level": null, "frl": null, "mwl": null, "highest_flow_level": null}}, {"type": "Feature", "geometry": {"type": "Point", "coordinates": [84.89027777777778, 20.503055555555555]}, "properties": {"station_code": "BARMUL", "name": "BARMUL", "type": "Base", "nearest_town": null, "warning_level": null, "danger_level": null, "frl": null, "mwl": null, "highest_flow_level": null}}, {"type": "Feature", "geometry": {"type": "Point", "coordinates": [90.5533, 26.2094]}, "properties": {"station_code": "BB000D6", "name": "PANCHARATNA", "type": "Base", "nearest_town": "", "warning_level": null, "danger_level": null, "frl": null, "mwl": null, "highest_flow_level": 36.65}}, {"type": "Feature", "geometry": {"type": "Point", "coordinates": [91.97833333333334, 26.120555555555555]}, "properties": {"station_code": "BKA00D7", "name": "SONAPUR", "type": "Base", "nearest_town": null, "warning_level": null, "danger_level": null, "frl": null, "mwl": null, "highest_flow_level": 55.5}}, {"type": "Feature", "geometry": {"type": "Point", "coordinates": [90.79055555555556, 25.980555555555554]}, "properties": {"station_code": "BV000F5", "name": "DUDHNAI", "type": "Base", "nearest_town": "", "warning_level": null, "danger_level": null, "frl": null, "mwl": null, "highest_flow_level": 51.27}}, {"type": "Feature", "geometry": {"type": "Point", "coordinates": [90.79055555555556, 25.980555555555554]}, "properties": {"station_code": "BV000FS", "name": "Dudhnoi", "type": "Base", "nearest_town": null, "warning_level": null, "danger_level": null, "frl": null, "mwl": null, "highest_flow_level": 51.27}}, {"type": "Feature", "geometry": {"type": "Point", "coordinates": [91.38583333333334, 25.979166666666664]}, "properties": {"station_code": "BY00045", "name": "KULSI", "type": "Base", "nearest_town": "", "warning_level": null, "danger_level": null, "frl": null, "mwl": null, "highest_flow_level": 55.59}}, {"type": "Feature", "geometry": {"type": "Point", "coordinates": [77.08305555555555, 12.12888888888889]}, "properties": {"station_code": "CCN00J5", "name": "BENDRAHALLI", "type": "Base", "nearest_town": null, "warning_level": 634.0, "danger_level": 635.5, "frl": null, "mwl": null, "highest_flow_level": 638.03}}, {"type": "Feature", "geometry": {"type": "Point", "coordinates": [76.16638888888889, 33.27166666666667]}, "properties": {"station_code": "CD-NEW-02", "name": "Bhut Nallah", "type": "Base", "nearest_town": null, "warning_level": 1786.07, "danger_level": 1787.07, "frl": null, "mwl": null, "highest_flow_level": 1788.07}}, {"type": "Feature", "geometry": {"type": "Point", "coordinates": [75.72111111111111, 33.37138888888889]}, "properties": {"station_code": "CD-NEW-04", "name": "Kuriya Pul", "type": "Base", "nearest_town": null, "warning_level": 97.5, "danger_level": 98.0, "frl": null, "mwl": null, "highest_flow_level": 98.6}}, {"type": "Feature", "geometry": {"type": "Point", "coordinates": [75.80305555555556, 33.144444444444446]}, "properties": {"station_code": "CD-NEW-05", "name": "Kalnai Nallah", "type": "Base", "nearest_town": null, "warning_level": 930.8, "danger_level": 931.8, "frl": null, "mwl": null, "highest_flow_level": 932.8}}, {"type": "Feature", "geometry": {"type": "Point", "coordinates": [75.58944444444444, 33.092222222222226]}, "properties": {"station_code": "CD-NEW-06", "name": "Neeru Nallah", "type": "Base", "nearest_town": null, "warning_level": 1073.33, "danger_level": 1074.33, "frl": null, "mwl": null, "highest_flow_level": 1075.33}}, {"type": "Feature", "geometry": {"type": "Point", "coordinates": [74.83055555555555, 33.2625]}, "properties": {"station_code": "CD-NEW-07", "name": "Dharmari", "type": "Base", "nearest_town": null, "warning_level": 584.0, "danger_level": 584.5, "frl": null, "mwl": null, "highest_flow_level": 585.04}}, {"type": "Feature", "geometry": {"type": "Point", "coordinates": [74.36555555555555, 33.06944444444445]}, "properties": {"station_code": "CD-NEW-08", "name": "Bari Pattan", "type": "Base", "nearest_town": null, "warning_level": 441.59, "danger_level": 442.59, "frl": null, "mwl": null, "highest_flow_level": 443.59}}, {"type": "Feature", "geometry": {"type": "Point", "coordinates": [74.42416666666666, 32.915277777777774]}, "properties": {"station_code": "CD-NEW-09", "name": "Bardoh", "type": "Base", "nearest_town": null, "warning_level": 281.655, "danger_level": 282.655, "frl": null, "mwl": null, "highest_flow_level": 283.655}}, {"type": "Feature", "geometry": {"type": "Point", "coordinates": [75.05333333333333, 32.5225]}, "properties": {"station_code": "CD-NEW-10", "name": "Basantar", "type": "Base", "nearest_town": null, "warning_level": 316.35, "danger_level": 317.35, "frl": null, "mwl": null, "highest_flow_level": 318.35}}, {"type": "Feature", "geometry": {"type": "Point", "coordinates": [75.43333333333334, 32.245]}, "properties": {"station_code": "CD-NEW-11", "name": "Kathlour", "type": "Base", "nearest_town": null, "warning_level": 266.303, "danger_level": 267.303, "frl": null, "mwl": null, "highest_flow_level": 268.303}}, {"type": "Feature", "geometry": {"type": "Point", "coordinates": [76.50555555555556, 34.603611111111114]}, "properties": {"station_code": "CD-NEW-12", "name": "Dah", "type": "Base", "nearest_town": null, "warning_level": 2757.565, "danger_level": 2758.565, "frl": null, "mwl": null, "highest_flow_level": 2759.57}}, {"type": "Feature", "geometry": {"type": "Point", "coordinates": [76.12416666666665, 34.58638888888889]}, "properties": {"station_code": "CD-NEW-13", "name": "Shilikchey (Kargil)", "type": "Base", "nearest_town": null, "warning_level": 2616.37, "danger_level": 2617.37, "frl": null, "mwl": null, "highest_flow_level": 2618.37}}, {"type": "Feature", "geometry": {"type": "Point", "coordinates": [77.32055555555556, 34.15972222222222]}, "properties": {"station_code": "CD-NEW-14", "name": "Chilling near Nimmu", "type": "Base", "nearest_town": null, "warning_level": 3105.91, "danger_level": 3106.91, "frl": null, "mwl": null, "highest_flow_level": 3107.91}}, {"type": "Feature", "geometry": {"type": "Point", "coordinates": [76.528, 34.57490000000001]}, "properties": {"station_code": "CD-NEW-15", "name": "Sanjak (Kanji Nallah)", "type": "Base", "nearest_town": null, "warning_level": 2815.76, "danger_level": 2816.76, "frl": null, "mwl": null, "highest_flow_level": 2817.76}}, {"type": "Feature", "geometry": {"type": "Point", "coordinates": [77.81555555555555, 33.82833333333333]}, "properties": {"station_code": "CD-NEW-16", "name": "Upshi", "type": "Base", "nearest_town": null, "warning_level": 3390.368, "danger_level": 3391.368, "frl": null, "mwl": null, "highest_flow_level": 3392.37}}, {"type": "Feature", "geometry": {"type": "Point", "coordinates": [77.32972222222222, 34.17583333333333]}, "properties": {"station_code": "CD-NEW-17", "name": "Nimmu", "type": "Base", "nearest_town": null, "warning_level": 3102.84, "danger_level": 3103.84, "frl": null, "mwl": null, "highest_flow_level": 3104.84}}, {"type": "Feature", "geometry": {"type": "Point", "coordinates": [76.77361111111111, 34.38027777777778]}, "properties": {"station_code": "CD-NEW-18", "name": "Dumkhar", "type": "Base", "nearest_town": null, "warning_level": 2971.59, "danger_level": 2972.59, "frl": null, "mwl": null, "highest_flow_level": 2973.59}}, {"type": "Feature", "geometry": {"type": "Point", "coordinates": [76.84916666666666, 34.32777777777778]}, "properties": {"station_code": "CD-NEW-19", "name": "Khaltsi", "type": "Base", "nearest_town": null, "warning_level": 3001.03, "danger_level": 3002.03, "frl": null, "mwl": null, "highest_flow_level": 3003.03}}, {"type": "Feature", "geometry": {"type": "Point", "coordinates": [75.03138888888888, 33.810138888888886]}, "properties": {"station_code": "CD-NEW-20", "name": "Watchi", "type": "Base", "nearest_town": null, "warning_level": 1593.29, "danger_level": 1594.29, "frl": null, "mwl": null, "highest_flow_level": 1595.29}}, {"type": "Feature", "geometry": {"type": "Point", "coordinates": [74.92972222222222, 33.94947222222222]}, "properties": {"station_code": "CD-NEW-21", "name": "Rumshi", "type": "Base", "nearest_town": null, "warning_level": 1587.91, "danger_level": 1588.91, "frl": null, "mwl": null, "highest_flow_level": 1589.91}}, {"type": "Feature", "geometry": {"type": "Point", "coordinates": [75.0675, 33.79416666666666]}, "properties": {"station_code": "CD-NEW-22", "name": "Arwani", "type": "Base", "nearest_town": null, "warning_level": 1592.89, "danger_level": 1593.89, "frl": null, "mwl": null, "highest_flow_level": 1594.89}}, {"type": "Feature", "geometry": {"type": "Point", "coordinates": [74.81361111111111, 33.99722222222222]}, "properties": {"station_code": "CD-NEW-23", "name": "Kralpora", "type": "Base", "nearest_town": null, "warning_level": 1592.3, "danger_level": 1593.3, "frl": null, "mwl": null, "highest_flow_level": 1594.3}}, {"type": "Feature", "geometry": {"type": "Point", "coordinates": [75.26277777777777, 34.30305555555555]}, "properties": {"station_code": "CD-NEW-26", "name": "Sonmarg", "type": "Base", "nearest_town": null, "warning_level": 2601.09, "danger_level": 2602.09, "frl": null, "mwl": null, "highest_flow_level": 2603.09}}, {"type": "Feature", "geometry": {"type": "Point", "coordinates": [74.33661111111111, 34.20866666666667]}, "properties": {"station_code": "CD-NEW-27", "name": "Baramulla", "type": "Base", "nearest_town": null, "warning_level": 1573.58, "danger_level": 1574.58, "frl": null, "mwl": null, "highest_flow_level": 1575.58}}, {"type": "Feature", "geometry": {"type": "Point", "coordinates": [75.3625, 32.18833333333333]}, "properties": {"station_code": "CD-NEW-29", "name": "Makora Pattan", "type": "Base", "nearest_town": null, "warning_level": 259.98, "danger_level": 260.98, "frl": null, "mwl": null, "highest_flow_level": 262.67}}, {"type": "Feature", "geometry": {"type": "Point", "coordinates": [74.09555555555555, 33.75833333333333]}, "properties": {"station_code": "CD-NEW-30", "name": "Bainch", "type": "Base", "nearest_town": null, "warning_level": 965.94, "danger_level": 966.94, "frl": null, "mwl": null, "highest_flow_level": 967.94}}, {"type": "Feature", "geometry": {"type": "Point", "coordinates": [75.38361111111112, 32.28638888888889]}, "properties": {"station_code": "CD-NEW-32", "name": "Jalali Nallah", "type": "Base", "nearest_town": null, "warning_level": 263.717, "danger_level": 264.717, "frl": null, "mwl": null, "highest_flow_level": 266.52}}, {"type": "Feature", "geometry": {"type": "Point", "coordinates": [75.37638888888888, 32.30138888888889]}, "properties": {"station_code": "CD-NEW-33", "name": "Pindi Parolian", "type": "Base", "nearest_town": null, "warning_level": 264.776, "danger_level": 265.776, "frl": null, "mwl": null, "highest_flow_level": 266.91}}, {"type": "Feature", "geometry": {"type": "Point", "coordinates": [78.60638888888889, 33.19583333333333]}, "properties": {"station_code": "CD-NEW-35", "name": "Nyoma", "type": "Base", "nearest_town": null, "warning_level": 4128.383, "danger_level": 4129.383, "frl": null, "mwl": null, "highest_flow_level": 4130.38}}, {"type": "Feature", "geometry": {"type": "Point", "coordinates": [74.77, 34.196]}, "properties": {"station_code": "CD-NEW-36", "name": "Fatehpora", "type": "Base", "nearest_town": null, "warning_level": 1583.65, "danger_level": 1584.65, "frl": null, "mwl": null, "highest_flow_level": 1585.65}}, {"type": "Feature", "geometry": {"type": "Point", "coordinates": [75.9774, 34.592400000000005]}, "properties": {"station_code": "CD-NEW-37", "name": "Latoo", "type": "Base", "nearest_town": null, "warning_level": null, "danger_level": null, "frl": null, "mwl": null, "highest_flow_level": null}}, {"type": "Feature", "geometry": {"type": "Point", "coordinates": [75.14416666666668, 32.776944444444446]}, "properties": {"station_code": "CD-NEW-38", "name": "Kishanpur Manwal", "type": "Base", "nearest_town": null, "warning_level": 440.65, "danger_level": 441.65, "frl": null, "mwl": null, "highest_flow_level": 442.65}}, {"type": "Feature", "geometry": {"type": "Point", "coordinates": [75.84916666666666, 33.48166666666667]}, "properties": {"station_code": "CD-OLD-01", "name": "Sirshi", "type": "Base", "nearest_town": null, "warning_level": 1669.54, "danger_level": 1670.54, "frl": null, "mwl": null, "highest_flow_level": 1671.54}}, {"type": "Feature", "geometry": {"type": "Point", "coordinates": [77.18166666666667, 25.514722222222222]}, "properties": {"station_code": "CDJ34", "name": "Kateela", "type": "Base", "nearest_town": null, "warning_level": 266.05, "danger_level": 267.05, "frl": null, "mwl": null, "highest_flow_level": 270.7}}, {"type": "Feature", "geometry": {"type": "Point", "coordinates": [76.18722222222223, 24.590833333333332]}, "properties": {"station_code": "CDJ35", "name": "Jhalawar", "type": "Base", "nearest_town": null, "warning_level": 303.0, "danger_level": 304.0, "frl": null, "mwl": null, "highest_flow_level": 312.3}}, {"type": "Feature", "geometry": {"type": "Point", "coordinates": [76.41305555555556, 9.403611111111111]}, "properties": {"station_code": "CHAMPAKULAM", "name": "CHAMPAKULAM", "type": "Base", "nearest_town": null, "warning_level": null, "danger_level": null, "frl": null, "mwl": null, "highest_flow_level": null}}, {"type": "Feature", "geometry": {"type": "Point", "coordinates": [80.85472222222222, 25.142222222222223]}, "properties": {"station_code": "CHITRAKOOT", "name": "Chitrakoot", "type": "Base", "nearest_town": null, "warning_level": 140.5, "danger_level": 141.5, "frl": null, "mwl": null, "highest_flow_level": 145.6}}, {"type": "Feature", "geometry": {"type": "Point", "coordinates": [76.71722222222222, 9.88861111111111]}, "properties": {"station_code": "CW1PAR000963", "name": "OLAMATTOM", "type": "Base", "nearest_town": null, "warning_level": 57.03, "danger_level": 58.03, "frl": null, "mwl": null, "highest_flow_level": null}}, {"type": "Feature", "geometry": {"type": "Point", "coordinates": [79.97222222222223, 19.416666666666668]}, "properties": {"station_code": "CW1PRA000084", "name": "Aheri (Gudem Bridge) ", "type": "Base", "nearest_town": null, "warning_level": null, "danger_level": null, "frl": null, "mwl": null, "highest_flow_level": 125.7}}, {"type": "Feature", "geometry": {"type": "Point", "coordinates": [76.02222222222223, 10.840833333333334]}, "properties": {"station_code": "CW1VAR000466", "name": "KUTTIPPURAM", "type": "Level", "nearest_town": null, "warning_level": 7.5, "danger_level": 8.5, "frl": null, "mwl": null, "highest_flow_level": 6.98}}, {"type": "Feature", "geometry": {"type": "Point", "coordinates": [76.95833333333334, 20.033611111111114]}, "properties": {"station_code": "CW1WAR000036", "name": "Asegaon", "type": "Base", "nearest_town": null, "warning_level": null, "danger_level": null, "frl": null, "mwl": null, "highest_flow_level": 496.1}}, {"type": "Feature", "geometry": {"type": "Point", "coordinates": [78.56444444444445, 19.739444444444445]}, "properties": {"station_code": "CW1WAR000038", "name": "Tharnam", "type": "Base", "nearest_town": null, "warning_level": null, "danger_level": null, "frl": null, "mwl": null, "highest_flow_level": 223.6}}, {"type": "Feature", "geometry": {"type": "Point", "coordinates": [77.77305555555556, 19.796111111111113]}, "properties": {"station_code": "CW1WAR000039", "name": "Mahagaon (Pus)", "type": "Base", "nearest_town": null, "warning_level": null, "danger_level": null, "frl": null, "mwl": null, "highest_flow_level": 281.205}}, {"type": "Feature", "geometry": {"type": "Point", "coordinates": [77.57777777777777, 19.54138888888889]}, "properties": {"station_code": "CW1WAR000040", "name": "Rui", "type": "Base", "nearest_town": null, "warning_level": null, "danger_level": null, "frl": null, "mwl": null, "highest_flow_level": 404.575}}, {"type": "Feature", "geometry": {"type": "Point", "coordinates": [78.78138888888888, 19.779166666666665]}, "properties": {"station_code": "CW1WAR000043", "name": "Kamgarpur", "type": "Base", "nearest_town": null, "warning_level": null, "danger_level": null, "frl": null, "mwl": null, "highest_flow_level": 208.64}}, {"type": "Feature", "geometry": {"type": "Point", "coordinates": [78.5975, 20.43305555555556]}, "properties": {"station_code": "CW1WAR000049", "name": "Kapsi", "type": "Base", "nearest_town": null, "warning_level": null, "danger_level": null, "frl": null, "mwl": null, "highest_flow_level": 212.31}}, {"type": "Feature", "geometry": {"type": "Point", "coordinates": [78.71777777777778, 20.826666666666668]}, "properties": {"station_code": "CW1WAR000052", "name": "Belgaon (Selu)", "type": "Base", "nearest_town": null, "warning_level": null, "danger_level": null, "frl": null, "mwl": null, "highest_flow_level": 260.83}}, {"type": "Feature", "geometry": {"type": "Point", "coordinates": [78.87444444444444, 20.425555555555558]}, "properties": {"station_code": "CW1WAR000054", "name": "Nagari", "type": "Base", "nearest_town": null, "warning_level": null, "danger_level": null, "frl": null, "mwl": null, "highest_flow_level": 208.155}}, {"type": "Feature", "geometry": {"type": "Point", "coordinates": [79.00138888888888, 20.126944444444444]}, "properties": {"station_code": "CW1WAR000056", "name": "Patala", "type": "Base", "nearest_town": null, "warning_level": null, "danger_level": null, "frl": null, "mwl": null, "highest_flow_level": 194.31}}, {"type": "Feature", "geometry": {"type": "Point", "coordinates": [79.02666666666667, 19.964444444444442]}, "properties": {"station_code": "CW1WAR000059", "name": "Purad", "type": "Base", "nearest_town": null, "warning_level": null, "danger_level": null, "frl": null, "mwl": null, "highest_flow_level": 189.3}}, {"type": "Feature", "geometry": {"type": "Point", "coordinates": [79.125, 19.864444444444445]}, "properties": {"station_code": "CW1WAR000062", "name": "Mungoli (Township)", "type": "Base", "nearest_town": null, "warning_level": null, "danger_level": null, "frl": null, "mwl": null, "highest_flow_level": 100.84}}, {"type": "Feature", "geometry": {"type": "Point", "coordinates": [78.12944444444443, 21.109722222222224]}, "properties": {"station_code": "CW1WAR000063", "name": "Bhishnur", "type": "Base", "nearest_town": null, "warning_level": null, "danger_level": null, "frl": null, "mwl": null, "highest_flow_level": 302.98}}, {"type": "Feature", "geometry": {"type": "Point", "coordinates": [78.86583333333333, 21.579444444444444]}, "properties": {"station_code": "CW1WAR000070", "name": "Lodhikheda", "type": "Base", "nearest_town": null, "warning_level": null, "danger_level": null, "frl": null, "mwl": null, "highest_flow_level": 328.89}}, {"type": "Feature", "geometry": {"type": "Point", "coordinates": [78.59472222222222, 20.811111111111114]}, "properties": {"station_code": "CW1WAR000071", "name": "Mondgaon (Yelakeli)", "type": "Base", "nearest_town": null, "warning_level": null, "danger_level": null, "frl": null, "mwl": null, "highest_flow_level": 259.4}}, {"type": "Feature", "geometry": {"type": "Point", "coordinates": [78.0586111111111, 21.275277777777777]}, "properties": {"station_code": "CW1WAR000074", "name": "Upper Wardha Project", "type": "Inflow", "nearest_town": null, "warning_level": null, "danger_level": null, "frl": 342.5, "mwl": 343.5, "highest_flow_level": 343.5}}, {"type": "Feature", "geometry": {"type": "Point", "coordinates": [77.43472222222222, 19.725555555555555]}, "properties": {"station_code": "CW1WAR000076", "name": "Isapur Reservoir", "type": "Inflow", "nearest_town": null, "warning_level": null, "danger_level": null, "frl": 441.0, "mwl": 445.3, "highest_flow_level": 441.4}}, {"type": "Feature", "geometry": {"type": "Point", "coordinates": [78.86333333333333, 21.692777777777778]}, "properties": {"station_code": "CW1WEI000033", "name": "Bichhubaggu", "type": "Base", "nearest_town": null, "warning_level": null, "danger_level": null, "frl": null, "mwl": null, "highest_flow_level": 349.75}}, {"type": "Feature", "geometry": {"type": "Point", "coordinates": [79.57888888888888, 22.505]}, "properties": {"station_code": "CW1WEI000042", "name": "Ganeshganj", "type": "Base", "nearest_town": null, "warning_level": null, "danger_level": null, "frl": null, "mwl": null, "highest_flow_level": 511.0}}, {"type": "Feature", "geometry": {"type": "Point", "coordinates": [80.33361111111111, 21.689722222222223]}, "properties": {"station_code": "CW1WEI000045", "name": "Piplatola (Dutta)", "type": "Base", "nearest_town": null, "warning_level": null, "danger_level": null, "frl": null, "mwl": null, "highest_flow_level": 291.31}}, {"type": "Feature", "geometry": {"type": "Point", "coordinates": [80.465, 21.55888888888889]}, "properties": {"station_code": "CW1WEI000046", "name": "Temni", "type": "Base", "nearest_town": null, "warning_level": null, "danger_level": null, "frl": null, "mwl": null, "highest_flow_level": 302.66}}, {"type": "Feature", "geometry": {"type": "Point", "coordinates": [79.98694444444445, 21.06416666666667]}, "properties": {"station_code": "CW1WEI000047", "name": "Sakoli Bridge", "type": "Base", "nearest_town": null, "warning_level": null, "danger_level": null, "frl": null, "mwl": null, "highest_flow_level": 242.3}}, {"type": "Feature", "geometry": {"type": "Point", "coordinates": [79.02444444444444, 21.320833333333333]}, "properties": {"station_code": "CW1WEI000053", "name": "Patansaongi", "type": "Base", "nearest_town": null, "warning_level": null, "danger_level": null, "frl": null, "mwl": null, "highest_flow_level": 300.11}}, {"type": "Feature", "geometry": {"type": "Point", "coordinates": [79.93722222222223, 20.62138888888889]}, "properties": {"station_code": "CW1WEI000055", "name": "Sakhra (Wadsa)", "type": "Base", "nearest_town": null, "warning_level": null, "danger_level": null, "frl": null, "mwl": null, "highest_flow_level": 219.56}}, {"type": "Feature", "geometry": {"type": "Point", "coordinates": [78.93083333333334, 22.008055555555554]}, "properties": {"station_code": "CW1WEI000057", "name": "Sarra", "type": "Base", "nearest_town": null, "warning_level": null, "danger_level": null, "frl": null, "mwl": null, "highest_flow_level": 642.73}}, {"type": "Feature", "geometry": {"type": "Point", "coordinates": [79.38972222222223, 21.140833333333333]}, "properties": {"station_code": "CW1WEI000058", "name": "Mouda", "type": "Base", "nearest_town": null, "warning_level": null, "danger_level": null, "frl": null, "mwl": null, "highest_flow_level": 261.6}}, {"type": "Feature", "geometry": {"type": "Point", "coordinates": [79.23444444444445, 21.897777777777776]}, "properties": {"station_code": "CW1WEI000061", "name": "Kokiwada", "type": "Base", "nearest_town": null, "warning_level": null, "danger_level": null, "frl": null, "mwl": null, "highest_flow_level": 554.38}}, {"type": "Feature", "geometry": {"type": "Point", "coordinates": [80.28722222222223, 20.278055555555554]}, "properties": {"station_code": "CW1WEI000064", "name": "Dhanora (Kathani)", "type": "Base", "nearest_town": null, "warning_level": null, "danger_level": null, "frl": null, "mwl": null, "highest_flow_level": 228.885}}, {"type": "Feature", "geometry": {"type": "Point", "coordinates": [80.02472222222222, 22.178611111111113]}, "properties": {"station_code": "CW1WEI000065", "name": "Sarekha", "type": "Base", "nearest_town": null, "warning_level": null, "danger_level": null, "frl": null, "mwl": null, "highest_flow_level": 331.64}}, {"type": "Feature", "geometry": {"type": "Point", "coordinates": [79.16833333333334, 21.269166666666667]}, "properties": {"station_code": "CW1WEI000067", "name": "Bina", "type": "Base", "nearest_town": null, "warning_level": null, "danger_level": null, "frl": null, "mwl": null, "highest_flow_level": 288.1}}, {"type": "Feature", "geometry": {"type": "Point", "coordinates": [79.16388888888889, 22.044722222222223]}, "properties": {"station_code": "CW1WEI000068", "name": "Jhilmili", "type": "Base", "nearest_town": null, "warning_level": null, "danger_level": null, "frl": null, "mwl": null, "highest_flow_level": 589.64}}, {"type": "Feature", "geometry": {"type": "Point", "coordinates": [80.09277777777777, 22.422777777777778]}, "properties": {"station_code": "CW1WEI000069", "name": "Nainpur", "type": "Base", "nearest_town": null, "warning_level": null, "danger_level": null, "frl": null, "mwl": null, "highest_flow_level": 423.26}}, {"type": "Feature", "geometry": {"type": "Point", "coordinates": [79.86166666666666, 22.334444444444443]}, "properties": {"station_code": "CW1WEI000072", "name": "Mungapar", "type": "Base", "nearest_town": null, "warning_level": null, "danger_level": null, "frl": null, "mwl": null, "highest_flow_level": 444.05}}, {"type": "Feature", "geometry": {"type": "Point", "coordinates": [79.23333333333333, 21.65833333333333]}, "properties": {"station_code": "CW1WEI000073", "name": "Pench Reservoir", "type": "Inflow", "nearest_town": null, "warning_level": null, "danger_level": null, "frl": 490.0, "mwl": 493.6, "highest_flow_level": null}}, {"type": "Feature", "geometry": {"type": "Point", "coordinates": [78.9775, 22.185277777777777]}, "properties": {"station_code": "CW1WEI000074", "name": "Chhinda", "type": "Base", "nearest_town": null, "warning_level": null, "danger_level": null, "frl": null, "mwl": null, "highest_flow_level": 99.5}}, {"type": "Feature", "geometry": {"type": "Point", "coordinates": [79.66361111111112, 22.377222222222223]}, "properties": {"station_code": "CW1WEI000075", "name": "Sanjay Sarovar Project", "type": "Inflow", "nearest_town": null, "warning_level": null, "danger_level": null, "frl": 519.38, "mwl": 520.6, "highest_flow_level": 520.6}}, {"type": "Feature", "geometry": {"type": "Point", "coordinates": [80.02111111111111, 20.49527777777778]}, "properties": {"station_code": "CW1WEI00037", "name": "Jogisakhra", "type": "Base", "nearest_town": null, "warning_level": null, "danger_level": null, "frl": null, "mwl": null, "highest_flow_level": 214.19}}, {"type": "Feature", "geometry": {"type": "Point", "coordinates": [80.02666666666667, 21.550555555555555]}, "properties": {"station_code": "CW1WEI180516", "name": "Mahalgaon", "type": "Base", "nearest_town": null, "warning_level": null, "danger_level": null, "frl": null, "mwl": null, "highest_flow_level": 273.475}}, {"type": "Feature", "geometry": {"type": "Point", "coordinates": [80.0363888888889, 21.75027777777778]}, "properties": {"station_code": "CW3GDL300814", "name": "Waraseoni", "type": "Base", "nearest_town": null, "warning_level": null, "danger_level": null, "frl": null, "mwl": null, "highest_flow_level": 290.375}}, {"type": "Feature", "geometry": {"type": "Point", "coordinates": [79.18361111111112, 19.904444444444444]}, "properties": {"station_code": "CW3WAR000060", "name": "Dhanora (Wardha)", "type": "Base", "nearest_town": null, "warning_level": null, "danger_level": null, "frl": null, "mwl": null, "highest_flow_level": 186.52}}, {"type": "Feature", "geometry": {"type": "Point", "coordinates": [80.10916666666667, 21.95583333333333]}, "properties": {"station_code": "CW3WEI000034", "name": "Magardharra", "type": "Base", "nearest_town": null, "warning_level": null, "danger_level": null, "frl": null, "mwl": null, "highest_flow_level": 309.2}}, {"type": "Feature", "geometry": {"type": "Point", "coordinates": [79.46805555555555, 22.32472222222222]}, "properties": {"station_code": "CW3WEI121214", "name": "Bakhari", "type": "Base", "nearest_town": null, "warning_level": null, "danger_level": null, "frl": null, "mwl": null, "highest_flow_level": 534.45}}, {"type": "Feature", "geometry": {"type": "Point", "coordinates": [79.18194444444445, 21.327222222222222]}, "properties": {"station_code": "CWC_75", "name": "Gawana", "type": "Base", "nearest_town": null, "warning_level": null, "danger_level": null, "frl": null, "mwl": null, "highest_flow_level": 98.73}}, {"type": "Feature", "geometry": {"type": "Point", "coordinates": [88.15194444444445, 27.330833333333334]}, "properties": {"station_code": "DWRIS-01", "name": "Upper Rimbi", "type": "Base", "nearest_town": "", "warning_level": null, "danger_level": null, "frl": null, "mwl": null, "highest_flow_level": 1582.8}}, {"type": "Feature", "geometry": {"type": "Point", "coordinates": [88.56138888888889, 27.71944444444444]}, "properties": {"station_code": "DWRIS-02", "name": "Lachen", "type": "Base", "nearest_town": "", "warning_level": null, "danger_level": null, "frl": null, "mwl": null, "highest_flow_level": 2518.0}}, {"type": "Feature", "geometry": {"type": "Point", "coordinates": [88.49916666666667, 27.231666666666666]}, "properties": {"station_code": "DWRIS-04", "name": "Singtam", "type": "Level", "nearest_town": "", "warning_level": 354.59, "danger_level": 355.09, "frl": null, "mwl": null, "highest_flow_level": 356.09}}, {"type": "Feature", "geometry": {"type": "Point", "coordinates": [88.29944444444445, 27.171666666666667]}, "properties": {"station_code": "DWRIS-05", "name": "Rothak", "type": "Level", "nearest_town": "", "warning_level": 363.98, "danger_level": 364.98, "frl": null, "mwl": null, "highest_flow_level": 365.98}}, {"type": "Feature", "geometry": {"type": "Point", "coordinates": [88.45166666666667, 27.085277777777776]}, "properties": {"station_code": "DWRIS-06", "name": "Melli", "type": "Level", "nearest_town": "", "warning_level": 226.0, "danger_level": 227.0, "frl": null, "mwl": null, "highest_flow_level": 228.0}}, {"type": "Feature", "geometry": {"type": "Point", "coordinates": [88.62888888888888, 27.613611111111112]}, "properties": {"station_code": "DWRIS-07", "name": " Rangma Range", "type": "Base", "nearest_town": "", "warning_level": null, "danger_level": null, "frl": null, "mwl": null, "highest_flow_level": 1610.0}}, {"type": "Feature", "geometry": {"type": "Point", "coordinates": [88.65833333333335, 27.611666666666668]}, "properties": {"station_code": "DWRIS-08", "name": "Bop", "type": "Base", "nearest_town": "", "warning_level": null, "danger_level": null, "frl": null, "mwl": null, "highest_flow_level": 1623.28}}, {"type": "Feature", "geometry": {"type": "Point", "coordinates": [88.20722222222223, 27.36777777777778]}, "properties": {"station_code": "DWRIS-10", "name": "Yuksum", "type": "Base", "nearest_town": null, "warning_level": null, "danger_level": null, "frl": null, "mwl": null, "highest_flow_level": 1237.35}}, {"type": "Feature", "geometry": {"type": "Point", "coordinates": [88.59444444444443, 27.278888888888886]}, "properties": {"station_code": "DWRIS-13", "name": "Ranipool", "type": "Base", "nearest_town": "", "warning_level": null, "danger_level": null, "frl": null, "mwl": null, "highest_flow_level": 772.0}}, {"type": "Feature", "geometry": {"type": "Point", "coordinates": [88.63027777777778, 27.41777777777778]}, "properties": {"station_code": "DWRIS-14", "name": "Bakcha ", "type": "Base", "nearest_town": "", "warning_level": null, "danger_level": null, "frl": null, "mwl": null, "highest_flow_level": 1304.59}}, {"type": "Feature", "geometry": {"type": "Point", "coordinates": [88.52666666666667, 27.524166666666666]}, "properties": {"station_code": "DWRIS-15", "name": "Laven ", "type": "Base", "nearest_town": "", "warning_level": null, "danger_level": null, "frl": null, "mwl": null, "highest_flow_level": 973.11}}, {"type": "Feature", "geometry": {"type": "Point", "coordinates": [88.30499999999999, 27.255]}, "properties": {"station_code": "DWRIS-17", "name": "Sagbari", "type": "Base", "nearest_town": "", "warning_level": null, "danger_level": null, "frl": null, "mwl": null, "highest_flow_level": 503.69}}, {"type": "Feature", "geometry": {"type": "Point", "coordinates": [88.49194444444444, 27.231944444444444]}, "properties": {"station_code": "DWRIS-18", "name": "Adarsh Gaon", "type": "Base", "nearest_town": null, "warning_level": null, "danger_level": null, "frl": null, "mwl": null, "highest_flow_level": 347.5}}, {"type": "Feature", "geometry": {"type": "Point", "coordinates": [88.28999999999999, 27.290000000000003]}, "properties": {"station_code": "FF - 2", "name": "Rangit- 3 Dam", "type": "Inflow", "nearest_town": "", "warning_level": null, "danger_level": null, "frl": 640.0, "mwl": 641.0, "highest_flow_level": null}}, {"type": "Feature", "geometry": {"type": "Point", "coordinates": [88.71000000000001, 27.240000000000002]}, "properties": {"station_code": "FF- 3", "name": "Rangpo Dam", "type": "Inflow", "nearest_town": "", "warning_level": null, "danger_level": null, "frl": 913.8, "mwl": null, "highest_flow_level": null}}, {"type": "Feature", "geometry": {"type": "Point", "coordinates": [88.71000000000001, 27.2]}, "properties": {"station_code": "FF- 4", "name": "Rongli Dam", "type": "Inflow", "nearest_town": "", "warning_level": null, "danger_level": null, "frl": 913.8, "mwl": null, "highest_flow_level": null}}, {"type": "Feature", "geometry": {"type": "Point", "coordinates": [85.39277777777778, 25.8125]}, "properties": {"station_code": "GGQ00H8", "name": "Mahua", "type": "Base", "nearest_town": null, "warning_level": 45.4, "danger_level": 46.4, "frl": null, "mwl": null, "highest_flow_level": 49.7}}, {"type": "Feature", "geometry": {"type": "Point", "coordinates": [79.14361111111111, 23.784722222222225]}, "properties": {"station_code": "GYH70J7", "name": "GARHAKOTA", "type": "Base", "nearest_town": "", "warning_level": 369.0, "danger_level": 370.0, "frl": null, "mwl": null, "highest_flow_level": 371.74}}, {"type": "Feature", "geometry": {"type": "Point", "coordinates": [80.38388888888889, 26.10611111111111]}, "properties": {"station_code": "GYI00A3", "name": "KORA-OLD", "type": "Base", "nearest_town": "", "warning_level": 108.0, "danger_level": 109.0, "frl": null, "mwl": null, "highest_flow_level": 110.9}}, {"type": "Feature", "geometry": {"type": "Point", "coordinates": [79.92, 26.307222222222222]}, "properties": {"station_code": "GYL00B7", "name": "LALPUR", "type": "Base", "nearest_town": "", "warning_level": 110.0, "danger_level": 111.0, "frl": null, "mwl": null, "highest_flow_level": 113.74}}, {"type": "Feature", "geometry": {"type": "Point", "coordinates": [77.68694444444445, 25.17888888888889]}, "properties": {"station_code": "GYN00N6", "name": "PACHAWALI", "type": "Base", "nearest_town": null, "warning_level": 432.42, "danger_level": 433.42, "frl": null, "mwl": null, "highest_flow_level": 433.96}}, {"type": "Feature", "geometry": {"type": "Point", "coordinates": [78.85666666666665, 26.60777777777778]}, "properties": {"station_code": "GYN10F5", "name": "BHIND", "type": "Base", "nearest_town": "", "warning_level": 125.0, "danger_level": 125.95, "frl": null, "mwl": null, "highest_flow_level": 131.45}}, {"type": "Feature", "geometry": {"type": "Point", "coordinates": [78.3625, 26.9625]}, "properties": {"station_code": "GYQ00N7", "name": "ARNOTA", "type": "Base", "nearest_town": "", "warning_level": 137.8, "danger_level": 138.8, "frl": null, "mwl": null, "highest_flow_level": 142.88}}, {"type": "Feature", "geometry": {"type": "Point", "coordinates": [79.74194444444444, 10.965833333333332]}, "properties": {"station_code": "HDCDSD60", "name": "KANNAPOOR", "type": "Base", "nearest_town": null, "warning_level": null, "danger_level": null, "frl": null, "mwl": null, "highest_flow_level": null}}, {"type": "Feature", "geometry": {"type": "Point", "coordinates": [79.72500000000001, 10.897777777777778]}, "properties": {"station_code": "HDCDSD61", "name": "Melapolagm", "type": "Base", "nearest_town": null, "warning_level": null, "danger_level": null, "frl": null, "mwl": null, "highest_flow_level": null}}, {"type": "Feature", "geometry": {"type": "Point", "coordinates": [78.60111111111111, 30.144444444444446]}, "properties": {"station_code": "HGDDDN-053", "name": "Devprayag (A)", "type": "Base", "nearest_town": null, "warning_level": 464.0, "danger_level": 465.0, "frl": null, "mwl": null, "highest_flow_level": 477.08}}, {"type": "Feature", "geometry": {"type": "Point", "coordinates": [77.39444444444445, 30.215833333333332]}, "properties": {"station_code": "HR00001", "name": "WJC MLL", "type": "Base", "nearest_town": null, "warning_level": null, "danger_level": null, "frl": null, "mwl": null, "highest_flow_level": null}}, {"type": "Feature", "geometry": {"type": "Point", "coordinates": [77.86305555555555, 32.44888888888889]}, "properties": {"station_code": "IBO-1-056-0542", "name": "HANSA", "type": "Base", "nearest_town": null, "warning_level": null, "danger_level": null, "frl": null, "mwl": null, "highest_flow_level": 3924.5}}, {"type": "Feature", "geometry": {"type": "Point", "coordinates": [78.08194444444445, 32.04277777777778]}, "properties": {"station_code": "IBO-1-057-0543", "name": "GULLING", "type": "Base", "nearest_town": null, "warning_level": null, "danger_level": null, "frl": null, "mwl": null, "highest_flow_level": 3580.72}}, {"type": "Feature", "geometry": {"type": "Point", "coordinates": [78.57305555555556, 31.999444444444446]}, "properties": {"station_code": "IBO-1-058-0544", "name": "Shalkhar", "type": "Base", "nearest_town": null, "warning_level": null, "danger_level": null, "frl": null, "mwl": null, "highest_flow_level": 2978.96}}, {"type": "Feature", "geometry": {"type": "Point", "coordinates": [78.64261111111112, 31.80452777777778]}, "properties": {"station_code": "IBO-1-059-0545", "name": "Khab", "type": "Base", "nearest_town": null, "warning_level": null, "danger_level": null, "frl": null, "mwl": null, "highest_flow_level": 2530.1}}, {"type": "Feature", "geometry": {"type": "Point", "coordinates": [76.22277777777778, 31.479444444444443]}, "properties": {"station_code": "IBO-1-060-0546", "name": "Ghaluwal", "type": "Base", "nearest_town": null, "warning_level": null, "danger_level": null, "frl": null, "mwl": null, "highest_flow_level": 366.8}}, {"type": "Feature", "geometry": {"type": "Point", "coordinates": [78.415, 31.799722222222226]}, "properties": {"station_code": "IBO-2-062-0548", "name": "Ropa", "type": "Base", "nearest_town": null, "warning_level": null, "danger_level": null, "frl": null, "mwl": null, "highest_flow_level": 3050.85}}, {"type": "Feature", "geometry": {"type": "Point", "coordinates": [78.26861111111111, 31.422222222222224]}, "properties": {"station_code": "IBO-2-063-0549", "name": "Sangla", "type": "Base", "nearest_town": null, "warning_level": null, "danger_level": null, "frl": null, "mwl": null, "highest_flow_level": 2511.5}}, {"type": "Feature", "geometry": {"type": "Point", "coordinates": [84.67861111111111, 19.098333333333333]}, "properties": {"station_code": "ITCHAPURAM", "name": "ITCHAPURAM", "type": "Level", "nearest_town": null, "warning_level": null, "danger_level": null, "frl": null, "mwl": null, "highest_flow_level": null}}, {"type": "Feature", "geometry": {"type": "Point", "coordinates": [85.9, 20.474999999999998]}, "properties": {"station_code": "JOBRA", "name": "JOBRA(U/S)", "type": "Base", "nearest_town": null, "warning_level": null, "danger_level": null, "frl": null, "mwl": null, "highest_flow_level": 22.55}}, {"type": "Feature", "geometry": {"type": "Point", "coordinates": [85.9, 20.474999999999998]}, "properties": {"station_code": "JOBRA(D/S)", "name": "JOBRA(D/S)", "type": "Base", "nearest_town": null, "warning_level": null, "danger_level": null, "frl": null, "mwl": null, "highest_flow_level": 22.55}}, {"type": "Feature", "geometry": {"type": "Point", "coordinates": [83.81194444444444, 18.99361111111111]}, "properties": {"station_code": "KATRAGADDA", "name": "KATRAGADDA", "type": "Base", "nearest_town": "", "warning_level": null, "danger_level": null, "frl": null, "mwl": null, "highest_flow_level": null}}, {"type": "Feature", "geometry": {"type": "Point", "coordinates": [80.25111111111111, 16.90722222222222]}, "properties": {"station_code": "LKDHYD039", "name": "Penuganchi prolu", "type": "Base", "nearest_town": null, "warning_level": null, "danger_level": null, "frl": null, "mwl": null, "highest_flow_level": 58.03}}, {"type": "Feature", "geometry": {"type": "Point", "coordinates": [76.07634999999999, 11.038527777777778]}, "properties": {"station_code": "MALAPUARAM_CS", "name": "MALAPPUARAM CIVIL STATION", "type": "Base", "nearest_town": null, "warning_level": null, "danger_level": null, "frl": null, "mwl": null, "highest_flow_level": null}}, {"type": "Feature", "geometry": {"type": "Point", "coordinates": [79.63527777777779, 28.06833333333333]}, "properties": {"station_code": "MGD2-035", "name": "FATEHGANJ (E)", "type": "Base", "nearest_town": null, "warning_level": null, "danger_level": null, "frl": null, "mwl": null, "highest_flow_level": 156.136}}, {"type": "Feature", "geometry": {"type": "Point", "coordinates": [85.73972222222223, 20.45]}, "properties": {"station_code": "MUNDALI(D/S)", "name": "MUNDALI(D/S)", "type": "Base", "nearest_town": null, "warning_level": null, "danger_level": null, "frl": null, "mwl": null, "highest_flow_level": null}}, {"type": "Feature", "geometry": {"type": "Point", "coordinates": [79.4738888888889, 18.289166666666667]}, "properties": {"station_code": "NAG001", "name": "NAGARAM", "type": "Base", "nearest_town": null, "warning_level": null, "danger_level": null, "frl": null, "mwl": null, "highest_flow_level": 174.5}}, {"type": "Feature", "geometry": {"type": "Point", "coordinates": [85.96666666666667, 20.8]}, "properties": {"station_code": "NARAJ B(D/S)", "name": "NARAJ BARRAGE(D/S)", "type": "Base", "nearest_town": null, "warning_level": null, "danger_level": null, "frl": null, "mwl": null, "highest_flow_level": 27.8}}, {"type": "Feature", "geometry": {"type": "Point", "coordinates": [85.96666666666667, 20.8]}, "properties": {"station_code": "NARAJ BARRAGE", "name": "NARAJ BARRAGE(U/S)", "type": "Base", "nearest_town": null, "warning_level": null, "danger_level": null, "frl": null, "mwl": null, "highest_flow_level": 27.8}}, {"type": "Feature", "geometry": {"type": "Point", "coordinates": [79.58416666666666, 29.318555555555555]}, "properties": {"station_code": "NAUKUCHIATAL1", "name": "NAUKUCHIATAL", "type": "Base", "nearest_town": "", "warning_level": null, "danger_level": null, "frl": null, "mwl": null, "highest_flow_level": null}}, {"type": "Feature", "geometry": {"type": "Point", "coordinates": [77.19611111111111, 22.60638888888889]}, "properties": {"station_code": "NBO-0-039-1240", "name": "Sip at Dholpur", "type": "Base", "nearest_town": null, "warning_level": 272.8, "danger_level": 273.5, "frl": null, "mwl": null, "highest_flow_level": 276.68}}, {"type": "Feature", "geometry": {"type": "Point", "coordinates": [76.50444444444445, 21.84361111111111]}, "properties": {"station_code": "NBO-0-045-1246", "name": "Bhamgarh", "type": "Base", "nearest_town": null, "warning_level": 273.5, "danger_level": 275.0, "frl": null, "mwl": null, "highest_flow_level": 275.25}}, {"type": "Feature", "geometry": {"type": "Point", "coordinates": [81.19388888888889, 22.90861111111111]}, "properties": {"station_code": "NBO-1-003-1204", "name": "Machrar at Gidha", "type": "Base", "nearest_town": null, "warning_level": 696.0, "danger_level": 697.0, "frl": null, "mwl": null, "highest_flow_level": 696.82}}, {"type": "Feature", "geometry": {"type": "Point", "coordinates": [79.98833333333333, 23.10888888888889]}, "properties": {"station_code": "NBO-1-012-1213", "name": "Gaur at Bhalawara", "type": "Base", "nearest_town": null, "warning_level": 393.5, "danger_level": 394.0, "frl": null, "mwl": null, "highest_flow_level": 395.05}}, {"type": "Feature", "geometry": {"type": "Point", "coordinates": [79.9088888888889, 23.38611111111111]}, "properties": {"station_code": "NBO-1-017-1218", "name": "Hiran at Singaldeep", "type": "Base", "nearest_town": null, "warning_level": 365.0, "danger_level": 366.0, "frl": null, "mwl": null, "highest_flow_level": 366.16}}, {"type": "Feature", "geometry": {"type": "Point", "coordinates": [79.4575, 22.823888888888888]}, "properties": {"station_code": "NBO-1-020-1221", "name": "Sher at Kacchara", "type": "Base", "nearest_town": null, "warning_level": 405.3, "danger_level": 406.5, "frl": null, "mwl": null, "highest_flow_level": 405.98}}, {"type": "Feature", "geometry": {"type": "Point", "coordinates": [78.60305555555556, 22.836944444444445]}, "properties": {"station_code": "NBO-1-026-1227", "name": "Dudhi at Panagar", "type": "Base", "nearest_town": null, "warning_level": 331.7, "danger_level": 333.5, "frl": null, "mwl": null, "highest_flow_level": 332.0}}, {"type": "Feature", "geometry": {"type": "Point", "coordinates": [78.32138888888889, 22.977777777777778]}, "properties": {"station_code": "NBO-1-028-1229", "name": "Tenduni at Maheshwar", "type": "Base", "nearest_town": null, "warning_level": 311.8, "danger_level": 312.5, "frl": null, "mwl": null, "highest_flow_level": 315.5}}, {"type": "Feature", "geometry": {"type": "Point", "coordinates": [78.06188888888889, 23.049722222222226]}, "properties": {"station_code": "NBO-1-028-1230", "name": "Barna Reservoir", "type": "Inflow", "nearest_town": null, "warning_level": null, "danger_level": null, "frl": 348.55, "mwl": 351.45, "highest_flow_level": 351.45}}, {"type": "Feature", "geometry": {"type": "Point", "coordinates": [78.20138888888889, 22.696944444444444]}, "properties": {"station_code": "NBO-1-031-1232", "name": "Palakmati at Sohagpur", "type": "Base", "nearest_town": null, "warning_level": 326.5, "danger_level": 327.5, "frl": null, "mwl": null, "highest_flow_level": 326.3}}, {"type": "Feature", "geometry": {"type": "Point", "coordinates": [77.89861111111112, 22.19472222222222]}, "properties": {"station_code": "NBO-1-033-1234", "name": "Machna at Shahpur", "type": "Base", "nearest_town": null, "warning_level": 382.6, "danger_level": 383.6, "frl": null, "mwl": null, "highest_flow_level": 384.3}}, {"type": "Feature", "geometry": {"type": "Point", "coordinates": [77.95722222222223, 22.20111111111111]}, "properties": {"station_code": "NBO-1-034-1235", "name": "Tawa at Tawakathi", "type": "Base", "nearest_town": null, "warning_level": 369.3, "danger_level": 370.3, "frl": null, "mwl": null, "highest_flow_level": 373.05}}, {"type": "Feature", "geometry": {"type": "Point", "coordinates": [76.97166666666666, 22.57777777777778]}, "properties": {"station_code": "NBO-1-040-1241", "name": "Jamner at Sandalpur", "type": "Base", "nearest_town": null, "warning_level": 284.0, "danger_level": 284.6, "frl": null, "mwl": null, "highest_flow_level": 287.2}}, {"type": "Feature", "geometry": {"type": "Point", "coordinates": [76.94611111111111, 22.21722222222222]}, "properties": {"station_code": "NBO-1-042-1243", "name": "Machak at Barangi", "type": "Base", "nearest_town": null, "warning_level": 272.8, "danger_level": 273.3, "frl": null, "mwl": null, "highest_flow_level": 276.7}}, {"type": "Feature", "geometry": {"type": "Point", "coordinates": [76.91472222222222, 22.07361111111111]}, "properties": {"station_code": "NBO-1-043-1244", "name": "Kalimachak at Charuwa", "type": "Base", "nearest_town": null, "warning_level": 282.6, "danger_level": 283.5, "frl": null, "mwl": null, "highest_flow_level": 287.0}}, {"type": "Feature", "geometry": {"type": "Point", "coordinates": [76.325, 21.813055555555557]}, "properties": {"station_code": "NBO-1-044-1245", "name": "Abna at Khandwa", "type": "Base", "nearest_town": null, "warning_level": 302.0, "danger_level": 303.0, "frl": null, "mwl": null, "highest_flow_level": 302.95}}, {"type": "Feature", "geometry": {"type": "Point", "coordinates": [76.47061111111111, 22.282194444444443]}, "properties": {"station_code": "NBO-1-046-1247", "name": "Indira Sagar Reservoir", "type": "Inflow", "nearest_town": null, "warning_level": null, "danger_level": null, "frl": 262.13, "mwl": 263.35, "highest_flow_level": 263.35}}, {"type": "Feature", "geometry": {"type": "Point", "coordinates": [76.05166666666666, 22.246111111111112]}, "properties": {"station_code": "NBO-1-049-1250", "name": "Choral at Barwah", "type": "Base", "nearest_town": null, "warning_level": 175.0, "danger_level": 176.0, "frl": null, "mwl": null, "highest_flow_level": 175.4}}, {"type": "Feature", "geometry": {"type": "Point", "coordinates": [75.4038888888889, 22.073055555555555]}, "properties": {"station_code": "NBO-1-053-1254", "name": "Borad at Thikri", "type": "Base", "nearest_town": null, "warning_level": 165.0, "danger_level": 166.0, "frl": null, "mwl": null, "highest_flow_level": 168.33}}, {"type": "Feature", "geometry": {"type": "Point", "coordinates": [75.25777777777778, 21.97083333333333]}, "properties": {"station_code": "NBO-1-055-1256", "name": "Deb at Khajuri", "type": "Base", "nearest_town": null, "warning_level": 179.5, "danger_level": 180.0, "frl": null, "mwl": null, "highest_flow_level": 181.38}}, {"type": "Feature", "geometry": {"type": "Point", "coordinates": [76.16000000000001, 22.240000000000002]}, "properties": {"station_code": "NBO-1-055-1259", "name": "Omkareshwar (NHPC) Reservoir", "type": "Inflow", "nearest_town": null, "warning_level": null, "danger_level": null, "frl": 196.6, "mwl": 199.62, "highest_flow_level": 199.62}}, {"type": "Feature", "geometry": {"type": "Point", "coordinates": [81.455, 22.77]}, "properties": {"station_code": "NBO-2-001-1202", "name": "Narmada at Gorakhpur", "type": "Base", "nearest_town": null, "warning_level": 745.0, "danger_level": 746.8, "frl": null, "mwl": null, "highest_flow_level": 745.75}}, {"type": "Feature", "geometry": {"type": "Point", "coordinates": [81.32444444444444, 22.82638888888889]}, "properties": {"station_code": "NBO-2-002-1203", "name": "Chakrar at Gadasarai", "type": "Base", "nearest_town": null, "warning_level": 727.0, "danger_level": 728.8, "frl": null, "mwl": null, "highest_flow_level": 727.65}}, {"type": "Feature", "geometry": {"type": "Point", "coordinates": [80.83722222222222, 23.05638888888889]}, "properties": {"station_code": "NBO-2-005-1206", "name": "Narmada at Maalpur", "type": "Base", "nearest_town": null, "warning_level": 614.0, "danger_level": 615.0, "frl": null, "mwl": null, "highest_flow_level": 615.89}}, {"type": "Feature", "geometry": {"type": "Point", "coordinates": [80.5961111111111, 22.985277777777778]}, "properties": {"station_code": "NBO-2-006-1207", "name": "Silgi at Kotrai", "type": "Base", "nearest_town": null, "warning_level": 513.8, "danger_level": 515.5, "frl": null, "mwl": null, "highest_flow_level": 514.98}}, {"type": "Feature", "geometry": {"type": "Point", "coordinates": [80.70444444444445, 22.607222222222223]}, "properties": {"station_code": "NBO-2-007-1208", "name": "Halon at Baratola", "type": "Base", "nearest_town": null, "warning_level": 520.0, "danger_level": 523.0, "frl": null, "mwl": null, "highest_flow_level": 520.46}}, {"type": "Feature", "geometry": {"type": "Point", "coordinates": [80.98833333333333, 22.52861111111111]}, "properties": {"station_code": "NBO-2-008-1209", "name": "Phen at Parsatola", "type": "Base", "nearest_town": null, "warning_level": 591.0, "danger_level": 592.5, "frl": null, "mwl": null, "highest_flow_level": 591.17}}, {"type": "Feature", "geometry": {"type": "Point", "coordinates": [80.40666666666667, 22.517777777777777]}, "properties": {"station_code": "NBO-2-010-1210", "name": "Katangatola", "type": "Base", "nearest_town": null, "warning_level": 445.0, "danger_level": 446.0, "frl": null, "mwl": null, "highest_flow_level": 447.13}}, {"type": "Feature", "geometry": {"type": "Point", "coordinates": [80.24916666666667, 22.833888888888886]}, "properties": {"station_code": "NBO-2-010-1211", "name": "Balai at Narayanganj", "type": "Base", "nearest_town": null, "warning_level": 423.0, "danger_level": 424.0, "frl": null, "mwl": null, "highest_flow_level": 423.59}}, {"type": "Feature", "geometry": {"type": "Point", "coordinates": [79.59861111111111, 23.055555555555557]}, "properties": {"station_code": "NBO-2-014-1215", "name": "Saner at Chargawan", "type": "Base", "nearest_town": null, "warning_level": 351.0, "danger_level": 352.0, "frl": null, "mwl": null, "highest_flow_level": 349.2}}, {"type": "Feature", "geometry": {"type": "Point", "coordinates": [80.19638888888889, 23.486666666666668]}, "properties": {"station_code": "NBO-2-018-1219", "name": "Belkund at Ghughra", "type": "Base", "nearest_town": null, "warning_level": 382.0, "danger_level": 383.0, "frl": null, "mwl": null, "highest_flow_level": 382.82}}, {"type": "Feature", "geometry": {"type": "Point", "coordinates": [79.43, 22.998055555555556]}, "properties": {"station_code": "NBO-2-021-1222", "name": "Umar at Imaliya", "type": "Base", "nearest_town": null, "warning_level": 368.0, "danger_level": 369.0, "frl": null, "mwl": null, "highest_flow_level": 361.9}}, {"type": "Feature", "geometry": {"type": "Point", "coordinates": [79.36194444444443, 22.841944444444444]}, "properties": {"station_code": "NBO-2-022-1223", "name": "Machrewa at Bakori", "type": "Base", "nearest_town": null, "warning_level": 381.0, "danger_level": 382.0, "frl": null, "mwl": null, "highest_flow_level": 383.8}}, {"type": "Feature", "geometry": {"type": "Point", "coordinates": [77.55972222222222, 22.63888888888889]}, "properties": {"station_code": "NBO-2-024-1225", "name": "Hathed at Misrod", "type": "Base", "nearest_town": null, "warning_level": 296.8, "danger_level": 298.0, "frl": null, "mwl": null, "highest_flow_level": 297.8}}, {"type": "Feature", "geometry": {"type": "Point", "coordinates": [77.97805555555556, 22.8275]}, "properties": {"station_code": "NBO-2-025-1226", "name": "Narmada at Naseerabad", "type": "Base", "nearest_town": null, "warning_level": 301.0, "danger_level": 302.0, "frl": null, "mwl": null, "highest_flow_level": 304.6}}, {"type": "Feature", "geometry": {"type": "Point", "coordinates": [78.46000000000001, 22.584444444444443]}, "properties": {"station_code": "NBO-2-035-1236", "name": "Denwa at Matkuli", "type": "Base", "nearest_town": null, "warning_level": 399.0, "danger_level": 401.0, "frl": null, "mwl": null, "highest_flow_level": 399.5}}, {"type": "Feature", "geometry": {"type": "Point", "coordinates": [77.48777777777778, 22.646666666666665]}, "properties": {"station_code": "NBO-2-036-1237", "name": "Awalighat", "type": "Base", "nearest_town": null, "warning_level": 296.0, "danger_level": 297.0, "frl": null, "mwl": null, "highest_flow_level": 293.65}}, {"type": "Feature", "geometry": {"type": "Point", "coordinates": [77.48166666666667, 22.571944444444444]}, "properties": {"station_code": "NBO-2-037-1238", "name": "Indra at Khapriya", "type": "Base", "nearest_town": null, "warning_level": 294.5, "danger_level": 295.0, "frl": null, "mwl": null, "highest_flow_level": 296.8}}, {"type": "Feature", "geometry": {"type": "Point", "coordinates": [77.36611111111111, 22.71333333333333]}, "properties": {"station_code": "NBO-2-038-1239", "name": "Kolar at Mahgaon", "type": "Base", "nearest_town": null, "warning_level": 299.0, "danger_level": 299.5, "frl": null, "mwl": null, "highest_flow_level": 301.96}}, {"type": "Feature", "geometry": {"type": "Point", "coordinates": [76.68833333333333, 22.56722222222222]}, "properties": {"station_code": "NBO-2-041-1242", "name": "Datuni at Dudwas", "type": "Base", "nearest_town": null, "warning_level": 289.5, "danger_level": 290.0, "frl": null, "mwl": null, "highest_flow_level": 292.14}}, {"type": "Feature", "geometry": {"type": "Point", "coordinates": [76.22, 22.408055555555553]}, "properties": {"station_code": "NBO-2-047-1248", "name": "Kaner at Mendhikheda", "type": "Base", "nearest_town": null, "warning_level": 214.0, "danger_level": 215.0, "frl": null, "mwl": null, "highest_flow_level": 217.7}}, {"type": "Feature", "geometry": {"type": "Point", "coordinates": [77.33805555555556, 22.963055555555556]}, "properties": {"station_code": "NBO-2-050-1251", "name": "Kolar Reservoir", "type": "Base", "nearest_town": null, "warning_level": null, "danger_level": null, "frl": null, "mwl": null, "highest_flow_level": 463.3}}, {"type": "Feature", "geometry": {"type": "Point", "coordinates": [75.53083333333333, 22.22222222222222]}, "properties": {"station_code": "NBO-2-051-1227", "name": "Karam at Dahiwar", "type": "Base", "nearest_town": null, "warning_level": 168.0, "danger_level": 169.0, "frl": null, "mwl": null, "highest_flow_level": 169.66}}, {"type": "Feature", "geometry": {"type": "Point", "coordinates": [75.74833333333333, 21.91777777777778]}, "properties": {"station_code": "NBO-2-051-1252", "name": "Beda at Satwadi(Gogawa)", "type": "Base", "nearest_town": null, "warning_level": 200.0, "danger_level": 201.0, "frl": null, "mwl": null, "highest_flow_level": 205.7}}, {"type": "Feature", "geometry": {"type": "Point", "coordinates": [75.10222222222221, 22.261388888888888]}, "properties": {"station_code": "NBO-2-054-1255", "name": "Maan at Gopalpura", "type": "Base", "nearest_town": null, "warning_level": 194.0, "danger_level": 195.0, "frl": null, "mwl": null, "highest_flow_level": 196.3}}, {"type": "Feature", "geometry": {"type": "Point", "coordinates": [79.92083333333333, 22.93777777777778]}, "properties": {"station_code": "NBO-2-055-1257", "name": "Bargi Reservoir", "type": "Inflow", "nearest_town": null, "warning_level": null, "danger_level": null, "frl": 422.76, "mwl": 425.7, "highest_flow_level": 425.7}}, {"type": "Feature", "geometry": {"type": "Point", "coordinates": [77.68805555555556, 22.7575]}, "properties": {"station_code": "NDB-WQSS-202012", "name": "D/S HOSHANGABAD", "type": "Base", "nearest_town": null, "warning_level": null, "danger_level": null, "frl": null, "mwl": null, "highest_flow_level": null}}, {"type": "Feature", "geometry": {"type": "Point", "coordinates": [83.54888888888888, 21.341944444444444]}, "properties": {"station_code": "PATHRALA", "name": "PATHRALA", "type": "Base", "nearest_town": null, "warning_level": null, "danger_level": null, "frl": null, "mwl": null, "highest_flow_level": null}}, {"type": "Feature", "geometry": {"type": "Point", "coordinates": [80.5333333337963, 16.500000000350887]}, "properties": {"station_code": "PRAKASAMBARRAGE", "name": "Prakasam Barrage", "type": "Base", "nearest_town": "VIJAYAWADA", "warning_level": null, "danger_level": null, "frl": null, "mwl": null, "highest_flow_level": null}}, {"type": "Feature", "geometry": {"type": "Point", "coordinates": [76.2625, 31.829166666666666]}, "properties": {"station_code": "SHD-00006", "name": "Daroli", "type": "Base", "nearest_town": null, "warning_level": null, "danger_level": null, "frl": null, "mwl": null, "highest_flow_level": null}}, {"type": "Feature", "geometry": {"type": "Point", "coordinates": [77.11416666666666, 31.955277777777777]}, "properties": {"station_code": "SHD00001", "name": "Kullu", "type": "Base", "nearest_town": null, "warning_level": null, "danger_level": null, "frl": null, "mwl": null, "highest_flow_level": null}}, {"type": "Feature", "geometry": {"type": "Point", "coordinates": [77.19083333333333, 32.2475]}, "properties": {"station_code": "SHD00002", "name": "Manali", "type": "Base", "nearest_town": null, "warning_level": null, "danger_level": null, "frl": null, "mwl": null, "highest_flow_level": 1884.4}}, {"type": "Feature", "geometry": {"type": "Point", "coordinates": [77.15416666666667, 32.32138888888889]}, "properties": {"station_code": "SHD00003", "name": "Solang", "type": "Base", "nearest_town": null, "warning_level": null, "danger_level": null, "frl": null, "mwl": null, "highest_flow_level": null}}, {"type": "Feature", "geometry": {"type": "Point", "coordinates": [77.17, 31.850833333333334]}, "properties": {"station_code": "SHD00004", "name": "Bajaura", "type": "Base", "nearest_town": null, "warning_level": null, "danger_level": null, "frl": null, "mwl": null, "highest_flow_level": 1062.55}}, {"type": "Feature", "geometry": {"type": "Point", "coordinates": [77.18, 31.918333333333333]}, "properties": {"station_code": "SHD00005", "name": "Chharour Nalla", "type": "Base", "nearest_town": null, "warning_level": null, "danger_level": null, "frl": null, "mwl": null, "highest_flow_level": 1150.95}}, {"type": "Feature", "geometry": {"type": "Point", "coordinates": [76.94972222222222, 31.641666666666666]}, "properties": {"station_code": "SHD00006", "name": "Bagla", "type": "Base", "nearest_town": null, "warning_level": null, "danger_level": null, "frl": null, "mwl": null, "highest_flow_level": 769.9}}, {"type": "Feature", "geometry": {"type": "Point", "coordinates": [77.53388888888888, 10.425555555555555]}, "properties": {"station_code": "SRDCBE 052", "name": "Balasamudram", "type": "Base", "nearest_town": null, "warning_level": 247.9, "danger_level": 248.0, "frl": null, "mwl": null, "highest_flow_level": 249.5}}, {"type": "Feature", "geometry": {"type": "Point", "coordinates": [78.83333333379906, 16.088888888655532]}, "properties": {"station_code": "SRLMDM", "name": "Srisailam Dam", "type": "Base", "nearest_town": "Kurnool", "warning_level": null, "danger_level": null, "frl": 269.75, "mwl": null, "highest_flow_level": 273.25}}, {"type": "Feature", "geometry": {"type": "Point", "coordinates": [73.16111111111111, 25.111111111111114]}, "properties": {"station_code": "TEMP-001", "name": "Jawai Dam", "type": "Inflow", "nearest_town": null, "warning_level": null, "danger_level": null, "frl": null, "mwl": null, "highest_flow_level": null}}, {"type": "Feature", "geometry": {"type": "Point", "coordinates": [75.01630555555556, 12.52038888888889]}, "properties": {"station_code": "VIDYANAGAR", "name": "VIDYA NAGAR", "type": "Base", "nearest_town": null, "warning_level": null, "danger_level": null, "frl": null, "mwl": null, "highest_flow_level": null}}, {"type": "Feature", "geometry": {"type": "Point", "coordinates": [82.74277777777777, 17.488333333333333]}, "properties": {"station_code": "YETIKOPPAKA", "name": "YETIKOPPAKA", "type": "Base", "nearest_town": "", "warning_level": null, "danger_level": null, "frl": null, "mwl": null, "highest_flow_level": null}}]}