station_code,name,lat,lon,type,nearest_town,warning_level,danger_level,frl,mwl,highest_flow_level
001-CDBNG,Shimoga,13.926944444444445,75.585,Base,,566.7,567.25,,,570.18
001-CDJPR,Dhareri,23.1475,75.50833333333334,Base,"",478.5,479.5,,,482.62
001-CHEJMU,Khanabal,33.763888888888886,75.1275,Base,Khanabal,1591.2,1592.5,,,1595.43
001-DDASL,Tilaiya Reservoir,24.32,85.52,Inflow,"",,,372.475,371.465,372.28
001-ERDBWN,Balimundali,21.733888888888888,86.63333333333334,Base,,,,,,43.1
001-HGDDDN,Badrinath,30.748333333333335,79.49583333333334,Base,,3112.0,3113.0,,,3112.7
001-HYDCHENNAI,Chennur,14.572222222222223,78.8,Base,"",121.875,122.875,,,123.375
001-LBDJPG,Mathanguri,26.782777777777778,90.95666666666666,Level,,98.1,99.1,,,100.28
001-LGD3BEH,BEDEPARA,24.139166666666664,88.69694444444445,Base,,,,,,17.885
001-LGDHYD,Somanpally(Seasonal),18.616666666666667,79.8,Base,,,,,,129.02
001-LKDHYD,Almatti Reservoir,16.33,75.88,Inflow,"",,,519.6,519.6,
001-LYDAGRA,AGRA (J.B.),27.203888888888887,78.035,Level,Agra,151.4,152.4,,,154.76
001-MAHGAND,Chakaliya,23.051944444444445,74.31972222222223,Base,"",223.5,225.0,,,230.2
001-MBDGHY,Guwahati(D.C.Court),26.19472222222222,91.74305555555556,Level,Guwahati,48.68,49.68,,,51.46
001-MDBURLA,Mahulpali,21.866388888888892,84.38,Base,,,,,,253.18
001-MDSIL,KUMARGHAT GD SITE,24.17527777777778,92.02361111111111,Base,,29.0,30.0,,,32.97
001-MGD1LKN,Colonelganj,27.125,81.66333333333334,Base,"",104.0,105.0,,,105.28
001-MGD2LKN,NARORA Barrage,28.189444444444444,78.39611111111111,Inflow,"",,,179.07,181.34,
001-MGD3VNS,Azamgarh,26.05,83.18333333333334,Level,Azamgarh,73.88,74.88,,,75.0
001-MGD4PTN,Chanpatia,26.960277777777776,84.53555555555555,Base,"",72.68,73.68,,,76.68
001-MGD5PTN,Buxar,25.579722222222223,83.97666666666667,Level,"",59.32,60.32,,,62.09
001-MIDSHL,Dawki,25.189722222222223,92.01861111111111,Base,"",,,,,73.0
001-NDBHP,Mukki,22.14938888888889,80.66561111111112,Base,"",542.0,543.5,,,542.78
001-NEID2,Tuichang,23.034444444444446,92.96527777777779,Base,Hnathiyal,,,,,
001-SHDSIM,TITANG,31.764388888888888,78.63636111111111,Base,poo,,,,,2456.74
001-SRDCBE,Avarankuppam,12.684166666666666,78.53944444444444,Base,"",367.21,368.21,,365.755,368.82
001-SWRDKOCHI,ERINJIPUZHA,12.495833333333332,75.15694444444445,Base,"",18.03,19.03,,,19.08
001-TDSURAT,BODELI,22.265,73.72722222222222,Base,,76.0,76.8,,,80.9
001-UBDDIB,Kibithu,28.25722222222222,97.02583333333334,Base,"",1228.25,1229.25,,,1230.26
001-UKDPUNE,Karad,17.29361111111111,74.19,Base,Karad,563.41,567.04,,,567.162
001-UYDDEL,Naugaon,30.791666666666668,78.13805555555557,Base,"",1059.5,1060.5,,,1060.4
001-WGDNGP,Keolari,22.38138888888889,79.89972222222222,Base,"",,,,,443.03
0010-LYDAGRA,SAHIJINA,25.94472222222222,80.15333333333334,Level,Hamirpur,103.54,104.54,,,108.95
0010NEID3,Chimpu,27.066666666666666,93.60027777777778,Base,,,,,,
0013NEID3,Mechuka,28.600555555555555,94.1463888888889,Base,,1909.0,1910.0,,,1908.87
001BOBO-INFLOW,Tuirial Dam_NEEPCO,24.35638888888889,92.88666666666667,Inflow,,,,90.5,95.2,90.5
001NEID1,"Myndu Stage II, Dam Site",25.22027777817503,92.22583333298152,Base,"",,,,,
001NEID3,Rho Basti,27.622777777777777,92.01361111111112,Base,,,,,,
002-CDBNG,Honnali,14.237222222222222,75.66250000000001,Base,,544.2,544.75,,,546.47
002-CDJAPR,Tal,23.72138888888889,75.34444444444443,Base,"",441.0,443.0,,,438.12
002-DDASL,Haripur,24.31138888888889,87.08694444444444,Base,"",,,,,137.1
002-ERDBWN,Chandanpur,22.16611111111111,86.57138888888889,Base,,,,,,88.4
002-HGDDDN,Joshimath,30.566944444444445,79.55333333333333,Base,"",1382.0,1383.0,,,1388.65
002-HYDCHENNAI,Nellore CWC,14.470277777777778,79.9888888888889,Level,"",15.91,17.28,,,18.7
002-JHELUM,Sangam,33.83305555555556,75.06672222222223,Level,"",1591.2,1592.42,,,1595.37
002-LBDJPG,Beki Road bridge,26.494133333333334,90.91789722222222,Level,"",44.1,45.1,,,46.2
002-LGD3BEH,BISWANATHPUR,24.4575,88.1375,Base,,19.24,20.94,,,22.79
002-LGDHYD,Kaleswaram,18.82,79.91000000000001,Level,"",103.5,104.75,,,108.19
002-LKDHYD,Narayanapur Reservoir,16.2,76.36,Inflow,Bijapur,,,492.25,492.25,
002-LYDAGRA,ETAWAH,26.749722222222225,78.98333333333333,Level,Etawah,120.92,121.92,,,126.13
002-MAHGAND,Anas PH-II,23.353611111111114,74.23361111111112,Base,"",145.0,146.0,,,160.0
002-MBDGHY,Goalpara,26.184722222222224,90.63388888888889,Level,Goalpara,35.27,36.27,,,37.43
002-MDBURLA,Parmanpur,21.789444444444445,84.1061111111111,Base,,,,,,217.06
002-MDSIL,KAMALPUR,24.193055555555556,91.83583333333333,Base,KAMALPUR,31.5,32.5,,,33.85
002-MGD1LKN,Gaighat,27.988055555555558,81.43305555555555,Base,"",129.54,130.54,,,132.45
002-MGD2LKN,Kachhla Bridge,27.931944444444447,78.8625,Level,"",161.8,162.4,,,163.02
002-MGD3VNS,Phaphamau,25.504166666666666,81.86333333333333,Level,Allahabad,83.734,84.734,,74.95,87.98
002-MGD4PTN,Lalbegiaghat,26.65861111111111,85.01388888888889,Level,motihari,62.2,63.2,,,67.09
002-MGD5PTN,Dighaghat,25.647777777777776,85.06527777777778,Level,"",49.45,50.45,,,52.52
002-MIDSHL,Kharkhana,25.158055555555553,92.21083333333334,Base,"",,,,,47.17
002-NDBHP,Bamni,22.485,80.37638888888888,Base,,446.5,447.5,,,448.5
002-NEID2,Tuichawng,22.915277777777778,92.52805555555555,Base,"",,,,,
002-SHDSIM(A),MOORANG,31.605833333333333,78.43611111111112,Base,,,,,,2272.5
002-SRDCBE,GUMMANUR,12.555000000000001,78.13833333333334,Base,"",494.0,495.0,,,495.7
002-SWRDKOCHI,PERUMANNU,11.9823,75.58415833333333,Base,"",17.2,18.2,,,18.28
002-TDSURAT,RAJPIPLA,21.87777777777778,73.46611111111112,Base,,25.96,26.8,,,30.3
002-UBDDIB,Tuting,28.995,94.88694444444445,Base,TUTING,440.0,441.0,,,435.95
002-UKDPUNE,Warunji,17.272777777777776,74.16472222222222,Base,"",562.8,565.2,,,568.047
002-WGDNGP,Kumhari,21.884444444444444,80.17527777777778,Base,Balaghat,,,,,308.0
0022-CDJAIPUR,Bisalpur Reservoir,25.92,75.45,Inflow,Tonk,,,315.5,316.345,
0024-SRDCWC,Mettur Reservoir,11.8,77.8,Inflow,Mettur,,,240.79,242.62,
0024-SWRDKOCHI,Idukki (Eb)/Idukki Arch Reservoir,9.84,76.97,Inflow,,,,732.43,,
0025-SRDCWC,Bhavani Sagar Dam,11.47,77.1,Inflow,Bhavanisagar,,,278.892,280.42,
0025-SWRDKOCHI,Idamalayar Reservoir,10.22,76.7,Inflow,,,,169.0,,
0026-MGD3VNS,Bansagar Dam_1,24.191666666666666,81.2875,Inflow,Shahdol,,,341.64,342.934,
0026-SRDCBE,Grand Anicut,10.83,78.81888888888888,Inflow,Thanjavur,,,59.21,59.21,
0029-LKDHYD,DR KLRS Pulichintala Dam,16.75,80.05,Inflow,"",,,53.34,,
0029-SRDCBE,Manimuthar Dam,8.653333333333334,77.41375000000001,Inflow,,,,109.12,112.165,
002NEID1,Myntdu Stage-II power house,25.156666666315516,92.21749999991997,Base,"",,,,,
002NEID3,Murga Bridge,27.61388888888889,92.02638888888889,Base,,,,,,
003-CDBNG,Haralahalli,14.830555555555556,75.67444444444445,Base,,514.0,514.5,,,518.346
003-DDASL,Barkisuriya,24.221944444444443,85.90111111111112,Base,"",288.4,289.4,,,292.32
003-ERDBWN,Jeypore,21.609166666666667,86.68333333333334,Base,"",25.17,26.17,,,27.4
003-HGDDDN,Nandkeshri,30.039166666666667,79.56638888888888,Base,"",1267.0,1268.0,,,1267.4
003-HYDCHENNAI,Nandipalli,14.721111111111112,79.01888888888888,Base,"",100.93,101.93,,,102.43
003-LBDJPG,PANBARI,26.58833333333333,90.82916666666667,Base,"",,,,,55.96
003-LGD3BEH,CS 97 A GANGA FARAKKA,24.790833333333335,87.93666666666667,Base,,21.25,22.25,,,25.13
003-LGDHYD,Nowrangpur,19.1975,82.51194444444444,Base,Nowrangpur,555.75,557.75,,,559.33
003-LKDHYD,Huvinhedigi,16.490277777777777,76.92305555555556,Base,"",355.24,356.24,,,358.35
003-LYDAGRA,DHOLPUR,26.659444444444443,77.90305555555557,Level,Dholpur,129.79,130.79,,,146.57
003-MAHGAND,Dhariawad,24.086388888888887,74.47555555555556,Base,"",205.0,206.0,,,210.06
003-MBDGHY,Matunga,26.791405555555556,91.53582222222222,Base,"",,,,,168.18
003-MDBURLA,Manendragarh,23.20138888888889,82.21444444444445,Base,,,,,,420.86
003-MDSIL,NUTANBAZAR GD SITE,24.41861111111111,92.17055555555557,Base,Dharmanagar,18.5,19.5,,,20.66
003-MGD1LKN,Kakardhari,27.89527777777778,81.77444444444444,Level,"",130.0,131.0,,,132.37
003-MGD2LKN,Fatehgarh,27.40138888888889,79.62305555555555,Level,"",136.6,137.6,,,138.14
003-MGD3VNS,Allahabad,25.403055555555554,81.9113888888889,Level,Allahabad,83.734,84.734,,71.01,88.03
003-MGD4PTN,Ahirwalia,26.415277777777778,85.06611111111111,Level,"",58.62,59.62,,,61.17
003-MGD5PTN,Gandhighat,25.623333333333335,85.17111111111112,Level,"",47.6,48.6,,,50.52
003-NDBHP,Mohgaon,22.765805555555556,80.62330555555555,Base,"",463.0,464.5,,,467.3
003-NEID2,Sihthangpui,22.42361111111111,92.94269444444444,Base,"",,,,,
003-SHDSIM,NATHPA,31.566111111111113,77.96555555555555,Base,,,,,,1451.0
003-SRDCBE,KUDLUR,11.840555555555556,77.46277777777777,Base,Chamarajnagar,437.0,438.0,,,440.1
003-SWRDKOCHI,MUTHANKERA,11.808055555555557,76.08416666666666,Level,,710.3,711.25,,,713.89
003-TDSURAT,Garudeshwar,21.89,73.65,Level,"",30.48,31.09,,,41.645
003-UBDDIB,Yinkiang,28.64361111111111,95.01694444444445,Level,Yingkiang,,,,,
003-UGDHYD,Nasik,20.001944444444444,73.80333333333333,Level,"",558.1,559.6,,,563.51
003-UKDPUNE,Samdoli (Seasonal),16.85638888888889,74.49666666666667,Base,"",541.95,543.15,,,546.994
003-UYDDEL,Tuini (Pabar),30.954722222222223,77.85305555555556,Base,"",929.5,930.5,,,931.88
003-WGDNGP,Balaghat,21.80527777777778,80.15833333333335,Base,"",,,,,297.45
0030-LKDHYD,Sunkesula Barrage,15.88,77.83,Inflow,Kurnool,,,292.0,292.7,
0031-CDBNG,Harangi Reservoir,12.493799999999998,75.9054138888889,Inflow,Somwarpet,,,871.42,,
0031-LKDHYD,Musi Dam,17.235,79.52,Inflow,Suryapet,,,196.6,196.6,
0032-CDBNG,Hemavathy Reservoir,12.821961111111111,76.05423333333333,Inflow,Chennarayapatna,,,890.63,,
0033-CDBNG,Kabini Reservoir,11.973391666666666,76.35275,Inflow,H D Kote,,,696.16,,
0033-HYDCHENNAI,Chembarampakkam,13.01,80.08,Inflow,Chennai,,,26.03,26.03,
0034-CDBNG,Krishnarajasagar Reservoir,12.425594444444444,76.57249999999999,Inflow,Srirangapatna,,,752.49,,
0035-CDBNG,NAPOKLU,12.314444444444446,75.69861111111112,Base,,863.5,864.0,,,865.98
0036-CDBNG,Upper Tunga Prject,13.843333333333334,75.52638888888889,Inflow,Shimoga,,,588.24,588.24,
0037-CDBNG,Bhadra Reservoir,13.701352777777776,75.63661111111112,Inflow,Lakkavalli,,,657.75,657.75,
0037MGD5PTN,Giriyak,25.034166666666668,85.51611111111112,Base,,61.48,62.48,,,64.0
0038-ERDBWN,Chandil Dam,22.974444444444444,86.02027777777778,Inflow,Umesh nagar,,,189.0,192.0,
003NEID-3,Pangin,28.233611111111113,95.00277777777778,Base,,219.0,220.0,,,212.02
003NEID1,Bailley Bridge Tuipui,23.226666666598838,93.09777777809086,Base,"",,,,,
004-CDBNG,Marol,14.93888888888889,75.61805555555554,Base,,515.0,515.5,,,518.171
004-CDJPR,Ujjain,23.175555555555558,75.75555555555556,Base,"",476.0,477.0,,,483.81
004-DDASL,Nandadih,24.0325,86.43305555555555,Base,"",193.21,194.21,,,200.395
004-ERDBWN,Baripada,21.93111111111111,86.71861111111112,Base,"",29.7,30.92,,,34.82
004-HGDDDN,Rudraprayag (A),30.288061111111112,78.9842,Base,,626.0,627.0,,,634.85
004-HYDCHENNAI,Somasila Dam,14.48,79.3,Inflow,,,,100.58,,
004-LBDJPG,Manas N H Crossing,26.464216666666665,90.75003333333333,Level,"",47.81,48.42,,,50.08
004-LGD3BEH,FARAKKA(HR),24.799166666666668,87.91638888888889,Base,,,,,,27.647
004-LGDHYD,Kosagumda (Bhaskel),19.27722222222222,82.23305555555555,Base,Nowrangpur,555.0,556.0,,,557.98
004-LKDHYD,Deosugur,16.38222222222222,77.35722222222222,Base,"",334.511,335.511,,,339.961
004-LYDAGRA,UDI,26.69638888888889,78.93777777777778,Base,"",119.8,120.8,,,129.91
004-MAHGAND,Mataji,23.349722222222223,74.71805555555555,Base,"",291.5,293.0,,,298.32
004-MBDGHY,Pagladiya N T Road Crossing,26.45040277777778,91.45980277777778,Level,Nalbari,51.75,52.75,,,55.45
004-MDBURLA,Bangodam,22.6,82.58,Base,,,,,,302.1
004-MDSIL,KHOWAI,24.0625,91.59833333333333,Base,Khowai,25.0,26.0,,,28.005
004-MGD1LKN,Pancheshwar,29.438055555555557,80.24583333333334,Base,,431.0,432.0,,,433.3
004-MGD2LKN,Kannauj,27.020833333333332,79.98305555555555,Level,Farrukabad,124.97,125.97,,,126.78
004-MGD3VNS,SITAMARHI,25.27722222222222,82.28722222222223,Base,"",80.2,81.2,,64.42,81.2
004-MGD4PTN,Sikandarpur (Muzzafarpur),26.142777777777777,85.3761111111111,Level,"",51.53,52.53,,,54.29
004-MGD5PTN,Hathidah,25.384999999999998,85.9875,Level,"",40.76,41.76,,,43.52
004-MIDSHL,Keitum,23.223333333333333,92.93416666666667,Base,,,,,,90.18
004-NDBHP,Chhidgaon,22.405277777777776,77.30833333333334,Base,,295.8,296.5,,,301.92
004-SHDSIM,RAMPUR_1,31.44311111111111,77.628,Base,,,,,,924.5
004-SWRDKOCHI,KUTTYADI,11.650833333333333,75.75833333333334,Base,KOZHIKODE,5.95,6.95,,,8.7
004-TDSURAT,Bharuch,21.7,73.0,Level,Bharuch,6.705,7.315,,,12.645
004-UBDDIB,Lemeking,28.372777777777777,93.55972222222222,Base,"",1108.745,1109.745,,,1107.17
004-UKDPUNE,Arjunwad (Seasonal),16.781944444444445,74.63222222222221,Level,miraj,539.2,540.7,,,544.345
004-UYDDEL,Tuini (Tons),30.939722222222223,77.84666666666666,Base,"",901.5,902.5,,,904.0
004-WGDNGP,Rajegaon,21.62388888888889,80.25333333333333,Base,"",,,,,284.23
0041-CDBNG,SINGASADANAPALLI,12.870000000000001,77.83611111111111,Base,,844.5,845.0,,,847.39
0042-CDBNG,THORESHETTAHALLI,12.668333333333333,77.04055555555556,Base,,625.0,626.0,,,627.1
0043-CDBNG,HOMMARAGALLI,12.114166666666666,76.46305555555556,Base,,667.0,668.0,,,670.68
0044-CDBNG,MUKKODLU,12.490555555555554,75.77222222222223,Base,,880.0,881.0,,,889.62
0045-CDBNG,KOKKEDODDY,12.296111111111111,77.44083333333333,Base,,373.0,374.0,,,374.25
0046-CDBNG,CHIKKARASINAKERE,12.510277777777778,77.03666666666666,Base,,616.0,617.0,,,618.075
0047-CDBNG,PUDUNAGARA,12.069444444444445,77.40944444444445,Base,,587.0,587.5,,,588.15
0048-CDBNG,CHIKKAMALUR,12.595555555555556,77.05666666666666,Base,,651.0,652.0,,,650.87
004NEID1,Kashithal,24.542500000225463,92.95333333334062,Base,"",,,,,
004NEID3,Boleng,28.308055555555555,94.96111111111111,Base,,233.0,234.0,,,218.2
004RAMES,RAMESHWAR,29.533055555555556,80.1,Base,,,,,,
005-CDBNG,BYALADAHALLI,14.43388888888889,75.77972222222222,Base,"",534.9,535.4,,,538.45
005-CDJAPR,Mahidpur,23.479999999999997,75.6375,Base,"",453.0,454.0,,,456.3
005-DDASL,Maithon Reservoir,23.779999999999998,86.81,Inflow,"",,150.876,150.88,151.79,151.83
005-ERDBWN,Govindpur (NH5 Road Bridge),21.547777777777778,86.91805555555555,Level,"",7.21,8.13,,,9.5
005-HGDDDN,Rudraprayag (C),30.275277777777777,78.965,Base,,623.7,624.7,,,628.2
005-JHELUM,Rammunshibagh (near Srinagar),34.06944444444445,74.83802777777777,Level,Srinagar,1585.48,1586.4,,,1589.0
005-LBDJPG,Dhubri,25.990991666666666,90.03248888888889,Level,"",27.62,28.62,,,30.37
005-LGD3BEH,LABHA,25.430555555555557,87.76833333333333,Base,,27.1,28.0,,,30.79
005-LGDHYD,Murthahandi (Journala),19.059444444444445,82.27583333333334,Base,,,,,,545.24
005-LKDHYD,Deongaon Bridge,17.17,76.33,Level,"",402.0,404.5,,,409.0
005-LYDAGRA,AURAIYA,26.428055555555556,79.47888888888889,Level,"",112.0,113.0,,,118.51
005-MAHGAND,Mahi Bajaj Sagar Dam,23.628611111111113,74.54722222222222,Inflow,"",,,281.5,281.5,
005-MBDGHY,DRF,26.775008333333332,91.69288611111112,Base,Rangia,,,,,144.98
005-MDBURLA,Korba,22.393333333333334,82.70277777777778,Base,,,,,,279.02
005-MDSIL,HAORA,23.82611111111111,91.27277777777778,Base,Agartala,10.0,10.7,,,12.42
005-MGD1LKN,Banbasa,28.995833333333334,80.10555555555555,Base,"",220.7,221.7,222.96,,223.3
005-MGD2LKN,Neemsar,27.34611111111111,80.47777777777777,Base,"",125.8,126.8,,,129.08
005-MGD3VNS,Mirzapur,25.1546,82.5296,Level,Mirzapur,76.724,77.724,,62.42,80.34
005-MGD4PTN,Samastipur,25.860833333333336,85.80499999999999,Level,"",45.02,46.02,,,49.38
005-MGD5PTN,Munger,25.37777777777778,86.4625,Level,munger,38.33,39.33,,,40.99
005-NDBHP,Pati,21.94361111111111,74.74472222222222,Base,,195.0,196.0,,,207.1
005-SHDSIM,PANDOA,31.267305555555556,77.288,Base,"",,,,,689.6
005-SIDGTK,Toyum,27.27027777777778,88.26027777777777,Base,"",,,,,653.45
005-SRDCBE,THENGUMARAHADA,11.572777777777777,76.91916666666667,Base,"",341.0,342.0,,,342.4
005-SWRDKOCHI,KUNIYIL,11.239444444444443,76.02333333333333,Base,Kuttooli,10.85,11.85,,,12.14
005-TDSURAT,MOTINAROLI,21.23777777777778,72.96333333333334,Base,,16.0,18.0,,,18.225
005-UBDDIB,Passighat,28.07777777777778,95.33555555555554,Level,"",152.96,153.96,,,157.54
005-UGDHYD,NMD-Weir,20.009166666666665,74.13194444444444,Inflow,"",,,533.5,,
005-UKDPUNE,KURUNDWAD,16.684444444444445,74.60222222222221,Base,"",535.64,537.16,,,541.35
005-UYDDEL,Haripur,30.537222222222223,77.82583333333334,Base,"",479.5,480.5,,,482.48
005-WGDNGP,Sitekasa,21.58111111111111,79.8,Base,"",,,,,311.5
0052-SRDCBE,Madurai,9.933333333333334,78.11666666666666,Level,,131.5,132.5,,,134.76
005NEID1,Kulichera,24.49083333343883,92.80444444403835,Base,"",,,,,
005NEID3,METEOROLOGICAL STATION JANG,27.581944444444446,92.43083333333334,Base,,,,,,
005PURNA,PURNAGIRI,29.133055555555558,80.2,Base,,,,,,
006-CDBNG,HOLEHONNUR,13.97638888888889,75.68527777777778,Base,,560.2,560.725,,,563.465
006-CHEJMU,Safapora,34.246694444444444,74.62322222222221,Level,Baramulla,1580.52,1581.28,,,1582.2
006-DDASL,Hendegir,23.704722222222223,85.1725,Base,"",364.24,365.24,,,369.21
006-ERDBWN,Adityapur,22.79138888888889,86.17361111111111,Base,,,,,,137.8
006-HGDDDN,Rudraprayag (M),30.288611111111113,78.97916666666667,Base,,625.0,626.0,,,634.0
006-LBDJPG,Barabisha,26.47472222222222,89.7863888888889,Base,"",,,,,50.1
006-LGD3BEH,BERHAIT (SEASONAL DISCHARGE)),24.89472222222222,87.61638888888888,Base,,,47.53,,,49.8
006-LGDHYD,Jagdalpur,19.108055555555556,82.02277777777778,Level,"",539.5,540.8,,,544.68
006-LKDHYD,Jewangi,17.254444444444445,77.46277777777777,Base,,425.5,426.6,,,428.38
006-LYDAGR,KALPI,26.129166666666666,79.75944444444444,Level,kalpi,107.0,108.0,,,112.98
006-MAHGAND,Paderdibadi,23.76638888888889,74.13388888888889,Base,"",139.0,140.0,,,149.65
006-MBDGHY,Puthimari NH Rd Xing,26.365833333333335,91.65277777777779,Level,"",51.31,52.31,,,55.08
006-MDBURLA,Bamnidhi,21.9,82.71333333333334,Base,,,,,,229.255
006-MDSIL,GAJARIA,23.649444444444445,91.23083333333334,Base,,8.6,9.2,,,11.25
006-MGD1LKN,Paliakalan,28.384999999999998,80.55333333333333,Base,,153.59,154.59,,,155.82
006-MGD2LKN,Bhatpurwaghat,27.191111111111113,80.8,Base,"",113.3,114.3,,,115.55
006-MGD3VNS,Varanasi,25.325833333333332,83.03999999999999,Level,Varanasi,70.262,71.262,,58.101,73.901
006-MGD4PTN,Rosera,25.749722222222225,86.02111111111111,Level,"",41.63,42.63,,,46.56
006-MGD5PTN,Bhagalpur,25.269444444444442,87.01555555555555,Level,"",32.68,33.68,,,34.86
006-NDBHP,Patan,23.311666666666667,79.66277777777778,Base,,353.0,354.0,,,356.83
006-SHDSIM,BAROT,32.04666666666667,76.83305555555555,Base,,,,,,1826.72
006-SRDCBE,SEVANUR,11.559166666666668,77.71583333333334,Base,"",173.0,173.25,,,173.33
006-SWRDKOCHI,KARATHODU,11.056944444444445,76.03944444444444,Base,"",12.0,13.0,,,14.7
006-TDSURAT,CHANWADA,22.05,73.46527777777779,Base,,24.0,25.0,,,33.55
006-UBDDIB,Tezu,27.910833333333333,96.17055555555557,Base,"",190.25,191.25,,,197.8
006-UGDHYD,Kopergaon,19.89,74.49,Level,"",490.9,493.68,,,499.17
006-UKDPUNE,Terwad (Seasonal),16.67638888888889,74.57416666666666,Base,"",534.0,536.0,,,541.64
006-UYDDEL,Yashwant Nagar,30.88222222222222,77.20944444444444,Base,"",900.0,901.0,,,903.8
006-WGDNGP,Bhandara,21.149166666666666,79.66861111111112,Level,Bhandara,245.5,245.7,,,250.9
006RUPALI,RUPALIGAD,29.283333333333335,80.3,Base,,,,,,
007-CDBNG,HOOVINAHOLE,13.9825,76.74916666666667,Base,,97.0,98.0,,,97.78
007-CDJAIPUR,Gandhi Sagar Reservoir,24.65,75.61,Inflow,mandsaur,,,399.9,399.9,
007-DDASL,Ramgarh,23.641666666666666,85.5111111111111,Base,"",306.51,307.51,,,316.68
007-ERDBWN,Muri,23.36888888888889,85.87527777777777,Base,,,,,,238.12
007-HGDDDN,Srinagar,30.228888888888886,78.78666666666666,Level,,535.0,536.0,,,537.9
007-HYDCHENNAI,Tadipatri,14.921944444444444,78.01638888888888,Base,"",228.84,229.84,,,230.34
007-LBDJPG,Sankosh LRP,26.45777777777778,89.85805555555555,Base,"",,,,,49.25
007-LGD3BEH,BAZARSAU,23.857222222222223,88.16583333333334,Base,,,,,,18.75
007-LGDHYD,Sonarpal (Narangi Markandi),19.26972222222222,81.88388888888889,Base,,,,,,543.2
007-LKDHYD,Malkhed,17.203333333333333,77.1563888888889,Base,,398.0,399.0,,,403.19
007-LYDAGRA,BASODA,23.88722222222222,77.92027777777778,Base,"",395.05,396.05,,,405.605
007-MAHGAND,Kadana Dam,23.30527777777778,73.82472222222222,Inflow,SANTRAMPUR,,,127.71,127.71,
007-MBDGHY,Suklai,26.65373333333333,91.71483888888889,Base,Nalbari,,,,,76.2
007-MDBURLA,Thethetanger,22.646666666666665,83.93361111111112,Base,,,,,,365.615
007-MDSIL,TULARGRAM,24.71611111111111,92.885,Base,"",,,,,24.73
007-MGD1LKN,Shardanagar,28.063333333333333,80.965,Base,"",134.49,135.49,,,136.55
007-MGD2LKN,Kalagarh ,29.497222222222224,78.76055555555556,Base,,,,,,263.67
007-MGD3VNS,Ghazipur,25.58,83.58833333333332,Level,Ghazipur,62.1,63.105,,51.66,65.22
007-MGD4PTN,Khagaria,25.486666666666668,86.43694444444445,Level,"",35.58,36.58,,,39.22
007-MGD5PTN,Kahalgaon,25.265833333333333,87.22611111111111,Level,"",30.09,31.09,,,32.87
007-NDBHP,kogaon,22.101111111111113,75.68444444444445,Base,,158.5,159.5,,,164.25
007-SRDCBE,THEVUR,11.527222222222223,77.75083333333333,Base,"",171.5,172.5,,,173.2
007-SWRDKOCHI,PULAMANTHOLE,10.898055555555555,76.19194444444445,Base,PALAKKAD,15.6,16.6,,,20.25
007-TDSURAT,Girna Dam,20.47861111111111,74.71555555555555,Base,,398.068,398.068,,,398.07
007-UBDDIB,Dholabazar,27.76361111111111,95.56611111111111,Level,"",127.27,128.27,,,130.07
007-UGDHYD,Pachegaon,19.53527777777778,74.83361111111111,Base,"",,,,482.5,478.0
007-UKDPUNE,Sadalga (Seasonal),16.56361111111111,74.5275,Base,"",537.8,538.8,,,541.125
007-UYDDEL,Jateon Barrage,30.5875,77.46833333333333,Base,"",,,,,616.35
007-WGDNGP,Ramakona,21.718888888888888,78.82416666666666,Base,"",,,,,349.2
007NEID3,Jollang ,27.073333333333334,93.615,Base,,,,,,
007RAJG,Rajghat_1,21.767777777525993,87.1641666661996,Base,Balasore,10.0,11.0,,,12.21
008-CDBNG,KELLODU,13.754166666666666,76.31972222222223,Base,,652.25,652.75,,,653.99
008-CDJAPR,Bigod,25.250555555555554,75.03416666666666,Base,"",351.565,352.565,,,353.265
008-DDASL,Tenughat Reservoir,23.72472222222222,85.83999999999999,Inflow,Peterbar,,268.834,268.834,267.834,265.56
008-ERDBWN,Jamshedpur,22.815555555555555,86.21611111111112,Level,"",122.5,123.5,,,129.82
008-HGDDDN,Uttarkashi,30.729166666666664,78.44694444444445,Base,,1122.0,1123.0,,,1125.07
008-HYDCHENNAI,Alladupalli,14.717222222222222,78.66861111111112,Base,"",141.735,142.735,,,143.235
008-LBDJPG,Golokganj,26.107222222222223,89.8236111111111,Level,dhubri,28.94,29.94,,,30.95
008-LGD3BEH,BERHAMPORE,24.089166666666664,88.2425,Base,,16.92,17.22,,,19.125
008-LGDHYD,Ambabal (Narangi),19.296666666666667,81.78888888888889,Base,,,,,,542.55
008-LKDHYD,Yadgir,16.7375,77.12527777777777,Base,"",359.503,360.503,,,362.653
008-LYDAGRA,NAUTGHAT,25.391944444444444,78.66388888888889,Base,"",204.0,205.0,,,207.99
008-MAHGAND,Wanakbori Weir,22.9475,73.42944444444444,Level,,71.93,74.98,,,76.1
008-MDBURLA,Sundergarh,22.11527777777778,83.39916666666667,Base,,,,,,222.9
008-MDSIL,ANIPUR,24.54361111111111,92.43305555555555,Base,Hailakandi,,19.0,,,20.0
008-MGD1LKN,Motipur,28.348333333333333,80.92083333333333,Base,"",138.5,139.5,,,141.42
008-MGD2LKN,Moradabad,28.826666666666668,78.79833333333333,Level,,189.6,190.6,,,192.88
008-MGD3VNS,Ballia,25.75,84.38333333333334,Level,BALLIA,56.615,57.615,,47.795,60.39
008-MGD4PTN,Triveni,27.435833333333335,83.90694444444445,Base,"",108.67,109.67,,0.0,112.79
008-MGD5PTN,Sahibganj,25.247777777777777,87.64916666666667,Level,"",26.25,27.25,,,30.91
008-NDBHP,Dindori,22.94811111111111,81.0761111111111,Base,"",667.0,670.0,,,669.64
008-SIDGTK,Sankalang,27.51722222222222,88.53222222222222,Base,"",,,,,770.0
008-SRDCBE,SAVANDAPUR,11.520000000000001,77.51,Level,"",184.5,185.5,,,187.75
008-TDSURAT,DAHIGAON,20.83361111111111,75.4238888888889,Base,,221.9,222.34,,,226.162
008-UBDDIB,Miao,27.49361111111111,96.21916666666667,Base,"",238.9,239.9,,,241.57
008-UGDHYD,Lasur,19.9375,74.025,Base,"",,,,,513.5
008-UKDPUNE,Gokak,16.18138888888889,74.80111111111111,Base,,543.0,546.0,,,550.35
008-UYDDEL,Paonta,30.417705555555557,77.62275833333332,Level,"",383.5,384.5,,,384.6
008-WGDNGP,Satrapur,21.21638888888889,79.23305555555555,Base,"",,,,,278.43
008CHEJMU,Gulabgarh,33.26972222222222,76.16777777777779,Base,,1785.45,1786.45,,,1787.45
008NEID3,Jotte,27.042222222222225,93.46111111111111,Base,,,,,,
009     -SRDCBE,URACHIKOTTAI,11.477777777777778,77.7,Base,"",163.0,164.0,,,165.95
009-CDBNG,KUPPELUR,14.5,75.63388888888889,Base,,537.65,538.15,,,540.89
009-CDJAPR,Tonk,26.197222222222223,75.84166666666667,Base,"",262.0,262.8,,,262.05
009-DDASL,Pupunki,23.714444444444442,86.20222222222222,Base,"",152.5,153.5,,,156.6
009-ERDBWN,Ghatsila,22.580555555555556,86.46833333333333,Base,,,,,,86.835
009-GD3BEH,CHAPRA,23.504166666666666,88.55138888888888,Base,,10.435,10.961,,,12.035
009-HGDDDN,Koteshwar,30.265777777777778,78.50313888888888,Base,"",544.0,545.0,,,546.7
009-HYDCHENNAI,Singavaram,14.597777777777779,78.01333333333334,Base,"",260.08,261.08,,,261.58
009-LBDJPG,Rangpo,27.171666666666667,88.52972222222222,Base,"",,,,,304.6
009-LGDHYD,Kiwaibalenga (Bawardhi),19.64472222222222,81.55138888888888,Base,,,,,,573.47
009-LKDHYD,P.D. Jurala,16.33,77.7,Inflow,"",,,318.52,,
009-LYDAGRA,MOHANA,25.82361111111111,79.4625,Level,"",121.66,122.66,,,132.16
009-MAHGAND,Khanpur,22.535,73.14027777777778,Base,"",18.0,19.0,,,28.27
009-MBDGHY,Lakhipur,24.791666666666668,93.00472222222223,Base,"",,,,,26.96
009-MDBURLA,Sankara,21.28888888888889,82.65138888888889,Base,,,,,,271.18
009-MDSIL,Monierkhal,24.583055555555557,92.9563888888889,Base,"",,,,,32.18
009-MGD1LKN,B.K.Ghat,28.272777777777776,81.09083333333332,Base,"",135.78,136.78,138.0,136.8,137.44
009-MGD2LKN,Bareilly,28.299166666666668,79.36638888888888,Level,"",162.07,163.07,,,162.82
009-MGD3VNS,Sultanpur,26.275277777777777,82.0667,Base,,83.73,84.73,,,89.445
009-MGD4PTN,Khadda,27.230833333333333,83.8761111111111,Level,"",95.0,96.0,,,97.5
009-MGD5PTN,Rewaghat,25.993333333333336,85.04972222222221,Level,"",53.41,54.41,,,55.46
009-NDBHP,Manot,22.735833333333336,80.51311111111112,Base,"",461.15,462.15,,,459.65
009-SWRDKOCHI,PUDUR,10.777500000000002,76.51222222222222,Base,"",63.5,64.5,,,65.14
009-TDSURAT,MORANE,20.909444444444443,74.71333333333334,Base,,266.0,267.0,,,268.5
009-UBDDIB,Namsai,27.635555555555555,95.84805555555555,Level,"",144.8,145.8,,,146.6
009-UGDHYD,Jaikwadi Dam,19.487222222222222,75.3711111111111,Inflow,"",,,463.91,465.5,
009-UKDPUNE,Cholachagudda,15.872222222222224,75.72333333333333,Base,,529.0,531.5,,,537.2
009-UYDDEL,Hathnikund Barrage,30.314444444444444,77.585,Inflow,"",,,334.0,,
009-WGDNGP,Pauni,20.795,79.64944444444446,Level,Pauni,226.73,227.73,,,237.115
009NEID3,Yingkiong ,28.661666666666665,95.01277777777777,Level,Upper Siang,324.0,325.0,,,295.48
01 02 14 005,Shetrunji dam,21.473333333333333,71.88027777777778,Inflow,,,,55.53,57.68,
01 02 17 005, Purna at Yerli,20.93777777777778,76.4738888888889,Base,,221.0,223.0,,,233.7
01-10-01-001,Dimapara,25.231944444444444,90.24305555555556,Base,"",,,,,30.02
01-10-02-001,Sibbari,25.190555555555555,90.49805555555555,Base,"",,,,,21.33
01-10-09-001,Therriaghat,25.188055555555557,91.765,Base,"",,,,,45.0
01-10-14-001,Byrnihat,26.040277777777778,91.86583333333333,Base,,,,,,61.58
01-10-15-001,Shella,25.179722222222225,91.63527777777779,Base,,,,,,25.83
01-10-16-001,Ranikor,25.219166666666666,91.24527777777777,Base,,,,,,29.18
01-10-17-001,Balat,25.223888888888887,91.35527777777777,Base,,,,,,31.316
01-10-18-001,Sonapur,25.110555555555557,92.36277777777777,Base,,,,,,30.8
01-10-19-001,Nongstoin-I (Mawthungkper),25.467777777777776,91.30111111111111,Base,,,,,,1444.44
01-10-21-001,Umkiang,25.060555555555556,92.38388888888889,Base,,,,,,18.81
01-10-22-001,Rymbai,25.33222222222222,92.31777777777778,Base,,,,,,1098.54
01-10-23-001,Myntangtihwieh (Khadkasla),25.578055555555554,92.55722222222222,Base,,,,,,758.98
01-10-24-001,Jalalpur,25.0025,92.45666666666666,Base,,,,,,18.08
01-10-25-001,Risiang,25.50777777777778,91.19611111111111,Base,,,,,,1220.12
01-10-28-001,Baghmara,25.199166666666667,90.6438888888889,Base,,,,,,23.85
01-10-29-001,Jiribam,24.803333333333335,93.11055555555555,Base,,,,,,29.67
01-10-30-001,Umroi,25.710555555555555,91.99194444444444,Base,,,,,,866.72
01-11-01-002,Matijuri,24.649444444444445,92.60888888888888,Level,"",19.27,20.27,,,22.81
01-11-01-006,Badarpur Ghat,24.87527777777778,92.57833333333333,Level,Badarpur,15.85,16.85,,,18.48
01-11-01-007,Annapurna Ghat,24.83277777777778,92.79166666666667,Level,Silchar,18.83,19.83,,,21.84
01-11-01-008,Fulertal,24.790277777777778,93.00777777777778,Base,Lakhipur,,23.88,,,26.43
01-11-03-001,Fakirabazar,24.860833333333336,92.29027777777777,Base,"",,,,,18.575
01-11-06-003,Dholai,24.59361111111111,92.84527777777777,Base,"",,24.58,,,28.24
01-11-13-001,Gumrabazar,24.97694444444444,92.51833333333333,Base,,,,,,18.5
010- SRDCBE,NELLITHURAI,11.287777777777778,76.89111111111112,Base,"",306.5,307.0,,,309.47
010-CDBNG,MAHISHI,13.697222222222223,75.33555555555554,Base,,593.5,594.0,,,596.985
010-CDJAPR,Baranwada,26.002777777777776,76.67027777777778,Base,"",197.0,198.0,,,202.865
010-DDASL,Panchat Reservoir,23.68,86.75,Inflow,"",,132.588,132.59,132.59,132.893
010-ERDBWN,Jamsholaghat,22.21972222222222,86.71666666666667,Base,"",48.32,49.16,,,56.755
010-HGDDDN,Devprayag (B),30.151944444444442,78.59944444444444,Base,"",462.0,463.0,,,474.5
010-HYDCHENNAI,Kamalapuram,14.580555555555556,78.67777777777778,Base,"",137.7,138.7,,,139.2
010-LGD3BEH,ENGLISHBAZAR,24.995,88.14861111111112,Base,,22.75,23.5,,,24.77
010-LGDHYD,Cherribeda (Bardha),19.645833333333332,81.48583333333333,Base,,,,,,575.63
010-LKDHYD,Tungabhadra Dam,15.26,76.33999999999999,Inflow,Shimoga,,,497.74,497.74,
010-MAHGAND,Panam Dam,23.054166666666667,73.71666666666667,Inflow,"",,,127.41,128.015,
010-MBDGHY,Annapurnaghat,24.83277777777778,92.79166666666667,Level,Silchar,18.83,19.83,,,21.84
010-MDBURLA,Rampur,21.647222222222222,82.51611111111112,Base,,,,,,229.665
010-MDSIL,Sairang,23.811944444444446,92.65,Base,"",,,,,75.96
010-MGD1LKN,Elginbridge,27.095277777777778,81.48611111111111,Level,Barabanki,105.07,106.07,,,107.616
010-MGD2LKN,Dabri,27.498055555555556,79.69722222222222,Level,"",136.3,137.3,,,139.695
010-MGD3VNS,Jaunpur,25.749166666666667,82.67194444444445,Level,"",73.066,74.066,,,77.738
010-MGD4PTN,Chatia,26.532777777777778,84.5586111111111,Level,"",68.15,69.15,,,70.04
010-NDBHP,Mandla,22.598333333333333,80.36527777777778,Level,"",437.0,437.8,,,439.405
010-SWRDKOCHI,MANKARA,10.761111111111111,76.48611111111111,Base,OTTAPALAM,51.53,52.53,,,52.53
010-TDSURAT,LAKHPURI,20.845555555555553,77.36055555555555,Base,,,,,,271.015
010-UBDDIB,Dibrugarh,27.488611111111112,94.90972222222223,Level,"",104.7,105.7,,,106.48
010-UGDHYD,Dhalegaon,19.199722222222224,76.36638888888888,Base,"",400.0,400.8,,399.29,400.005
010-UKDPUNE,Narsingpur,17.97138888888889,75.13916666666667,Base,"",458.403,459.033,,,462.393
010-UYDDEL,Kalanaur,30.067777777777778,77.35388888888889,Base,"",266.2,267.2,,,268.66
010-WGDNGP,Ashti,19.684722222222224,79.78861111111111,Base,,,,,,155.35
0102009002,Una,20.826944444444443,71.0475,Base,"",18.5,19.5,,,19.8
010202008,Karoti,24.593333333333334,72.56333333333333,Base,,237.0,238.0,,,239.0
010213UA1,Borwa,23.21611111111111,74.78,Base,"",322.0,323.0,,,331.35
010213UA3,Khandiovari,24.011388888888888,73.66416666666667,Base,"",270.0,271.0,,,272.45
010213UB1,Sohagpura,23.918333333333333,74.70027777777779,Base,"",401.0,402.0,,,402.72
010213UB3,Amarpura,24.2875,73.84638888888888,Base,"",289.0,289.5,,,289.72
010214001,Chhasara,23.349166666666665,68.76833333333333,Base,,7.5,8.5,,,8.84
010214002,Savni,20.949444444444445,70.45666666666666,Base,,21.0,22.0,,,23.25
010214003,Jamraval,21.92,69.485,Base,,8.0,9.0,,,10.4
010MGD5PTN,Lalganj,25.83138888888889,85.16805555555555,Base,"",49.5,50.5,,,52.12
011-CDBMG,HARIHARAPURA,13.5225,75.30361111111111,Base,,617.5,618.0,,,619.865
011-CDBNG,SAKLESHPUR,12.943333333333333,75.79388888888889,Base,,892.5,894.0,,,895.05
011-CDJAPR,Mandawara,25.379444444444445,76.14750000000001,Base,"",216.0,220.0,,,225.58
011-DDASL,Konar Reservoir,23.929444444444446,85.76194444444444,Inflow,"",,427.94,427.94,426.94,427.91
011-ERDBWN,Fekoghat,22.308611111111112,86.91638888888889,Base,"",,,,,48.4
011-HGDDDN,Devprayag (G),30.140555555555554,78.59694444444445,Base,"",462.0,463.0,,,472.5
011-HYDCHENNAI,Nagalamedike,14.18888888888889,77.37222222222222,Base,,548.045,549.045,,,549.545
011-LBDJPG,Majitar,27.107222222222223,88.32222222222222,Base,"",,,,,279.29
011-LGD3BEH,HANSKHALI,23.35777777777778,88.6086111111111,Base,,7.96,8.59,,,10.03
011-LGDHYD,Chindnar,19.083055555555557,81.3,Base,"",,,,,340.2
011-LKDHYD,Oollenur,15.491944444444444,76.7175,Base,"",,,,,381.74
011-LYDAGRA,GARRAULI,25.080833333333334,79.34333333333333,Base,Mohana,203.0,204.0,,,205.4
011-MAHGAND,Som Kamla Amba Dam,23.97833333333333,74.0325,Inflow,"",,,213.5,215.5,
011-MBDGHY,Badarpurghat,24.87527777777778,92.57833333333333,Level,Badarpurghat,15.85,16.85,,,18.48
011-MDBURLA,Kelo at Raigarh,21.891111111111112,83.39916666666667,Base,,,,,,229.69
011-MDSIL,Tuirial,23.71833333333333,92.79972222222221,Base,"",,,,,156.1
011-MGD1LKN,Ayodhya ,26.811111111111114,82.2075,Level,"",91.73,92.73,,,94.01
011-MGD2LKN,Ankinghat,26.93305555555556,80.03277777777778,Level,"",123.0,124.0,,,124.49
011-MGD3VNS,Kharra,23.501944444444444,82.84027777777777,Base,"",407.61,408.61,,395.73,411.11
011-MGD4PTN,Dumariaghat,26.35888888888889,84.74805555555555,Level,"",61.22,62.22,,,64.36
011-MGD5PTN,Hajipur,25.689722222222223,85.19611111111111,Level,"",49.32,50.32,,,50.93
011-SRDCBE,KODUMUDI,11.08,77.89,Level,erode,125.5,126.5,,121.65,128.14
011-SWRDKOCHI,ARANGALI,10.286111111111111,76.32222222222222,Base,CHALAKKUDY,7.1,8.1,,,10.58
011-TDSURAT,GOPALKHEDA,20.874166666666667,76.99138888888889,Base,"",245.0,,,,252.45
011-UBDDIB,Margherita,27.283611111111114,95.66277777777778,Base,"",134.85,135.85,,,137.51
011-UGDHYD,G.R.BRIDGE,19.01638888888889,76.71638888888889,Base,,,,,,
011-UKDPUNE,Takli,17.414166666666667,75.84777777777778,Base,"",419.0,420.5,,,424.5
011-UYDDEL,Karnal,29.76222222222222,77.13166666666666,Level,"",248.8,249.5,,,250.07
011-WGDNGP,Hivra,20.547222222222224,78.325,Base,"",,,,,248.41
012-CDBNG,KUDIGE,12.5025,75.96083333333334,Base,,819.0,820.0,,,822.34
012-CDJAPR,Pali,25.854722222222225,76.56777777777778,Base,"",197.0,198.0,,,204.1
012-ERDBWN,Rajghat,21.767777777777777,87.16416666666667,Level,"",9.45,10.36,,,12.69
012-HGDDDN,Ganganagar,30.400555555555552,79.04194444444444,Level,,803.0,804.0,,,808.01
012-HYDCHENNAI,Naidupet,13.947222222222223,79.89722222222223,Base,"",23.95,24.95,,,25.95
012-LGD3BEH,ISLAMPUR (SEASONAL),24.15138888888889,88.46277777777777,Base,,,,,,19.21
012-LGDHYD,Tumnar (Dantewara),19.01222222222222,81.2325,Base,"",,,,,326.83
012-LKDHYD,T. Ramapuram,15.661111111111111,76.96555555555555,Base,"",353.368,354.368,,,356.478
012-LYDAGRA,GAISABAD,24.2425,79.8436111111111,Base,"",306.0,307.0,,,309.085
012-MAHGAND,Rangeli,23.872222222222224,74.22333333333333,Base,"",155.0,156.0,,,160.86
012-MBDGHY,Gharmura,24.28527777777778,92.51611111111112,Base,"",,28.05,,,36.51
012-MDBURLA,Hirakud Reservoir,21.52,83.85,Inflow,Sambalpur,,,192.02,,192.3
012-MDSIL,Sonamura,23.47222222222222,91.26277777777777,Level,"",11.5,13.5,,,14.43
012-MGD1LKN,Turtipar,26.141111111111112,83.87472222222222,Level,"",63.01,64.01,,,66.0
012-MGD2LKN,Kanpur,26.47222222222222,80.3786111111111,Level,"",112.0,114.0,,,114.08
012-MGD3VNS,Kuldah Bridge,24.410833333333333,81.70416666666667,Base,"",237.25,238.25,,,245.18
012-MGD4PTN,Sonbarsa,26.841666666666665,85.58555555555554,Level,"",80.85,81.85,,,83.2
012-MGD5PTN,Darauli,26.075,84.12694444444443,Level,"",59.82,60.82,,,61.82
012-NDBHP,Barmanghat,23.022777777777776,79.03194444444445,Base,"",322.0,323.0,,,331.32
012-SRDCBE,ELUNUTHIMANGALAM,11.031666666666668,77.8875,Base,"",132.0,133.0,,129.08,133.22
012-SWRDKOCHI,NEELEESWARAM,10.18361111111111,76.49555555555555,Level,"",9.0,10.0,,,12.4
012-TDSURAT,YERLI,20.93638888888889,76.47416666666666,Base,"",221.0,223.0,,,233.7
012-UBDDIB,Naharkatia,27.29388888888889,95.33138888888888,Level,"",119.4,120.4,,,122.69
012-UGDHYD,Gangakhed W/L Station,18.979999999999997,76.75,Level,"",374.0,375.0,,,377.24
012-UKDPUNE,Wadakbal,17.534166666666668,75.88472222222222,Base,"",426.5,427.5,,,430.6
012-UYDDEL,Mawi ,29.3825,77.15444444444445,Level,"",231.0,231.5,,,232.75
012-WGDNGP,Nandgaon,20.525555555555556,78.80888888888889,Base,"",,,,,213.63
013 NDBHP,Sandia,22.91611111111111,78.34777777777778,Base,"",310.53,311.53,,,318.55
013-CDBNG,M.H. HALLI,12.82,76.14111111111112,Base,,844.0,846.0,,,846.655
013-CDJAPR,Manderial,26.280833333333334,77.2761111111111,Level,"",164.0,165.0,,,170.05
013-DDASL,DURGAPUR BARRAGE,23.46638888888889,87.31638888888888,Inflow,,,,,,
013-ERDBWN,Swampatna,21.616666666666667,85.91666666666667,Base,"",,311.1,,,316.3
013-HGDDDN,Marora ,29.937305555555557,78.70244444444445,Base,SATPULI,555.0,556.0,,,556.6
013-HYDCHENNAI,Sullurpet,13.707777777777777,80.01,Base,"",5.0,6.0,,,7.4
013-LBDJPG,KHANITAR,27.17777777777778,88.51333333333334,Base,"",,,,,298.4
013-LGD3BEH,KALNA (Ebb),23.220277777777778,88.37249999999999,Base,,7.03,7.63,,,10.3
013-LGDHYD,Pathagudem,18.81638888888889,80.35,Base,"",98.45,99.75,,,103.61
013-LKDHYD,Mantralayam,15.94,77.42,Level,"",310.0,312.0,,,318.77
013-LYDAGRA,MADLA,24.732499999999998,80.00694444444444,Base,"",181.5,182.5,,,185.45
013-MAHGAND,Hathmati Weir,23.60777777777778,72.9675,Base,"",,,,,146.4
013-MBDGHY,Chotabekra,24.68027777777778,93.10249999999999,Base,"",,26.2,,,32.1
013-MDBURLA,Dharamjaigarh,22.47722222222222,83.21416666666667,Base,,,,,,279.575
013-MDSIL,Belonia,23.25888888888889,91.46611111111112,Base,Belonia,14.0,15.0,,,18.515
013-MGD1LKN,Uskabazar,27.18888888888889,83.12555555555555,Base,"",82.52,83.52,,,85.62
013-MGD2LKN,Dalmau,26.060833333333335,81.0286111111111,Level,"",98.36,99.36,,,99.84
013-MGD3VNS,Chopan,24.529722222222222,83.02305555555556,Base,"",170.0,171.0,,,175.61
013-MGD4PTN,Kamtaul,26.35388888888889,85.80638888888889,Level,"",49.0,50.0,,,53.05
013-MGD5PTN,Gangpur Siswan,25.940555555555555,84.39222222222223,Level,"",56.04,57.04,,,58.26
013-SRDCBE,MUSIRI,10.938055555555556,78.44027777777778,Level,"",82.115,83.115,,80.92,86.98
013-SWRDKOCHI,KALAMPUR,9.990555555555554,76.63222222222221,Base,"",12.64,13.64,,,17.47
013-TDSURAT,TESKA,21.815,77.77361111111111,Base,,465.0,475.53,,,473.5
013-UBDDIB,Chenimari (Khowang),27.31222222222222,94.88166666666666,Level,"",101.11,102.11,,,104.23
013-UGDHYD,Zari,19.39472222222222,76.77333333333333,Base,"",380.0,381.0,,,387.38
013-UKDPUNE,Anjanari,16.934722222222224,73.51416666666667,Base,,16.5,17.5,,,20.5
013-UYDDEL,Baghpat,28.988055555555558,77.20277777777778,Base,"",215.5,216.5,,,217.18
013-WGDNGP,Ghugus,19.95583333333333,79.10083333333333,Base,"",,,,,185.48
014-CDJAPR,Chittorgarh,24.899722222222223,74.63388888888889,Base,"",406.9,407.9,,,409.235
014-DDASL,JAMALPUR,23.083055555555557,87.93333333333334,Base,"",,,,,23.75
014-ERDBWN,Champua,22.06888888888889,85.67055555555557,Base,,,,,,379.06
014-HGDDDN,Rishikesh,30.103055555555557,78.30388888888889,Level,RISHIKESH,339.5,340.5,,,341.72
014-HYDCHENNAI,Arcot,12.91388888888889,79.33305555555555,Base,"",158.69,159.69,,,160.19
014-LGD3BEH,KALNA (flow),23.220277777777778,88.37249999999999,Base,,7.03,7.63,,,10.3
014-LGDHYD,Perur,18.53666666666667,80.37666666666667,Base,venkatapuram,78.15,81.15,,,87.42
014-LKDHYD,Bawapuram,15.8825,77.95722222222223,Base,"",276.0,278.0,,,285.225
014-LYDAGRA,BANDA,25.481388888888887,80.31222222222222,Level,Madla,103.0,104.0,,,113.29
014-MAHGAND,Watrak Dam,23.31833333333333,73.40611111111112,Base,,,,,,
014-MDBURLA,Salebhata,20.983055555555556,83.53694444444444,Base,,,,,,139.93
014-MDSIL,KAILASHAHAR GDSQ SITE,24.3175,91.99388888888889,Level,Kailashahar,24.34,25.34,,,25.95
014-MGD1LKN,Chandradeepghat,27.135555555555555,82.50083333333333,Base,,87.84,88.84,,,92.04
014-MGD2LKN,Lucknow,26.861944444444447,80.94611111111111,Level,,108.5,109.5,,,110.85
014-MGD3VNS,RIHAND DAM,24.21,83.02,Inflow,"",,,268.23,271.27,
014-MGD4PTN,Ekmighat,26.119444444444444,85.87638888888888,Level,"",45.94,46.94,,,49.52
014-MGD5PTN,Chhapra,25.754166666666666,84.7875,Level,"",52.68,53.68,,,54.59
014-NDBHP,Handia,22.496111111111112,76.99333333333334,Base,,271.9,272.9,,,274.9
014-SRDCBE,NALLAMARANPATTY,10.880833333333333,77.98472222222222,Base,"",134.12,135.12,,128.01,138.5
014-SWRDKOCHI,RAMAMANGALAM,9.943611111111112,76.47833333333334,Base,"",8.0,9.0,,,9.8
014-TDSURAT,DEDTALAI,21.513055555555557,76.75722222222223,Base,,283.0,285.0,,,295.0
014-UBDDIB,Dillighat,27.14,95.36999999999999,Base,"",120.43,121.43,,,127.3
014-UGDHYD,Purna,19.183333333333334,77.03305555555555,Base,"",368.0,374.5,,,372.72
014-UKDPUNE,Badlapur,19.16222222222222,73.25416666666666,Base,Badlapur,16.5,17.5,,,26.162
014-UYDDEL,Palla,28.845277777777778,77.21277777777777,Base,"",211.0,212.0,,,212.8
015- MGD3VNS,Shahzadpur,25.665,81.41861111111112,Base,"",89.3,90.0,,83.32,90.42
015-CDBNG,CHUNCHUNAKATTE,12.511111111111111,76.30305555555556,Base,,756.5,758.0,,,759.46
015-CDJAPR,Barod,25.380277777777778,76.32027777777778,Base,"",210.0,215.0,,,223.8
015-CHEJMU,Jammu Tawi (Sidhra),32.76277777777778,74.88444444444445,Base,,316.5,317.0,,,321.1
015-DDASL,HARINKHOLA,22.83861111111111,87.90361111111112,Level,"",11.8,12.8,,,14.6
015-ERDBWN,Anandpur,21.211111111111112,86.12055555555555,Level,"",37.44,38.36,,,41.35
015-HGDDDN,Haridwar ,29.975638888888888,78.18752777777779,Level,HARIDWAR,293.0,294.0,,,296.3
015-HYDCHENNAI,Magaral,12.708333333333332,79.75,Base,"",60.78,61.78,,,62.28
015-LBDJPG,CORONATION,26.901944444444442,88.47222222222223,Base,"",,,,,156.0
015-LGD3BEH,KATWA,23.648777777777777,88.14046111111112,Base,,13.1,14.32,,,15.45
015-LGDHYD,Eturunagaram,18.32,80.46000000000001,Level,"",73.32,75.82,,,77.66
015-LKDHYD,K. Agraharam,16.25777777777778,77.84027777777777,Base,"",281.0,282.0,,,285.3
015-LYDAGRA,SEONDHA,26.171944444444446,78.80416666666666,Base,"",138.0,139.0,,,143.74
015-MAHGAND,Raska WeIr,22.904166666666665,72.74111111111111,Base,"",,,,,38.17
015-MBDGHY,Matijuri,24.649444444444445,92.60888888888888,Level,"",19.27,20.27,,,22.73
015-MDBURLA,Baronda,20.910555555555554,81.88722222222223,Base,,,,,,290.82
015-MDSIL,Katigorah,24.815833333333334,92.64972222222222,Base,,,,,,19.88
015-MGD1LKN,Mukhlispur,26.603055555555557,83.02888888888889,Base,"",77.65,78.65,,,79.84
015-MGD2LKN,Bani,26.651666666666664,80.79416666666667,Base,,114.5,115.5,,,116.5
015-MGD4PTN,Dheng Bridge,26.723888888888887,85.32277777777777,Level,"",70.0,71.0,,,73.47
015-MGD5PTN,Kadirganj,24.912499999999998,85.5936111111111,Base,"",85.0,86.0,,,86.52
015-NDBHP,Tawa Reservoir,22.56222222222222,77.97527777777778,Inflow,tawanagar,,,355.4,356.692,356.692
015-SRDCBE,AMBARAMPALAYAM,10.631388888888889,76.94611111111111,Base,,223.5,224.5,,,224.78
015-SWRDKOCHI,KIDANGOOR,9.674999999999999,76.60277777777777,Base,"",6.16,7.16,,,8.24
015-TDSURAT,BURHANPUR,21.298333333333336,76.23611111111111,Base,"",218.0,220.98,,,239.95
015-UBDDIB,Desangpani,27.046666666666667,94.91222222222223,Base,"",104.26,105.26,,,106.26
015-UGDHYD,Nanded,19.15,77.31,Level,"",351.0,354.0,,,357.1
015-UKDPUNE,Belne Bridge,16.22083333333333,73.59472222222222,Base,,15.5,16.5,,,20.01
015-UYDDEL,Delhi Railway Bridge,28.662499999999998,77.24888888888889,Level,"",204.5,205.33,,,208.66
016-CDBNG,K.M. VADI,12.347222222222223,76.29222222222222,Base,,771.0,772.0,,,773.365
016-CDJAPR,Khatoli,25.679444444444446,76.48388888888888,Base,"",201.0,202.0,,,209.05
016-ERDBWN,Akhuapada,20.916944444444447,86.27972222222222,Level,"",17.83,18.33,,,21.95
016-HGDDDN,"Ch. Charan Singh Madhya Ganga Barrage, Bijnor",29.372777777777777,78.03833333333333,Inflow,"",219.0,220.0,221.5,222.5,220.8
016-HYDCHENNAI,Chengalpet,12.65,79.94722222222222,Base,"",27.5,28.35,,,29.35
016-LBDJPG,SEVOKE,26.88,88.47277777777778,Base,"",,,,,147.3
016-LGD3BEH,PALASIPARA (SEASONAL),23.79416666666667,88.41805555555555,Base,,,,,,14.855
016-LGDHYD,Dummagudem,17.852500000000003,80.88,Level,"",53.0,55.0,,,60.25
016-LKDHYD,Srisailam Reservoir,16.08,78.9,Inflow,"",,,269.75,269.75,
016-LYDAGRA,HAMIRPUR,25.960277777777776,80.1538888888889,Level,"Kalpi,Shahijina",102.63,103.63,,,108.59
016-MAHGAND,Kheroj,24.231111111111108,73.00833333333334,Base,"",215.0,216.0,,,218.0
016-MBDGHY,Dholai,24.59361111111111,92.84527777777777,Base,"",,24.58,,,28.24
016-MDBURLA,Andhiyarkhore,21.834722222222222,81.59722222222221,Base,,,,,,260.2
016-MDSIL,Borkhola,24.924166666666668,92.75333333333333,Base,,,,,,20.4
016-MGD1LKN,Hetimpur,26.736944444444447,83.83305555555555,Base,"",77.42,78.42,,,79.64
016-MGD2LKN,Raebareli,26.198611111111113,81.25111111111111,Level,"",100.0,101.0,,,104.81
016-MGD3VNS,Pratapgarh,25.934166666666666,82.00194444444445,Base,"",84.23,85.23,,,85.34
016-MGD4PTN,Runisaidpur,26.34611111111111,85.48583333333333,Level,"",54.0,55.0,,,58.34
016-MGD5PTN,Lakhisarai,25.184722222222224,86.10194444444444,Base,"",41.347,42.347,,,45.85
016-NDBHP,Narmadapuram,22.756666666666668,77.73166666666667,Level,"",292.83,293.83,,,301.33
016-SRDCBE,THENI,10.001111111111111,77.485,Base,"",282.5,283.5,,,285.67
016-SWRDKOCHI,VANDIPERIYAR,9.573333333333332,77.09055555555555,Base,"",794.2,795.2,,,797.13
016-TDSURAT,HATHNUR,21.07,75.95,Inflow,"",212.0,214.0,214.0,214.11,214.11
016-UBDDIB,Nanglamoraghat,26.985,94.77666666666667,Level,"",93.46,94.46,,,96.49
016-UGDHYD,Yelli,19.03527777777778,77.46666666666667,Base,,,,,,
016-UKDPUNE,Daund,18.473888888888887,74.57638888888889,Base,,504.0,505.0,,,508.8
016-UYDDEL,Mohna,28.223611111111108,77.45583333333333,Base,"",190.5,191.5,,,192.45
016-WGDNGP,P.G. Bridge,19.820833333333333,78.56083333333333,Base,"",,,,,217.98
017-CDBNG,AKKIHEBBAL,12.598611111111111,76.40055555555556,Base,,753.0,754.0,,,754.8
017-CDJAPR,Aklera,24.429722222222225,76.60388888888889,Base,"",308.0,309.0,,,314.45
017-CHEJMU,Akhnoor,32.90083333333333,74.75888888888889,Base,,322.29,323.29,,,324.29
017-DDASL,Maharo,24.32361111111111,87.20222222222222,Base,"",,,,,139.03
017-ERDBWN,Keonjhar,21.62777777777778,85.63138888888888,Base,,,,,,463.81
017-HGDDDN,Karnaprayag (P),30.255,79.22111111111111,Base,,772.0,773.0,,,774.05
017-HYDCHENNAI,Vazhavachanur,12.065833333333334,78.97805555555556,Base,"",137.8,138.8,,,142.72
017-LBDJPG,CHEL,26.8625,88.63611111111112,Base,"",,,,,160.8
017-LGD3BEH,KUTHIBARI,23.22583333333333,88.70861111111111,Base,,,,,,12.15
017-LGDHYD,Bhadrachalam,17.669444444444444,80.87388888888889,Level,BHADRACHALAM,45.72,48.77,,,55.66
017-LKDHYD,Nagarjuna Sagar Dam,16.5,79.25,Inflow,"",,,,,
017-LYDAGRA,CHILLAGHAT,25.771666666666665,80.53,Level,,99.0,100.0,,,105.16
017-MAHGAND,Harnav Weir,24.030833333333334,73.1725,Base,"",,,,,236.7
017-MBDGHY,Amraghat,24.605833333333333,92.9538888888889,Base,"",,26.96,,,29.99
017-MDBURLA,Pathardihi,21.341944444444444,81.59277777777777,Base,,,,,,280.02
017-MDSIL,Muhammedpur,24.515833333333333,92.61055555555555,Base,,,,,,27.37
017-MGD1LKN,Salempur,26.291944444444447,83.9363888888889,Base,"",66.12,67.12,,,67.55
017-MGD2LKN,Garhmukteshwar,28.76638888888889,78.14166666666668,Level,"",198.33,199.33,,,199.9
017-MGD3VNS,Jalalpur,25.630277777777778,82.75666666666666,Base,"",72.73,73.73,,,76.23
017-MGD4PTN,Benibad,26.14472222222222,85.69250000000001,Level,"",47.68,48.68,,,50.12
017-MGD5PTN,Gaya,24.770833333333332,85.01222222222222,Base,,109.1,110.1,,,111.31
017-NDBHP,Mandleshwar,22.172222222222224,75.65972222222223,Base,,149.0,150.0,,,158.4
017-SRDCBE,Ambasamudram,9.925555555555555,77.51166666666667,Base,THENI,299.9,300.5,,,301.6
017-SWRDKOCHI,KALLOOPPARA,9.403611111111111,76.65027777777779,Base,"",5.0,6.0,,,9.64
017-TDSURAT,BHUSAWAL,21.06833333333333,75.78027777777778,Base,,,185.32,,,184.9
017-UBDDIB,Bihubar,26.853333333333335,94.80055555555555,Base,"",102.77,103.77,,,104.77
017-UGDHYD,Saigaon,18.05,77.04972222222221,Base,"",549.22,550.22,,,556.08
017-UKDPUNE,Mahad,18.092499999999998,73.46027777777778,Base,"",10.0,11.0,,,13.8
017-UYDDEL,Mathura (Prayag ghat),27.50412222222222,77.68723333333334,Level,"",165.2,166.0,,,169.73
017-WGDNGP,Bamni (Ballarsha),19.814444444444444,79.37916666666666,Level,Balharsha,171.5,174.0,,,176.45
018-CDBNG,T. NARASIPUR,12.230277777777777,76.89444444444445,Base,,640.0,641.0,,,643.25
018-CDJAPR,Salavad,24.3675,76.20583333333333,Base,,,,,,
018-CHEJMU,Ganeshpura_1,33.90416666666667,75.28238888888889,Base,,,,,,1871.78
018-DDASL,Massanjore Dam,24.10638888888889,87.30722222222222,Inflow,"",,121.31,121.31,,122.865
018-ERDBWN,Altuma,20.930833333333336,85.51916666666666,Base,"",,,,,51.08
018-HGDDDN,Satyanarayan,30.051666666666666,78.21833333333333,Base,,337.2,338.2,,,340.3
018-HYDCHENNAI,Kumarapalayam,11.983055555555556,79.68055555555556,Base,"",13.755,14.755,,,15.545
018-LBDJPG,DIANA,26.86388888888889,89.00027777777778,Base,"",,,,,196.55
018-LGD3BEH,RAJMAHAL (SEASONAL),25.057222222222222,87.83555555555554,Base,,,25.99,,,26.94
018-LGDHYD,Sangam (Kinnerasani),17.599722222222223,80.81638888888888,Base,"",,,,,57.3
018-LKDHYD,Wadenepally,16.79416666666667,80.07305555555556,Base,"",,,,,42.494
018-LYDAGRA,RAJAPUR,25.387777777777778,81.15444444444445,Base,"",92.5,93.5,,,96.37
018-MDBURLA,Kotni,21.22083333333333,81.24111111111111,Base,,,,,,280.08
018-MDSIL,Lala,24.60777777777778,92.61361111111111,Base,,,,,,24.94
018-MGD1LKN,Balrampur,27.435277777777777,82.22944444444444,Level,Balrampur,103.62,104.62,,,106.07
018-MGD2LKN,Bhitaura,26.041944444444447,80.85944444444443,Base,"",99.86,100.86,,,101.98
018-MGD3VNS,MAIGHAT,25.63888888888889,82.8611111111111,Base,"",71.46,72.46,,,74.96
018-MGD4PTN,Hayaghat,26.036944444444448,85.88722222222223,Level,"",44.72,45.72,,,48.96
018-MGD5PTN,Mankatha,25.21333333333333,86.07027777777778,Base,"",39.786,40.78,,,42.88
018-NDBHP,Mortakka,22.223055555555554,76.0436111111111,Base,"",163.0,163.98,,,173.736
018-SRDCBE,PARAMAKUDI,9.553333333333335,78.58638888888889,Base,"",39.6,40.5,,,41.475
018-SWRDKOCHI,MALAKKARA,9.329166666666666,76.66388888888889,Level,"",6.0,7.0,,,9.58
018-TDSURAT,SAVKHEDA,21.149444444444445,75.23194444444445,Base,,155.0,156.0,,,166.08
018-UBDDIB,Sivasagar,26.981666666666666,94.57916666666667,Level,"",91.4,92.4,,,94.35
018-UGDHYD,Singur Reservoir,17.75,77.93,Inflow,Sangareddy,,,523.6,523.6,
018-UKDPUNE,Kokangaon,17.28638888888889,75.63722222222223,Base,"",456.5,457.6,,,458.6
018-UYDDEL,Mathura (Gokul Barrage),27.4425,77.71361111111112,Base,"",,,,,166.5
018-WGDNGP,Sakmur,19.559166666666666,79.61166666666666,Base,"",,,,,161.42
018MAHGAND,Dharoi Dam,24.004444444444445,72.85388888888889,Inflow,"",,,,,
019-CDBNG,T. BEKKUPE,12.507222222222222,77.42805555555556,Base,,607.0,608.0,,,610.52
019-CDJAPR,A.B.Road X-ing,24.34611111111111,77.10777777777777,Base,"",400.0,401.0,,,403.0
019-CHEJMU,GHOUSHAL,32.54611111111111,76.97194444444445,Base,,,,,,2855.53
019-ERDBWN,Panposh,22.22694444444444,84.80222222222221,Base,,,,,,181.44
019-HGDDDN,Dharasu,30.610833333333336,78.31638888888888,Base,,835.0,836.0,,,841.6
019-HYDCHENNAI,Villupuram,11.870555555555557,79.45944444444444,Base,"",43.0,44.0,,,45.7
019-LBDJPG,GHISH,26.872222222222224,88.61166666666666,Base,"",,,,,164.8
019-LGD3BEH,BAHIRGACHI,25.184722222222224,88.08277777777778,Base,,,,,,24.64
019-LGDHYD,Sangam (Murredu),17.59361111111111,80.82166666666666,Base,"",,,,,57.48
019-LKDHYD,Dameracherla,16.739166666666666,79.66972222222223,Base,"",,62.04,,,62.5
019-LYDAGRA,PRATAPPUR,25.299444444444447,81.56555555555555,Base,"",88.0,89.0,,,90.298
019-MBDGHY,Amarpur,23.528333333333332,91.65277777777779,Base,"",30.5,31.5,,,33.1
019-MDBURLA,Simga,21.63277777777778,81.68472222222222,Base,,,,,,257.68
019-MDSIL,Patharkandi,24.578055555555554,92.31388888888888,Base,,,,,,23.52
019-MGD1LKN,Bansi ,27.189166666666665,82.94,Level,Bansi ,83.9,84.9,,,86.27
019-MGD2LKN,Bewar,27.23611111111111,79.32916666666667,Base,"",,,,,143.5
019-MGD3VNS,Akbarpur,26.429166666666667,82.54861111111111,Base,"",82.85,83.85,,81.182,86.35
019-MGD4PTN,Saulighat,26.418055555555558,85.85305555555556,Base,"",51.37,52.37,,,55.1
019-MGD5PTN,Palmerganj,24.858611111111113,84.31138888888889,Base,"",96.5,97.5,,,99.13
019-NDBHP,Gadarwara,22.92388888888889,78.79194444444444,Base,,332.0,334.0,,,332.47
019-SRDCBE,IRRUKKANKUDI,9.324166666666667,77.99055555555556,Base,"",49.9,50.5,,,51.695
019-SWRDKOCHI,PATTAZHY,9.072777777777777,76.7611111111111,Base,"",7.0,8.0,,,13.805
019-TDSURAT,GIDHADE,21.294722222222223,74.80916666666667,Base,,137.0,138.0,,,144.89
019-UBDDIB,Neamatighat,26.860555555555557,94.25166666666667,Level,"",84.54,85.54,,,87.47
019-UGDHYD,Nizamsagar Reservoir,18.22,77.96000000000001,Inflow,"",,,428.24,428.24,
019-UKDPUNE,Shirdhon,17.36861111111111,75.59416666666667,Base,"",441.4,442.1,,,442.22
019-UYDDEL,Galeta,29.0825,77.43722222222223,Base,"",214.0,215.0,,,217.72
019-WGDNGP,Salebardi,20.912499999999998,79.92722222222223,Base,"",,,,,233.55
019MAHGAND,Derol Bridge,23.575277777777778,72.80638888888889,Base,"",91.0,92.0,,,95.83
020-CDBNG,T.K.HALLI,12.411944444444444,77.19277777777778,Base,,585.0,586.0,,,588.05
020-CDJAPR,Sarangpur,23.580555555555556,76.46805555555555,Base,"",420.0,421.0,,,420.75
020-CHEJMU,UDAIPUR,32.721805555555555,76.66280555555556,Base,,,,,,2609.15
020-DDASL,Tilpara  Mihirlal Barrage,23.94638888888889,87.525,Inflow,"",62.484,62.789,62.79,61.789,67.053
020-ERDBWN,Gomlai,21.834444444444443,84.91277777777778,Base,,,,,,147.66
020-HGDDDN,Chamiyala,30.473055555555554,78.63055555555555,Base,,924.0,925.0,,,926.8
020-HYDCHENNAI,Kudalaiyathur,11.422222222222222,79.47222222222223,Base,"",17.3,18.3,,,18.892
020-LBDJPG,NEORA,26.879166666666666,88.77333333333333,Base,"",,,,,166.7
020-LGD3BEH,BARIOL,25.534722222222225,88.05749999999999,Base,,,,,,29.25
020-LGDHYD,Sukma,18.384444444444444,81.66250000000001,Base,"",198.065,199.565,,,203.4
020-LKDHYD,Polampalli,17.015555555555554,80.17166666666667,Base,"",,,,,72.96
020-LYDAGRA,NAINI,25.426111111111112,81.84722222222221,Level,Chillaghat,83.74,84.74,,,87.99
020-MAHGAND,Subhash Bridge,23.06138888888889,72.58555555555554,Level,"",44.09,45.34,,,47.45
020-MDBURLA,Jondhra,21.716944444444444,82.33833333333332,Base,,,,,,230.595
020-MDSIL,Kadamtala,24.503055555555555,92.2175,Base,,,,,,17.95
020-MGD1LKN,Maniram,26.852777777777778,83.3261111111111,Base,"",77.16,78.16,,,78.65
020-MGD2LKN,Gagan Moradabad,28.795555555555556,78.76527777777778,Base,,,,,,191.2
020-MGD3VNS,SATNA,24.54888888888889,80.90666666666667,Base,"",295.77,296.77,,,299.27
020-MGD4PTN,Jainagar,26.59,86.14750000000001,Level,"",67.5,68.5,,,71.35
020-MGD5PTN,Kinjer,25.218055555555555,84.82583333333334,Base,"",64.0,65.0,,,67.95
020-NDBHP,Belkhedi,22.928055555555556,79.33999999999999,Base,,349.0,350.0,,,359.95
020-SRDCBE,A.P.PURAM,8.901388888888889,77.64861111111112,Base,,67.4,68.5,,,69.57
020-SWRDKOCHI,THUMPAMON,9.227777777777778,76.7,Base,"",9.0,10.0,,,13.735
020-TDSURAT,SARANGKHEDA,21.428333333333335,74.52722222222222,Base,"",132.05,132.5,,,127.08
020-UBDDIB,Daporizo,27.993333333333336,94.22333333333333,Base,"",208.55,209.55,,,213.9
020-UGDHYD,Degloor,18.545555555555556,77.5775,Base,"",362.85,363.85,,,364.85
020-UKDPUNE,Talikot,16.483611111111113,76.28444444444445,Base,,498.0,499.25,,,503.475
020-UYDDEL,Masani,28.20138888888889,76.74388888888889,Base,"",240.5,241.5,,,242.58
020-WGDNGP,Wairagarh,20.421944444444446,80.09166666666667,Base,"",,,,,217.38
021-CDBNG,THIMMANAHALLI,12.985277777777776,76.03777777777778,Base,,912.36,913.86,,,912.725
021-CDJAPR,Sangod,24.961111111111112,76.29777777777778,Base,"",254.0,256.0,,,256.681
021-CHEJMU,TANDI,32.55027777777777,76.98,Base,,,,,,2855.31
021-DDASL,TANTLOI,24.044722222222223,87.27111111111111,Base,"",94.406,95.406,,,100.425
021-ERDBWN,Rengali D/S,21.273055555555555,85.03055555555555,Base,,,,,,92.25
021-HGDDDN,Nandprayag,30.33111111111111,79.30944444444444,Base,,853.7,854.7,,,856.3
021-HYDCHENNAI,Nallathur,11.002222222222223,79.75138888888888,Base,"",,,,,5.665
021-LBDJPG,Gazoldoba,26.72972222222222,88.58222222222221,Base,,,,,,111.4
021-LGD3BEH,BHALUKA,25.315555555555555,87.82777777777777,Base,,26.94,27.94,,,27.94
021-LGDHYD,Potteru (Potteruvagu),18.189444444444444,81.79805555555555,Base,,126.5,127.5,,,132.03
021-LKDHYD,Keesara,16.71472222222222,80.32027777777778,Base,"",,,,,35.72
021-MBDGHY,Karimganj,24.878611111111113,92.35666666666665,Level,Karimganj,13.94,14.94,,,16.57
021-MDBURLA,Ghatora,22.048611111111114,82.22166666666666,Base,,,,,,254.65
021-MDSIL,Kaliganj,24.783055555555556,92.41111111111111,Base,,,,,,19.88
021-MGD1LKN,Trimohinighat,27.11777777777778,83.42,Base,"",81.44,82.44,,,85.45
021-MGD2LKN,Bhikiasen,29.696944444444444,79.2611111111111,Base,,,,,,790.95
021-MGD3VNS,Mejaroad,25.2375,82.03777777777778,Base,"",83.68,84.68,,,87.18
021-MGD4PTN,Jhanjharpur,26.22694444444444,86.25611111111111,Level,"",49.5,50.5,,,53.11
021-MGD5PTN,Sripalpur,25.50138888888889,85.12083333333332,Level,"",49.6,50.6,,,53.91
021-NDBHP,Dhulsar,22.205555555555556,74.85166666666666,Base,,157.0,158.0,,,159.215
021-SRDCBE,MURAPPANADU,8.714444444444444,77.835,Base,"",19.5,20.5,,,23.66
021-SWRDKOCHI,AYILAM ,8.715277777777777,76.85416666666666,Base,"",6.0,8.5,,,10.685
021-TDSURAT,Ukai Reservoir,21.25,73.58999999999999,Inflow,Songarh,103.32,105.15,105.156,105.539,105.539
021-UBDDIB,Chouldhowaghat,27.448888888888888,94.25,Level,"",99.43,100.43,,,101.31
021-UGDHYD,Betmogra,18.71222222222222,77.525,Base,,365.5,366.5,,,367.5
021-UKDPUNE,Mangaon,18.231388888888887,73.28305555555555,Level,,9.255,10.255,,,10.565
021-UYDDEL,Dadri,28.504722222222224,76.79027777777777,Base,"",212.5,213.5,,,214.98
021-WGDNGP,Rajoli,20.19361111111111,79.66611111111112,Base,"",,,,,191.72
021CHEJMU,Tandi,32.533055555555556,76.98305555555555,Base,,,,,,2855.31
021MAHGAND,Vautha,22.650277777777777,72.535,Base,"",24.0,25.0,,,26.55
022-CDBNG,KOLLEGAL,12.189444444444444,77.10194444444444,Base,,626.0,627.0,,,630.25
022-CHEJMU,MIYAR NALLAH,32.72638888888889,76.66888888888889,Base,,,,,,2616.97
022-DDASL,Narayanpur,23.884166666666665,87.91555555555556,Level,"",26.988,27.988,,,29.69
022-ERDBWN,Talcher,20.91916666666667,85.23666666666666,Base,"",,62.91,,,65.53
022-HGDDDN,Pipalkoti,30.420555555555556,79.41444444444446,Base,,1052.3,1053.3,,,1057.2
022-HYDCHENNAI,Annavasal,10.975,79.7538888888889,Base,"",,,,,5.985
022-LBDJPG,DOMOHANI,26.56277777777778,88.76166666666667,Level,Jalpaiguri,85.65,85.95,,,89.3
022-LGD3BEH,CHUCHURA,22.888055555555557,88.40416666666667,Base,,,,,,7.42
022-LGDHYD,Konta,17.79888888888889,81.39277777777778,Base,"",44.3,48.3,,,50.13
022-LKDHYD,Madhira,16.918055555555558,80.35888888888888,Base,,,,,,52.01
022-LYDAGRA,KAIMAHA,25.139722222222222,79.75083333333333,Base,"",215.2,216.2,,,218.7
022-MAHGAND,Sei Dam ,24.718888888888888,73.19833333333334,Base,"",,,517.93,519.11,519.15
022-MBDGHY,Manughat,23.996111111111112,91.98944444444444,Base,"",,,,,48.04
022-MDBURLA,Kesinga,20.198611111111113,83.21944444444445,Base,,,,,,178.835
022-MDSIL,Sonamura-II,23.485555555555557,91.36638888888888,Base,,,,,,18.67
022-MGD1LKN,Regauli,27.016111111111112,83.21222222222222,Base,"",79.3,80.3,,,82.12
022-MGD2LKN,Rampur,28.78666666666667,78.98611111111111,Base,,,,,,187.9
022-MGD2LKN-GP,Rampur-GP,28.78638888888889,78.9863888888889,Base,,,,,,
022-MGD3VNS,NARHAN,25.209166666666665,83.32666666666667,Base,"",72.23,73.23,,,75.73
022-MGD4PTN,Birpur,26.52,86.93138888888889,Base,"",75.0,76.0,,,76.14
022-MGD5PTN,Japla,24.566944444444445,83.97583333333334,Base,"",124.09,125.09,,,128.04
022-NEID2,PANGKHUAH,22.791111111111114,93.09777777777778,Base,"",,,,,
022-SRDCBE,Vaigai Reservoir,10.053333333333335,77.58916666666666,Inflow,theni,,,279.2,,
022-SWRDKOCHI,KUZHITHURAI,8.302222222222223,77.18861111111111,Base,,2.5,3.5,,,8.83
022-TDSURAT,GHALA,21.297222222222224,73.02527777777777,Base,"",,,,,20.96
022-UBDDIB,Badatighat,26.948888888888888,93.96222222222222,Level,"",81.53,82.53,,,86.21
022-UGDHYD,Bhainsa(State Govt. Site),19.098888888888887,77.96055555555556,Base,"",352.77,353.77,,,354.77
022-UKDPUNE,Nagothane,18.51888888888889,73.1563888888889,Base,"",10.0,11.0,,,13.75
022-UYDDEL,Dhansa,28.534444444444446,76.87055555555555,Level,"",211.44,212.44,,,213.58
022-WGDNGP,Bhatpalli,19.329722222222223,79.50416666666666,Base,"",,,,,169.4
023-CDBNG,HOGENAKKAL,12.121111111111112,77.78194444444445,Base,"",253.0,254.0,,,257.41
023-CDJAPR,Palwa,23.163888888888888,75.40972222222223,Base,,482.0,483.0,,,483.73
023-CHEJMU,Dhamkund,33.24305555555556,75.14583333333334,Base,,618.5,619.5,,,620.5
023-DDASL,SIKATIYA  BARRAGE,24.15,86.25,Inflow,"",,165.22,165.22,164.22,169.24
023-ERDBWN,Jenapur,20.879722222222224,86.01083333333334,Level,"",22.0,23.0,,,24.78
023-HGDDDN,Dosni,29.779999999999998,77.9618888888889,Base,,243.5,244.5,,,247.8
023-LBDJPG,Mekhliganj (R/B),26.328888888888887,88.8625,Level,"",65.45,65.95,,,66.83
023-LGD3BEH,SARALPUR,24.121747222222222,87.8047111111111,Base,,,,,,44.9
023-LGDHYD,Saradaput,18.6125,82.14277777777778,Base,"",233.0,234.0,,,239.767
023-LKDHYD,Paleru Bridge,16.948888888888888,80.04916666666666,Base,"",,,,,80.5
023-LYDAGRA,AGRA(POIYAGHAT),27.254166666666666,78.02305555555556,Base,"",151.4,152.4,,,154.87
023-MBDGHY,Kailashahar,24.316111111111113,91.99305555555556,Level,Kailashahar,24.34,25.34,,,25.95
023-MDBURLA,Kantamal,20.654999999999998,83.7275,Base,,,,,,132.86
023-MDSIL,Sabrum,22.99888888888889,91.72666666666667,Base,,,,,,20.43
023-MGD1LKN,Birdghat ,26.72972222222222,83.34972222222221,Level,Gorakhpur ,73.98,74.98,,,77.54
023-MGD2LKN,Narora Down Stream,28.191111111111113,78.4,Base,"",177.765,178.765,,,180.01
023-MGD3VNS,Goverdhey ghat,23.769166666666667,81.20527777777778,Base,"",354.0,355.0,,349.99,358.8
023-MGD4PTN,Basua,26.108055555555556,86.52833333333334,Level,"",46.75,47.75,,,49.24
023-MGD5PTN,Indrapuri,24.839444444444442,84.13222222222221,Level,"",107.2,108.2,108.3,103.95,108.85
023-SWRDKOCHI,ASHRAMAM,8.158333333333333,77.46000000000001,Base,,4.5,6.0,,,7.1
023-TDSURAT,Surat,21.2,72.82,Level,surat,8.5,9.5,,,12.5
023-UBDDIB,Bokajan,26.015555555555554,93.78722222222223,Base,"",132.0,133.0,,,135.13
023-UGDHYD,Sriram Sagar Reservoir,18.97,78.33999999999999,Inflow,"",,,332.53,333.15,
023-UKDPUNE,Niivali,17.066944444444445,73.45083333333334,Base,"",9.4,11.0,,,15.155
023MAHGAND,Jotasan,24.355555555555558,73.16805555555555,Base,"",290.0,291.0,,,291.61
024- MDSIL,CHIRIPOOL,24.80388888888889,93.02055555555556,Base,,,,,,27.85
024-CDBNG,BILIGUNDULU,12.182222222222222,77.7238888888889,Base,DHARMAPURI,264.0,265.0,,,266.2
024-CDJAPR,Bangpura,24.109722222222224,76.40916666666668,Base,,367.5,368.5,,,371.01
024-DDASL,Jamtara,23.977777777777778,86.85499999999999,Base,"",,,,,146.5
024-ERDBWN,Indupur,20.616388888888892,86.39583333333334,Base,,,,,,9.52
024-HGDDDN,Raysi,29.695,78.05944444444444,Base,,230.0,231.0,,,233.4
024-HYDCHENNAI,Menangudi,10.94888888888889,79.70361111111112,Base,"",,,,,7.94
024-LBDJPG,Chepan,26.492222222222225,89.70083333333334,Base,"",,,,,49.15
024-LGD3BEH,BANPUR,23.453611111111112,88.75194444444445,Base,,,,,,11.265
024-LGDHYD,Kunavaram,17.5675,81.25,Level,"",36.74,38.24,,,51.3
024-LKDHYD,Prakasam Barrage,16.5,80.6,Inflow,"",,,17.39,18.3,
024-LYDAGRA,RAJGHAT,24.768055555555556,78.23611111111111,Base,"",347.5,348.5,,,354.05
024-MDBURLA,RAJIM,20.974999999999998,81.88055555555555,Base,,,,,,283.55
024-MGD1LKN,Bhinga,27.68638888888889,81.82555555555555,Base,"",118.5,119.5,,,120.81
024-MGD3VNS,Jhokho,24.42638888888889,82.20611111111111,Base,"",220.9,221.9,,,224.4
024-MGD4PTN,Baltara,25.540000000000003,86.72472222222223,Level,"",32.85,33.85,,,36.4
024-MGD5PAT,Daltonganj,24.033055555555556,84.06361111111111,Base,"",208.0,209.0,,,210.91
024-SWRDKOCHI,CHAKKALAKUTH,11.264166666666666,76.23861111111111,Base,,19.0,20.0,,,21.815
024-TDSURAT,GADAT,20.85611111111111,72.98472222222222,Base,,11.0,12.0,,,13.985
024-UBDDIB,Numaligarh,26.63138888888889,93.73111111111112,Level,"",77.42,78.42,,,80.16
024-UGDHYD,Gandlapet,18.82111111111111,78.43805555555556,Base,,315.63,316.63,,,317.63
024-WGDNGP,Mirdapalli,19.383333333333333,80.55,Base,"",,,,,241.0
024CHEJMU,Premnagar,33.15555555555555,75.70361111111112,Base,,900.56,901.56,,,902.56
024MAHGAND,Ratanpur,22.975555555555555,72.88361111111112,Base,"",44.0,45.0,,,49.1
025 - MDSIL,UDHARBOND,24.90138888888889,92.9075,Base,,,,,,24.9
025-CDJAPR,Sonkatch,22.981111111111108,76.34388888888888,Base,,460.0,461.0,,,458.78
025-DDASL,GHEROPARA,23.618055555555557,87.70305555555557,Level,"",38.42,39.42,,,43.94
025-ERDBWN,Jaraikela,22.32611111111111,85.08,Base,,,,,,194.63
025-HGDDDN,Chhinka,30.41361111111111,79.36638888888888,Base,,1005.2,1006.2,,,1014.42
025-LBDJPG,Tufanganj,26.308611111111112,89.68194444444445,Level,"",34.22,35.3,,,36.5
025-LGD3BEH,BAJITPUR,23.208055555555553,88.73194444444445,Base,,,,,,12.12
025-LGDHYD,Koida,17.482499999999998,81.38666666666667,Base,"",53.0,55.0,,,60.26
025-LKDHYD,Vijayawada,16.50111111111111,80.625,Base,"",,,,,19.582
025-MBDGHY,Pandu,26.17527777777778,91.66944444444445,Base,"",,,,,49.88
025-MDBURLA,Seorinarayan,21.71833333333333,82.5975,Base,,,,,,224.635
025-MGD1LKN,Kakrahi,27.236666666666668,82.9961111111111,Base,"",84.65,85.65,,,88.97
025-MGD2LKN,Haidergarh,26.65583333333333,81.34972222222221,Base,,,,,,100.62
025-MGD3VNS,Duddhi,24.224166666666665,83.26972222222223,Base,"",207.0,208.0,,,210.54
025-MGD4PTN,Kursela,25.424722222222222,87.23416666666667,Level,"",29.0,30.0,,,32.1
025-MGD5PTN,Mohammad Ganj,24.430833333333336,83.86222222222221,Base,"",144.52,145.52,,,146.66
025-SWRDKOCHI,PERUVAMPADAM,11.3153,76.19635000000001,Base,,26.5,27.5,,,28.1
025-TDSURAT,VARRAI,20.284166666666668,72.99972222222222,Base,,25.3,26.3,,,34.23
025-UBDDIB,Gelabil,26.233888888888888,93.97722222222222,Base,"",96.0,97.0,,,99.34
025-UGDHYD,Mancherial,18.85027777777778,79.44444444444444,Base,"",133.316,134.816,,,139.136
025-UKDPUNE,Phulgaon,18.66638888888889,74.00166666666667,Base,"",548.0,549.0,,,549.95
025-WGDNGP,Kanhargaon,19.961666666666666,77.14833333333334,Base,Washim,,,,,478.035
025CDBNG,ADDOOR,12.928888888888888,74.9538888888889,Base,Mangaluru,5.5,6.5,,,9.2
025MAHGAND,Kheda,22.745833333333334,72.68,Base,"",26.0,27.0,,,28.5
026,Kuthnuor,30.874166666569185,78.30333333305802,Base,,,,,,
026- MDSIL,SIBAPUR,24.784444444444446,92.90722222222223,Base,,,,,,24.12
026-CDJAPR,Astha,23.03611111111111,76.73555555555555,Base,,482.0,483.0,,,481.8
026-DDASL,NUTANHAT,23.545555555555556,87.90694444444445,Base,"",28.5,29.42,,,26.25
026-HGDDDN,Roorkee,29.88,77.89750000000001,Base,,260.5,261.5,,,262.35
026-HYDCHENNAI,Porakudi,10.903611111111111,79.70722222222223,Base,"",,,,,7.2
026-LBDJPG,Nagrakata,26.870555555555555,88.89555555555556,Base,"",,,,,160.8
026-LGD3BEH,BANGAON,23.04638888888889,88.83111111111111,Base,,,,,,8.06
026-LGDHYD,Polavaram site,17.245833333333334,81.65972222222223,Base,"",,,,,28.017
026-LKDHYD,Halia,16.78805555555556,79.33972222222222,Base,,,,,,134.405
026-MDBURLA,Kurubhata,21.981111111111108,83.21055555555556,Base,,,,,,220.4
026-MGD1LKN,Basti,26.784444444444446,82.7125,Base,"",82.64,83.64,,,84.62
026-MGD2LKN,Maigalganj,27.738333333333333,80.26694444444445,Base,,,,,,139.48
026-MGD4PTN,Galgalia,26.51972222222222,88.10583333333332,Base,"",81.3,82.3,,,83.66
026-MGD5PTN,Koelwar,25.57138888888889,84.79777777777778,Level,"",54.52,55.52,,,58.88
026-SWRDKOCHI,POOKKAYAM,12.458333333333332,75.27638888888889,Base,,36.2,37.2,,,36.52
026-TDSURAT,SOLACHAR,20.20888888888889,72.99055555555556,Base,,35.0,36.0,,,43.95
026-UBDDIB,Golaghat,26.504,93.95197222222222,Level,"",88.5,89.5,,,92.45
026-UGDHYD,Kaddam Dam,19.1,78.78999999999999,Inflow,Kaddampudur,,,213.21,,
026-UYDDEL,Kuthnaur,30.874166666666667,78.30333333333333,Base,,1429.5,1430.5,,,1429.3
026-WGDNGP,Mangrul,20.18888888888889,77.98666666666666,Base,"",,,,,290.385
026CDBNG,AVERSHE,13.52138888888889,74.88,Base,Udupi,15.0,16.0,,,17.48
026CHEJMU,Gulabgarh,33.26305555555555,76.17611111111111,Base,,1785.45,1786.45,,,1787.45
026MAHGAND,Swaroopganj,24.663055555555555,72.91277777777778,Base,"",,,335.75,,335.54
027- MDSIL,KALAIN,24.973055555555554,92.55638888888889,Base,,,,,,17.75
027-CDBNG,BANTWAL,12.880833333333333,75.0411111111111,Base,Mangaluru,8.0,9.0,,,13.55
027-CDJAPR,Anthara,25.39388888888889,75.77722222222222,Base,,233.0,235.0,,,235.1
027-DDASL,Phulberia,22.91916666666667,86.62694444444443,Base,"",,,,,135.3
027-ERDBWN,Tilga,22.623333333333335,84.4175,Base,,,,,,379.5
027-HGDDDN,Gangnani,30.896666666666665,78.67750000000001,Base,,1843.0,1844.0,,,1847.5
027-HYDCHENNAI,Gopurajapuram,10.850555555555555,79.78944444444444,Base,"",,,,,3.6
027-LBDJPG,Jaldhaka NH-31,26.56972222222222,88.9375,Level,"",80.0,80.9,,,81.72
027-LGD3BEH,TARINIPUR,22.889666666666667,88.87955555555556,Base,,,,,,5.92
027-LGDHYD,GodavariRlyBridge(Rajahmundry),17.006944444444443,81.76694444444445,Level,"",17.68,19.51,,,20.48
027-LKDHYD,Marella,15.881944444444445,79.91000000000001,Base,,,36.0,,,36.52
027-MAHGAND,Chitrasani,24.28888888888889,72.49833333333333,Base,,187.0,188.0,,,188.27
027-MDBURLA,Basantpur,21.7275,82.78805555555556,Base,,,,,,219.82
027-MGD2LKN,Ramsanehi Ghat,26.789722222222224,81.56416666666667,Base,,,,,,106.88
027-MGD3VNS,Churhat,24.372777777777777,81.60333333333332,Base,"",242.0,243.0,,,246.5
027-MGD4PTN,Chargharia,26.157777777777778,87.70472222222223,Base,"",45.94,46.94,,,48.85
027-MGD5PTN,Maner,25.72722222222222,84.86805555555554,Level,"",51.0,52.0,,,53.79
027-SWRDKOCHI,THOTTATHINKADAVU,11.361944444444443,76.00194444444445,Base,,15.8,16.8,,,15.05
027-TDSURAT,OZERKHEDA,20.10027777777778,73.27111111111111,Base,"",92.0,93.0,,,96.1
027-UBDDIB,Seppa,27.356944444444444,93.03861111111111,Base,"",339.0,340.0,,,342.6
027-UGDHYD,Sripada Yellampalli Project,18.844166666666666,79.37277777777777,Inflow,Ramagundam,,,148.0,,
027-UKDPUNE,Collem,15.338611111111112,74.24833333333333,Base,,70.0,71.0,,,73.5
027-UYDDEL,Purola,30.798055555555557,78.115,Base,,1199.0,1200.0,,,1198.52
028- MDSIL,NEAIRGRAM,24.76222222222222,92.83694444444444,Base,,,,,,23.76
028-DDASL,Simulia,23.28777777777778,86.36027777777777,Base,"",206.12,207.12,,,207.8
028-HGDDDN,Harshil,31.034722222222225,78.75027777777778,Base,,2494.5,2495.5,,,2496.3
028-HYDCHENNAI,Nandalur,14.254722222222222,79.11638888888888,Base,"",136.62,137.62,,,138.12
028-LBDJPG,Mathabhanga,26.325277777777778,89.23444444444445,Level,"",47.7,48.2,,,49.85
028-LGD3BEH,JIAGANG,24.234722222222224,88.26361111111112,Base,,,,,,20.81
028-LGDHYD,Dowlaiswaram (State Govt Site),16.938333333333333,81.7825,Level,Rajahmundry,14.25,16.08,,,18.36
028-LKDHYD,Doddipadu,15.739999999999998,78.00805555555556,Base,,,,,,289.773
028-MAHGAND,Abu Road,24.49361111111111,72.79027777777777,Level,,258.0,259.0,,,265.4
028-MDBURLA,Surajgarh,21.69361111111111,83.37722222222222,Base,,,,,,201.06
028-MGD1LKN,Jauljibi,29.760555555555555,80.36944444444444,Base,"",606.3,607.3,,,607.9
028-MGD2LKN,Todarpur,27.584722222222222,79.995,Base,,,,,,143.07
028-MGD3VNS,NARAYANPUR,25.20777777777778,83.01138888888889,Base,"",71.41,72.41,,,74.91
028-MGD4PTN,Taibpur,26.3925,88.1575,Level,"",65.0,66.0,,,67.26
028-MGD5PTN,Farakka(FF),24.8,87.92,Level,"",21.25,22.25,,,25.14
028-SWRDKOCHI,KALATHUKADAVU,9.719722222222222,76.77833333333334,Base,,24.8,25.8,,,26.3
028-TDSURAT,MADHUBAN DAM,20.19,73.06,Inflow,SILVASSA,,,79.86,80.6,80.6
028-UBDDIB,Bana,26.99999999996205,94.00000000002788,Base,"",,,,,
028-UKDPUNE,Sarati,17.911944444444444,75.0075,Base,"",474.128,475.128,,,477.808
028-UYDDEL,Aglarpul,30.514444444444443,77.99972222222222,Base,,689.5,690.5,,,689.7
028-WGDNGP,Sirpur (Town),19.509722222222223,79.58638888888889,Level,"",159.95,160.95,,,162.74
028CDBNG,HALADI,13.581666666666667,74.85777777777777,Base,Kundapura,7.0,8.0,,,9.05
028ERDBWN,Sorada,19.755555555555556,84.44305555555556,Base,BERHEMPUR,80.99,81.99,,,83.21
029-CDJAPR,Barodiya,24.433611111111112,76.34055555555555,Base,,323.0,324.0,,,322.82
029-DDASL,Tusuma,23.104444444444447,86.66166666666668,Base,"",140.28,141.28,,,145.3
029-ERDBWN,Purusottampur,19.516666666666666,84.88333333333334,Level,berhempur,15.835,16.835,,,19.655
029-HGDDDN,Gaurikund,30.654444444444444,79.02805555555555,Base,,1975.8,1976.8,,,1977.35
029-HYDCHENNAI,Poondi Satyamoorthy Reservoir,13.18,79.86,Inflow,Thiruvallur,,,42.67,,
029-LBDJPG,Hasimara,26.729166666666664,89.32583333333334,Level,"",116.3,116.9,,,118.5
029-LGDHYD,VALAMURU (Pamuleru),17.633055555555558,81.63611111111112,Base,,,,,,395.82
029-LKDHYD,Suddakal,16.572777777777777,78.42333333333333,Base,,,,,,431.22
029-MAHGAND,Sarotry,24.36916666666667,72.54666666666667,Base,"",190.0,191.0,,,191.5
029-MDBURLA,Jamadarpali,21.56722222222222,83.98166666666667,Base,,,,,,192.22
029-MDSIL,Feni G & D Site,22.978888888888886,91.68222222222222,Base,,,,,,
029-MGD1LKN,GHAT,29.498611111111114,80.12583333333333,Base,"",464.0,465.0,,,475.0
029-MGD2LKN,Sandi,27.271666666666665,79.95,Base,,,,,,130.74
029-MGD3VNS,Ahraura,25.08277777777778,82.92083333333333,Base,"",73.3,74.3,,,77.51
029-MGD4PTN,Araria,26.125,87.49305555555556,Level,"",46.0,47.0,,,49.4
029-MGD5PTN,Azmabad,25.33722222222222,87.26583333333333,Base,,29.54,30.54,,,32.41
029-SWRDKOCHI,KONDAZHY,10.723333333333333,76.40194444444445,Base,,32.3,33.3,,,36.145
029-TDSURAT,NANIPALSAN,20.202777777777776,73.28111111111112,Base,,106.0,107.0,,,110.03
029-UBDDIB,Bhalukpong,27.01638888888889,92.64222222222223,Base,"",139.0,140.0,,,141.79
029-UGDHYD,JANWADA,18.0325,77.4725,Base,,,,,,
029-UKDPUNE,Paragaon,18.56833333333333,74.38055555555555,Base,,514.0,515.0,,,515.72
029-UYDDEL,Sabhawala,30.38111111111111,77.79666666666667,Base,,425.0,426.0,,,426.6
029CDBNG,SANTEGULI,14.434444444444445,74.58888888888889,Base,Kumta,16.0,17.0,,,19.71
030,Gomukhi dam,11.799999999907637,78.81666666710932,Base,"",,,,,
030-CDJAPR,Borkhandi,25.184722222222224,75.93555555555555,Base,,244.5,246.0,,,245.95
030-DDASL,Kangsabati Reservoir,22.965,86.79027777777777,Inflow,"",,134.112,134.11,,135.67
030-ERDBWN,Madhabarida,19.853055555555557,84.62638888888888,Base,"",,60.65,,,61.44
030-HDCHENNAI,Gomukhi Dam,11.77888888888889,78.83027777777778,Inflow,"",,,183.18,,
030-HGDDDN,Gangotri,30.99388888888889,78.94027777777778,Base,,3055.5,3056.5,,,3057.32
030-LBDJPG,Ghugumari,26.28666666666667,89.45972222222223,Level,Cooch Behar,39.8,40.41,,,41.46
030-LGDHYD,Chinturu (Tallagudem/Kummuru),17.74361111111111,81.38666666666667,Level,"",40.5,42.0,,,50.42
030-LKDHYD,Melaganur,15.845555555555556,77.02527777777777,Base,"",,,,,342.38
030-LYDAGRA,Matatila Reservoir,25.1,78.36,Inflow,,,,308.46,310.04,
030-MAHGAND,Dantiwada Dam,24.337777777777777,72.33916666666666,Inflow,"",182.88,185.06,184.1,185.06,186.04
030-MBDGHY,Harangajao,25.115555555555556,92.85666666666665,Base,"",,,,,134.0
030-MDBURLA,Deogaon,21.221944444444443,83.91222222222223,Base,,,,,,130.5
030-MGD1LKN,Kanjyoti,30.02611111111111,80.57777777777777,Base,"",1550.1,1551.1,,,1552.5
030-MGD2LKN,Lalganj,26.11138888888889,80.92222222222223,Base,,,,,,100.0
030-MGD3VNS,Kohdarghat,25.151666666666664,81.98222222222222,Base,"",81.51,82.51,,,85.01
030-MGD4PTN,Dhengraghat,25.850555555555555,87.80611111111111,Level,"",34.65,35.65,,,38.2
030-SRDCBE,KALLIDAIKURICHHI,8.693333333333333,77.46583333333334,Base,"",73.5,74.4,,,78.85
030-SWRDKOCHI,KOTTAPURAM,10.677777777777777,76.20055555555555,Base,,18.5,20.0,,,20.45
030-TDSURAT,SILVASSA,20.268055555555556,72.98555555555555,Base,,29.0,30.0,,,37.26
030-UBDDIB,NT Road Crossing Jia-Bharali,26.8105,92.87963888888888,Level,"",77.5,78.5,,73.0,78.5
030-UGDHYD,JANNEPALLY,18.81361111111111,78.06333333333333,Base,,342.655,343.655,,,344.655
030-UKDPUNE,Navalgund,15.573055555555555,75.37305555555555,Base,,562.0,564.5,,,569.8
030-UYDDEL,Attal,30.761388888888888,77.705,Base,,777.0,778.0,,,778.98
030CDBNG,YENNEHOLE,13.294166666666667,74.98083333333334,Base,Karkala,22.0,23.0,,,26.05
031,Sathanur Dam,12.200000000392668,78.59166666686765,Base,"",,,,,
031-CDJAPR,Dubi,26.19361111111111,76.36777777777777,Base,,226.0,227.0,,,225.24
031-DDASL,Lalgarh,22.583333333333332,87.04388888888889,Base,"",,,,,50.5
031-ERDBWN,Mahendragarh,19.223333333333333,84.2625,Base,"",,,,,568.31
031-HDCHENNAI,Sathanur Dam,12.183055555555555,78.85,Inflow,"",,,222.2,,
031-HGDDDN,Birahi,30.407777777777778,79.3888888888889,Base,,1042.4,1043.4,,,1044.81
031-LBDJPG,Champasari,26.739166666666666,88.42222222222223,Base,"",,,,,120.24
031-LGDHYD,Polavaram Irrigation Project,17.2925,81.64361111111111,Inflow,"",,,,,
031-LYDAGRA,RAJGHAT DAM,24.76,78.23,Inflow,,,,371.0,373.07,
031-MAHGAND,Ambaji,24.323888888888888,72.8611111111111,Base,,,,,,
031-MDBURLA,Khairmal,20.828333333333333,83.98,Base,,,,,,108.31
031-MGD1LKN,Bangapani,29.959444444444443,80.30444444444444,Base,,987.25,988.25,,,991.5
031-MGD3VNS,Chakghat,25.033333333333335,81.73472222222222,Base,"",91.2,92.2,,,96.0
031-MGD4PTN,Jhawa,25.612222222222222,87.78777777777778,Level,"",30.4,31.4,,,34.07
031-MGD5PTN,Garhwa,24.21361111111111,83.87833333333333,Base,,173.55,174.55,,,175.55
031-SRDCBE,HARUR,12.077777777777778,78.50222222222222,Base,,346.22,347.22,,,348.0
031-TDSURAT,VAPI,20.37,72.88,Level,"",18.2,19.2,,,23.76
031-UBDDIB,Tezpur,26.616666666666667,92.79730555555555,Level,"",64.23,65.23,,,66.59
031-UKDPUNE,Mudhol,16.323333333333334,75.28111111111112,Base,,537.0,539.0,,,544.73
031-UYDDEL,Meenus (Khad),30.761388888888888,77.705,Base,,732.5,733.5,,,735.3
031_MGD2LKN,Sitapur,27.571944444444444,80.68583333333333,Base,,128.5,129.5,,,131.1
032-ADSL,Mohanpur,22.398333333333333,87.3436111111111,Level,"",24.73,25.73,,,29.62
032-CDJAPR,Lakheri,25.61888888888889,76.19416666666667,Base,,206.0,206.5,,,215.05
032-ERDBWN,Mohana,19.44472222222222,84.26138888888889,Base,"",,,,,463.6
032-HGDDDN,Brahmakhaal,30.695,78.29722222222222,Base,,1193.0,1194.0,,,1191.72
032-HYDCHENNAI,Wellington Reservoir,11.4,79.08999999999999,Inflow,"",,,72.54,,
032-LBDJPG,MURTI,26.840555555555554,88.82777777777777,Base,"",,,,,141.45
032-LGDHYD,Atreyapuram (Gauthami),16.815,81.81638888888888,Level,Ravulapalem,13.5,15.0,,,15.86
032-LYDAGRA,KIRAOLI,27.124444444444446,77.74138888888889,Base,,168.04,169.04,,,166.86
032-MAHGAND,Kamalpur,23.808333333333334,71.74416666666667,Base,"",37.5,38.5,,,38.98
032-MDBURLA,Marshaghai ,20.409166666666664,86.4925,Base,,,,,,6.15
032-MGD1LKN,Gagrigol,29.90361111111111,79.63472222222222,Base,,1095.5,1096.5,,,1098.5
032-MGD2LKN,Shahjahanpur,27.836944444444445,79.91000000000001,Base,,,,,,146.55
032-MGD3VNS,LALGANJ,24.924722222222222,82.25777777777778,Base,"",137.0,138.0,,,139.15
032-MGD4PTN,Kanti,26.27361111111111,85.30027777777778,Base,"",53.09,54.09,,0.0,56.45
032-MGD5PTN,Fatehpur,25.511666666666667,85.19527777777778,Base,,50.4,51.4,,,52.63
032-SWRDKOCHI,MANIKAL,9.531111111111112,76.91222222222223,Base,,77.4,78.4,,,79.63
032-TDSURAT,DAMAN,20.41,72.83999999999999,Level,"",2.6,3.4,,,4.0
032-UBDDIB,Kheronighat,25.84861111111111,92.885,Base,"",,,,,74.92
032-UGDHYD,Pratappur,19.519444444444442,74.38277777777778,Base,,,,,,527.66
032-UKDPUNE,Koyna,17.4,73.75,Inflow,"",,,659.43,,
032-UYDDEL,Meenus(Tons),30.761388888888888,77.70527777777778,Base,,727.5,728.5,,,730.35
032-WGDNGP,Gosikhurd Dam,20.871944444444445,79.60388888888889,Inflow,Pauni,,,245.5,245.7,245.5
033,Bateshwar,16.829166667001573,81.75472222257275,Base,,,,,,
033-CDJAPR,Tumri,24.328888888888887,75.1563888888889,Base,,413.125,414.125,,,415.625
033-DDASL,Purihansha,23.073888888888888,86.36277777777777,Base,"",194.7,195.7,,,200.25
033-ERDBWN,Kutragada,19.614722222222223,83.55027777777778,Base,,,,,,269.84
033-HDCHENNAI,Mayambadi,11.737499999999999,78.79083333333332,Base,"",220.5,221.5,,,222.0
033-HGDDDN,Dhopaddhaar,30.516944444444444,78.75611111111111,Base,,1381.0,1382.0,,,1382.2
033-LBDJPG,AIE NH XING,26.496602777777778,90.65384444444445,Base,"",,,,,53.33
033-LGDHYD,Kanuru Agraharam (Vashista),16.829166666666666,81.75472222222223,Base,,,,,,14.83
033-LKDHYD,Munugodu,16.554722222222225,80.2063888888889,Base,,,,,,30.13
033-LYDAGRA,BATESHWAR,26.941666666666666,78.57333333333332,Base,,135.96,136.96,,,135.02
033-MAHGAND,Bhakudar (Sipu Dam),24.400277777777777,72.30944444444444,Base,"",,,186.43,,186.48
033-MDBURLA,Kanas (S),20.003888888888888,85.64361111111111,Base,,,,,,5.57
033-MGD1LKN,Thal,29.8275,80.14111111111112,Base,,788.12,789.12,,,790.5
033-MGD2LKN,Shergarh,28.68138888888889,79.33777777777777,Base,,,,,,181.012
033-MGD3VNS,Kairi,24.96361111111111,81.82472222222222,Base,"",92.35,93.35,,,96.37
033-MGD4PTN,Sakra,26.040555555555557,85.55499999999999,Base,"",49.58,50.58,,,51.47
033-MGD5PTN,Kolhachak,25.35138888888889,85.0936111111111,Base,,54.48,55.48,,,56.13
033-SWRDKOCHI,PALAKADAVU,10.424999999999999,76.23777777777778,Base,,4.14,5.14,,,6.08
033-TDSURAT,PINGALWADA,22.110833333333336,73.0786111111111,Base,,16.0,16.9,,,19.25
033-UBDDIB,Kampur,26.152777777777775,92.65333333333334,Level,"",59.5,60.5,,,62.2
033-UKDPUNE,Veer Dam,18.12,74.08999999999999,Inflow,"",,,579.85,,
033-UYDDEL,Kalsi,30.526944444444442,77.85305555555556,Base,,512.0,513.0,,,513.25
033-WGDNGP,Bawanthadi Reservoir,21.541666666666668,79.54166666666667,Inflow,,,,344.4,345.6,345.6
034-CDJAPR,Nahargarh,24.190277777777776,75.23555555555555,Base,,405.255,406.255,,,408.835
034-DDASAL,D P Ghat,22.629722222222224,86.97472222222223,Base,"",55.34,56.34,,,56.995
034-ERDBWN,Gudari,19.404444444444444,83.76638888888888,Base,"",,,,,121.82
034-HDCHENNAI,Kalpadai,11.787222222222223,78.78666666666666,Base,"",204.25,205.25,,,205.75
034-HGDDDN,Suraithota,30.531388888888888,79.74083333333333,Base,,2148.5,2149.5,,,2148.24
034-LBDJPG,BAHALPUR,26.319488888888888,90.46948888888889,Base,"",,,,,35.8
034-LGDHYD,PVNRao Kantanapally Project,18.58611111111111,80.39333333333335,Inflow,"",,,83.0,89.0,
034-LKDHYD,Anantharam,17.446944444444444,79.40972222222223,Base,,,,,,231.1
034-LYDAGRA,RUPAS NAGAR,27.121666666666666,78.53277777777778,Base,,163.5,164.5,,,161.85
034-MDBURLA,Tikarpara,20.598888888888887,84.78138888888888,Base,"",,,,,74.98
034-MGD1LKN,Bageshwar,29.828055555555554,79.7713888888889,Base,,856.6,857.6,,,856.97
034-MGD2LKN,Meerganj,28.51861111111111,79.25166666666667,Base,,,,,,171.671
034-MGD3VNS,NAUDHIYA,24.191388888888888,81.47944444444444,Base,"",299.5,300.5,,,304.02
034-MGD4PTN,Bishunpur,26.0325,85.81472222222222,Base,"",46.4,47.4,,,48.97
034-MGD5PTN,Sultanganj,25.253055555555555,86.73472222222222,Base,,33.5,34.5,,,36.75
034-SWRDKOCHI,PALLIPPADY,10.039444444444444,76.61638888888888,Base,,23.8,24.8,,,25.5
034-TDSURAT,MAHUWA,21.014444444444443,73.14027777777778,Base,,16.0,18.0,,,24.8
034-UBDDIB,Dharamtul,26.168333333333333,92.3586111111111,Level,"",55.0,56.0,,,58.09
034-UGDHYD,Mula Dam,19.35,74.6,Inflow,,,,552.3,,
034-UKDPUNE,Warna Dam,17.13,73.86,Inflow,"",,,626.9,,
034-UYDDEL,Renuka Ji,30.604444444444447,77.44111111111111,Base,,628.0,629.0,,,629.02
034-WGDNGP,Pench Reservoir (Machagora Dam),22.119444444444444,79.17361111111111,Inflow,,,,625.75,626.97,626.97
034MAHGAND,Ganod,21.665555555555553,70.18083333333334,Base,"",32.0,33.0,,,33.85
035,Bhomoraguri,26.610833333333336,92.85388888888889,Base,"",65.0,66.0,,,67.18
035-CDBNG,Kalmane,13.652222222222223,75.17916666666667,Base,,612.5,613.0,,,613.41
035-CDJAPR,Jahazpur,25.634166666666665,75.22444444444444,Base,,320.5,322.0,,,323.1
035-ERDBWN,Gunupur,19.083333333333332,83.80555555555556,Level,"",83.0,84.0,,,88.75
035-HDCHENNAI,Melkalpoondi,11.435277777777777,78.9388888888889,Base,,100.1,101.1,,,101.6
035-HGDDDN,Maneri,30.772777777777776,78.60138888888888,Base,,1422.0,1423.0,,,1426.55
035-LGDHYD,Kothapalle (Sileru),17.825277777777778,81.55277777777778,Base,,,,,,64.135
035-LYDAGRA,BARETHA,26.908055555555553,77.93,Base,,158.8,159.8,,,161.1
035-MAHGAND,Balotra,25.82361111111111,72.22333333333333,Base,,104.5,105.5,,,105.92
035-MDBURLA,Padmavati,20.343888888888888,85.2961111111111,Base,"",,,,,45.78
035-MGD1LKN,Kabir Ganj,28.50861111111111,80.38444444444445,Base,,,,,,165.1
035-MGD4PTN,Kukraha,26.56527777777778,84.44694444444445,Base,,69.6,70.6,,,72.1
035-SRDCBE,Gandhavayal,11.374166666666667,76.99222222222222,Base,,94.5,95.0,,,95.15
035-SWRDKOCHI,PULLAKKAYAR,9.574444444444444,76.88611111111112,Base,,96.2,97.2,,,101.665
035-TDSURAT,DURVESH,19.7125,72.93055555555556,Base,,12.0,13.0,,,16.13
035-UGDHYD,Manjlegaon,19.15,76.18,Inflow,,,,454.0,,
035-UKDPUNE,Ujjani Reservoir,18.07,75.11999999999999,Inflow,"",,,496.83,497.58,
035-UYDDEL,Ganguwala,30.436944444444446,77.5786111111111,Base,,370.5,371.5,,,373.93
035=DDASL,KHARIDWAR,23.000694444444445,86.63944444444445,Base,"",,,,,137.2
035MGD5PAT,Mahnar,25.58277777777778,85.53666666666666,Base,,46.53,47.53,,,48.91
036-CDJAPR,Devliya Khurd,26.018055555555556,75.24972222222222,Base,,319.7,320.7,,,321.1
036-DDASL,SUNDAR DAM,24.93,87.38,Inflow,"",,,110.795,112.85,
036-ERDBWN,Kashinagar,18.848333333333333,83.87305555555555,Level,"",54.1,54.6,,,58.935
036-HDCHENNAI,V.Kallathur,11.4025,78.92972222222222,Base,"",99.15,100.15,,,100.65
036-HGDDDN,Vishnuprayag,30.56222222222222,79.5761111111111,Base,,1436.0,1437.0,,,1445.5
036-LGDHYD,Ankushapur,16.352777777777778,79.63805555555557,Base,,,,,,
036-LYDAGRA,JARAINA,26.43277777777778,77.90222222222222,Base,,172.1,173.1,,,176.5
036-MAHGAND,Gandhav,24.988611111111112,71.68,Base,,35.0,36.0,,,36.4
036-MBDNEW,Diprang Gaon,26.17638888888889,92.08638888888889,Base,,,,,,55.0
036-MDBURLA,Naraj,20.471666666666664,85.76555555555555,Level,Cuttack,25.41,26.41,26.41,27.61,27.61
036-MGD1LKN,Kukea,28.1125,80.83361111111111,Base,,138.8,139.8,,,141.1
036-MGD2LKN,Sehramau (South),27.74361111111111,79.92888888888889,Base,,,,,,145.473
036-MGD3VNS,NIWARI,24.603611111111114,82.77638888888889,Base,"",179.0,180.0,,,182.94
036-MGD4PTN,Saharghat,26.543055555555558,85.8561111111111,Base,"",54.0,55.0,,,58.25
036-SRDCBE,Alandurai,10.951944444444443,76.78527777777778,Base,,445.47,445.97,,,447.6
036-SWRDKOCHI,ARKKANNUR,8.8725,76.84666666666666,Base,,27.0,28.0,,,28.15
036-TDSURAT,LOHARA,20.81638888888889,76.76388888888889,Base,,241.4,243.0,,,242.75
036-UGDHYD,Yeldari Reservoir,19.71,76.75,Inflow,,,,461.772,462.38,
036-UKDPUNE,Hipparagi Barrage,16.55,75.16000000000001,Inflow,"",,,524.87,531.4,
036-UYDDEL,Gaura,30.897222222222222,77.19666666666667,Base,,917.0,918.0,,,921.69
036MGD5PTN,Dighwara,25.741111111111113,84.96305555555556,Base,,53.8,54.8,,,56.3
037 CDBNG,PULIKUKKU,12.71111111111111,75.46916666666667,Base,,83.325,84.325,,,85.105
037-DDASL,PUNASI DAM,23.51,85.67,Base,"",,,,,
037-ERDBWN,Gotta Barrage,18.688055555555557,83.96388888888889,Inflow,"",,,38.1,39.1,39.87
037-HDCHENNAI,Venganur,11.443055555555556,79.02444444444444,Base,"",77.8,78.3,,,78.79
037-LGDHYD,Kerlapal (Malinger),18.291944444444447,81.57,Base,,,,,,157.56
037-LKDHYD,Kurnool Town,15.845,78.0375,Level,"",273.0,274.0,,,281.23
037-LYDAGRA,NEPARI,26.300555555555555,77.59694444444445,Base,,178.5,179.5,,,182.2
037-MBDNEW,Banglabasti,26.199444444444445,92.67333333333333,Base,,,,,,61.4
037-MDBURLA,Alipingal,20.22083333333333,86.14666666666668,Level,"",10.85,11.76,,,13.11
037-MGD1LKN,Chaugurji Ghat,28.393055555555556,81.0075,Base,,,,,,143.1
037-MGD2LKN,Jyoti Jagir,28.38861111111111,79.65,Base,,,,,,171.218
037-MGD3VNS,MADWAS,24.168055555555558,81.8963888888889,Base,"",322.0,323.0,,,325.45
037-MGD4PTN,Chhitaunighat,27.17777777777778,83.96333333333334,Base,,91.5,92.5,,,94.0
037-SWRDKOCHI,ARUVIPURAM,8.42,77.0925,Base,,6.5,8.0,,,12.39
037-TDSURAT,AKOLA,20.708055555555553,76.99305555555556,Base,,279.5,282.45,,,282.45
037-UGDHYD,Karanja Dam,17.88,77.31,Inflow,,,,587.8,,
037-UKDPUNE,Malaprabha Dam,15.821408333333332,75.09671388888889,Inflow,Navilutheertha,,,633.83,633.83,
037-UYDDEL,Kheri,30.779999999999998,77.29777777777778,Base,,782.0,783.0,,,785.8
037MAHGAND,Gungan,22.961666666666666,70.76444444444445,Base,"",17.0,18.0,,,19.59
037MGD5PTN,Sitalpur,25.746111111111112,85.02638888888889,Base,,53.2,54.2,,,55.1
038-CDJAPR,Kalisindh Dam,24.482777777777777,76.22305555555556,Inflow,"",,,316.0,316.0,
038-DDASL,GHANSADIH,23.71388888888889,86.3611111111111,Base,,,,,,144.89
038-HDCHENNAI,Penneswaramadam,12.395555555555555,78.24583333333334,Base,"",442.52,443.52,,,444.02
038-LGDHYD,Talnar,18.585277777777776,81.86166666666666,Base,,,,,,211.28
038-LKDHYD,Avanigadda,16.02,80.91000000000001,Level,"",9.0,11.0,,,11.87
038-LYDAGRA,MANSURPUR,25.945555555555554,80.53138888888888,Base,,105.0,106.0,,,106.92
038-MBDNEW,Machaigaon,27.072222222222223,94.77388888888889,Base,,92.18,93.18,,,94.18
038-MDBURLA,Khandapara,20.2575,85.18611111111112,Base,"",,,,,54.14
038-MGD1LKN,New Motipur,28.264166666666668,81.04833333333333,Base,,,,,,138.041
038-MGD2LKN,Kasmara,27.127222222222223,79.28833333333333,Base,,,,,,152.53
038-MGD4PTN,Bagaha,27.129444444444445,84.04833333333333,Base,,88.4,89.4,,,90.9
038-SRDCBE,Odendurai,11.321666666666667,76.89277777777778,Base,,329.5,330.0,,,331.0
038-SWRDKOCHI,MADAMON,9.363888888888889,76.83777777777777,Base,,100.0,101.0,,,111.0
038-TDSURAT,KURANKHEDA,20.703055555555554,77.24277777777777,Base,,289.55,292.45,,,282.9
038-UKDPUNE,Hidkal Reservoir,16.14318611111111,74.64265,Inflow,Hidkal,,,662.94,662.94,
038-UYDDEL,Fatehgarh,30.172222222222224,77.39222222222223,Base,,272.0,273.0,,,273.75
038CDBNG,BETTADAMANE,13.069166666666666,75.68,Base,,900.0,901.0,,,905.72
038MAHGAND,Sapawada,23.547222222222224,72.01444444444445,Base,,41.0,42.0,,,42.3
039,Krishnagiri Dam,12.474722222222223,78.18583333333333,Inflow,"",,,483.108,484.632,
039 CDBNG,BELUR,13.169722222222221,75.87194444444444,Base,,945.0,946.0,,,947.12
039-CDJAPR,Gudha Dam,25.489444444444445,75.46722222222222,Inflow,"",,,305.85,307.39,
039-DDSAL,PHUSRO,23.761111111111113,86.01277777777777,Base,,,,,,204.9
039-ERDBWN,Thottapalli R/s (APSDPSData),18.779999999999998,83.49,Inflow,"",,,105.0,105.0,
039-LGDHYD,Sangampally (Chintavagu),18.75,80.5786111111111,Base,,,,,,121.945
039-LKDHYD,Singatalur Barrage,15.030000000000001,75.83,Inflow,,,,509.0,,
039-LYDAGRA,BULAKIPURA,26.678055555555556,79.32833333333333,Base,,136.0,137.0,,,137.72
039-MBDNEW,B G Road,27.066944444444445,94.53166666666667,Base,,90.62,91.62,,,92.62
039-MDBURLA,Nimapara,20.060833333333335,86.00638888888889,Level,Nimapara,9.85,10.76,10.76,10.76,11.6
039-MGD1LKN,Ramnagar Bagha,28.156666666666666,81.0925,Base,,,,,,135.902
039-MGD2LKN,Kasganj,27.78777777777778,78.62527777777777,Base,,,,,,172.5
039-MGD3VNS,Arsadpur,25.666666666666668,83.55416666666666,Base,"",64.5,65.5,,,65.6
039-MGD4PTN,Indo-Nepal Border (Bhutahi),26.698611111111113,85.5411111111111,Base,"",67.7,68.7,,,70.2
039-SRDCBE,Kukkalthurai,11.485555555555555,76.8325,Base,,1497.5,1498.5,,,1499.0
039-SWRDKOCHI,NELLIPPALLI,9.027777777777779,76.92472222222223,Base,,18.0,20.0,,,19.83
039-TDSURAT,WANKHED,20.988333333333333,76.71666666666667,Base,,253.75,254.9,,,257.2
039-UYDDEL,Panchkuan,30.13111111111111,77.46722222222222,Base,,275.5,276.5,,,277.1
039LBDJPG,Kokrajhar,26.397572222222223,90.25405833333333,Level,"",41.85,42.85,,,43.6
039MAHGAND,Lowara,21.44388888888889,71.56027777777777,Base,"",64.0,65.0,,,66.05
04-SRDCBE,THOPPUR,11.938333333333334,78.05722222222222,Base,"",326.0,327.0,,,327.46
040-DDASL,BERIA,24.041944444444447,86.4775,Base,,,,,,198.7
040-ERDBWN,Srikakulam,18.313333333333333,83.88416666666667,Level,Srikakulam,10.17,10.8,,,14.53
040-LGDHYD,Jeeraguda,18.949166666666667,82.40611111111112,Base,,550.7,552.2,,,557.08
040-LKDHYD,VALIGONDA,17.365555555555556,79.03222222222222,Base,,,,,,306.28
040-LYDAGRA,ORAI-2 Mangrayan,26.049722222222226,79.39611111111111,Base,,135.0,136.0,,,136.62
040-MAHGAND,Mount Abu,24.586944444444445,72.70361111111112,Base,"",,,,,
040-MBDNEW,Ririgaon,26.672222222222224,93.69194444444445,Base,,79.0,80.0,,,79.51
040-MDBURLA,Pubansa (S),20.462777777777777,86.24916666666667,Base,,,,,,13.46
040-MGD1LKN,Parsa,27.989166666666666,81.21416666666667,Base,,,,,,129.2
040-MGD2LKN,Atrauli,27.980833333333333,78.19916666666667,Base,,,,,,183.0
040-MGD3VAR,MAU,26.947777777777777,83.57583333333334,Base,"",61.92,62.92,,,65.42
040-MGD4PTN,Thakraha,26.792222222222225,84.26972222222223,Base,,76.18,77.18,,,78.68
040-MGD5PTN,Manjhi,25.827222222222222,84.58444444444444,Base,,54.3,55.3,,,57.5
040-SWRDKOCHI,THIRUVARAMBU,8.364166666666666,77.25888888888889,Base,,11.0,12.0,,,15.7
040-TDSURAT,PIMPRI,21.128333333333334,75.66722222222222,Base,,,,,,174.0
040-UKDPUNE,Targaon,17.517777777777777,74.14611111111111,Base,,593.0,594.0,,,594.85
040-UYDDEL,Ghodopipli,30.090555555555554,77.40833333333335,Base,,269.0,270.0,,,271.35
040CDBNG,JANNAPURA,13.05638888888889,75.96138888888889,Base,,922.0,923.0,,,923.95
040LBDJPG,Matigara,26.720277777777778,88.37777777777777,Base,,,,,,124.31
041-CDJAPR,Panchana Dam,26.554166666666667,77.005,Inflow,"",,,258.62,258.62,
041-DDASAL,PUTKI,23.75638888888889,86.35208333333333,Base,"",,,,,
041-ERDBWN,Anakapalli,17.68888888888889,82.99638888888889,Base,,,,,,25.25
041-LGDHYD,Sirimoda,18.62027777777778,82.87166666666666,Base,,,,,,865.325
041-LYDAGRA,MOOSA NAGAR,26.151666666666664,79.96444444444445,Base,,106.0,107.0,,,112.05
041-MBDNEW,Ramdia,26.26527777777778,91.51555555555555,Base,,,,,,46.97
041-MGD1LKN,Madhwapur,27.793055555555558,81.785,Base,,,,,,127.14
041-MGD2LKN,Purwamir,26.199444444444445,80.5375,Base,,,,,,105.66
041-MGD3VNS,Durgawati,25.21638888888889,83.51638888888888,Base,"",67.48,68.48,,,70.98
041-MGD4PTN,Sugauli,26.78388888888889,84.74444444444444,Base,,66.5,67.5,,,69.0
041-MGD5PAT,Doriganj,25.733055555555556,84.82444444444444,Base,,55.2,56.2,,,57.32
041-SRDCBE,KODAGANAR DAM,10.593055555555557,77.97194444444445,Inflow,"",,,200.25,201.75,
041-SWRDKOCHI,THIRUVATTAR,8.327777777777778,77.26694444444445,Base,,8.6,9.6,,,13.275
041-TDSURAT,TALASWADA,20.946666666666665,76.20305555555557,Base,,,,,,228.3
041-UKDPUNE,Muradpur,17.539722222222224,73.52388888888889,Base,,5.0,7.0,,,8.4
041-UYDDEL,Manjhawali,28.373333333333335,77.48833333333333,Base,,192.5,193.5,,,194.19
041CDBNG,ADKASTHALA,12.674999999999999,75.115,Base,"",43.745,44.745,,,46.745
041LBDJPG,Sonapur,26.454166666666666,88.24444444444444,Base,"",,,,,75.24
042-DDASL,Hinglow Dam,23.821944444444444,87.19944444444445,Inflow,"",,,97.84,98.75,
042-ERDBWN,Kurula,19.454166666666666,84.70472222222223,Base,,,,,,32.1
042-LBDJPG,Suldaguri,26.253611111111113,89.61583333333333,Base,,,,,,35.3
042-LGDHYD,Kunturla (Machkund),18.199166666666667,82.64972222222222,Base,,856.66,858.16,,,867.63
042-LYDAGRA,BEHMAI,26.254166666666666,79.59638888888888,Base,,114.0,115.0,,,118.63
042-MBDNEW,Sholmari,26.31388888888889,91.33944444444444,Base,,,,,,42.03
042-MGD1LKN,Gumadighat,27.273055555555555,82.25833333333334,Base,,,,,,98.87
042-MGD2LKN,Bilhaur,26.85527777777778,80.05222222222221,Base,,,,,,126.33
042-MGD3VNS,Chousa,25.50027777777778,83.87888888888888,Base,"",59.39,60.39,,,62.89
042-MGD4PTN,Mohauddin Nagar,25.59472222222222,85.68444444444445,Base,,42.47,43.47,,,44.97
042-SRDCBE,UPPER ANICUT,10.88861111111111,78.58,Inflow,"",,,74.4,76.55,
042-SWRDKOCHI,VELLAIKADAVU,8.498055555555554,77.0125,Base,,9.0,10.0,,,13.71
042-TDSURAT,DHUPESHWAR,20.9575,76.27916666666667,Base,,220.5,222.0,,,
042-UKD PUNE,NANDRE,16.949166666666667,74.52972222222222,Base,,540.17,542.21,,,548.445
042-UYDDEL,Titawi,29.47722222222222,77.51805555555555,Base,,234.0,235.0,,,236.25
042CDBNG,SANOOR,13.180833333333332,74.99444444444444,Base,KARKALA,51.225,52.225,,,55.985
042CDJAPR,Gambhiri Dam,24.699444444444445,74.71555555555555,Inflow,"",,,431.9,433.4,
043-CDJAPR,Kota Barrage,25.17638888888889,75.82583333333334,Inflow,"",,,260.48,260.91,
043-DDASL,PALGANJ,24.116111111111113,86.22166666666666,Base,,,,,,237.9
043-ERDBWN,Melliaputti,18.775277777777777,84.17055555555557,Base,,,,,,55.54
043-HDCHENNAI,Pallamala,13.718055555555555,79.7925,Base,,98.55,99.55,,,100.8
043-LBDJPG,Ambari,26.41638888888889,89.54166666666667,Base,,,,,,42.783
043-LGDHYD,ALLAM VARI GHANAPUR,18.337777777777777,80.43,Base,,,,,,88.68
043-LYDAGRA,JUHIKHA,26.42638888888889,79.245,Base,,115.0,116.0,,,122.58
043-MBDNEW,Nona,26.44361111111111,91.56,Base,,,,,,54.09
043-MDBURLA,Raipur,21.261944444444445,81.60583333333332,Base,,,,,,
043-MGD1LKN,Sonauli Mohammad Pur,26.88361111111111,81.8,Base,,,,,,99.1
043-MGD2LKN,Betalghat,29.55388888888889,79.3436111111111,Base,,746.0,747.0,,,750.45
043-MGD3VNS,Chansura,23.866944444444446,81.21583333333334,Base,"",342.5,343.5,,,347.08
043-MGD4PTN,Bachhwara,25.574166666666667,85.88916666666667,Base,,41.88,42.88,,,44.38
043-SRDCBE,PALLIPALAYAM/Erode,11.360555555555555,77.7461111111111,Base,"",148.25,149.25,,,150.185
043-TDSURAT,NAWTHA,21.4325,76.43777777777778,Base,,246.5,249.0,,,249.6
043-UKDPUNE,Rahu,18.572222222222223,74.27361111111111,Base,,517.5,518.5,,,519.55
043-UYDDEL,Ratanpuri,29.273055555555555,77.6,Base,,217.5,218.5,,,220.2
044-CDJAPR,Kota City,25.196666666666665,75.84444444444443,Level,,239.0,242.0,,,248.68
044-DDASL,CHANDRAPURA,23.732499999999998,86.11527777777778,Base,,,,,,167.3
044-ERDBWN,Sirijholi Nala,19.083055555555557,83.78611111111111,Base,,,,,,82.81
044-HDCHENNAI,DIPURU,14.618611111111111,79.56083333333333,Base,,49.9,50.47,,,50.97
044-LBDJPG,Shaladang,26.301111111111112,89.58472222222221,Base,,,,,,37.04
044-LYDAGRA,MEHNDAGHAT,26.42138888888889,78.91305555555556,Base,,126.0,127.0,,,127.68
044-MBDNEW,Kaliajari,26.27611111111111,92.18861111111111,Base,,,,,,54.91
044-MGD1LKN,Dhobahat,26.60777777777778,82.63694444444445,Base,,,,,,87.735
044-MGD2LKN,Nagina,29.436944444444446,78.47777777777777,Base,,,,,,239.87
044-MGD3VNS,Kasmabad,25.835555555555555,83.75416666666666,Base,"",58.65,59.65,,,62.15
044-MGD4PTN,Dhamaraghat,25.61138888888889,86.60694444444444,Base,,36.5,37.5,,,37.75
044-MGD5PTN,Bankaghat,25.546666666666667,85.27972222222222,Base,,47.0,48.0,,,49.44
044-SRDCBE,BHAVANI BRIDGE,11.438333333333334,77.68083333333334,Base,"",165.85,166.35,,,167.0
044-UYDDEL,Barnawa,29.1075,77.42194444444445,Base,,215.0,216.0,,,216.71
045-CDJAPR,Ranapratap Sagar Reservoir,24.92,75.58,Inflow,,,,352.81,354.18,
045-DDASL,DISHERGARH,23.683888888888887,86.82305555555556,Base,,,,,,93.81
045-ERDBWN,Sankhili Rd Bridge,18.569444444444443,83.7375,Base,,,,,,46.36
045-HD CHENNAI,THIRUVALAM,12.98472222222222,79.26722222222222,Base,,197.5,198.05,,,198.55
045-HDCHENNAI,Verupakshapuram,13.794444444444444,79.70222222222222,Base,,56.335,57.335,,,57.835
045-LYDAGRA,BAGCHINI,26.485555555555557,77.81555555555555,Base,,166.0,167.0,,,169.14
045-MBDNEW,Kamarpur,26.201944444444443,92.02166666666666,Base,,,,,,53.91
045-MDBURLA,Gopalpur,22.053055555555556,83.70333333333333,Base,,,,,,
045-MGD1LKN,Gharighat,27.00861111111111,82.49555555555555,Base,,,,,,90.01
045-MGD2LKN,Fica Barrage D/S,29.30388888888889,78.79222222222222,Base,,,,,,236.8
045-MGD3VNS,SOHAR,24.31722222222222,82.27222222222223,Base,"",254.0,255.0,,,256.39
045-MGD4PTN,Badlaghat,25.571666666666665,86.59027777777777,Base,"",35.31,36.31,,,37.81
045-SRDCBE,SRI RANGAM,10.847222222222223,78.6888888888889,Base,"",,,,,
045-UBDDIB,Doomdooma,27.5675,95.55027777777778,Base,,117.0,118.0,,,119.53
045-UYDDEL:,Baleni,28.95888888888889,77.47,Base,,210.0,211.0,,,211.53
046,Yazali,27.39527777777778,93.7575,Base,"",627.4,628.4,,,629.4
046-CDJAPR,Jawahar Sagar  DAM,25.03666666666667,75.67833333333334,Inflow,,,,298.7,300.84,
046-DDASL,DAMODAR RLY. BRIDGE,23.64388888888889,86.89611111111111,Base,,,,,,93.39
046-ERDBWN,Janjhavati Rd.Bridge,18.861111111111114,83.45972222222223,Base,,,,,,119.22
046-HDCHENNAI,Kalasapadu,15.112499999999999,78.93805555555556,Base,,191.26,192.26,,,192.76
046-LBDJPG,Baladoba,26.01888888888889,89.82944444444443,Base,,,,,,30.7
046-LYDAGRA,CHANDPUR DABRA,25.834166666666665,78.37194444444444,Base,,187.3,188.3,,,198.15
046-MBDNEW,Simultala,26.243333333333336,92.12444444444444,Base,,,,,,58.9
046-MDBURLA,Kishan Nagar ,20.42666666666667,86.08916666666666,Base,,,,,,15.98
046-MGD1LKN,Gola Bazaar,26.335555555555555,83.35749999999999,Base,,,,,,73.94
046-MGD2LKN,Ramnagar Barrage D/S,29.15861111111111,79.03888888888889,Base,,,,,,221.83
046-MGD3VNS,NIGAI,24.46222222222222,83.23222222222222,Base,"",159.0,160.0,,,162.84
046-MGD4PTN,Dalsingh Sarai,25.71638888888889,85.65361111111112,Base,,41.84,42.84,,,44.34
046-MGD5PTN,Rajhara,24.150555555555552,84.00861111111111,Base,,181.21,182.21,,,183.21
046-SRDCBE,LAKSHMANANPATTI,10.498055555555554,77.94583333333334,Base,"",217.9,218.9,,,219.8
046-UYDDEL,Noida,28.602222222222224,77.42416666666666,Base,,195.0,196.0,,,197.28
047,Hayuliang,28.073888888888888,96.49638888888889,Base,,493.1,494.1,,,497.89
047-CDJAPR,Mandsour,24.05611111111111,75.07527777777777,Base,,429.0,430.0,,,433.11
047-DDASL,CHITRANJAN,23.873055555555556,86.93027777777779,Base,,,,,,121.8
047-ERDBWN,Madduvalasa Reservoir,18.5875,83.61972222222222,Inflow,"",,,65.0,65.0,
047-HDCHENNAI,Narasingarayainpet,13.183333333333334,79.20805555555556,Base,,268.09,269.09,,,269.59
047-LBDJPG,Singimari,26.11277777777778,89.35,Base,,,,,,31.85
047-LYDAGRA,UNNAO BALAJI,25.5625,78.59277777777777,Base,,207.5,208.5,,,208.8
047-MBDNEW,Malibari,26.0775,91.10555555555555,Base,,,,,,42.96
047-MDBURLA,Tarpur ,20.35777777777778,86.23,Base,,,,,,11.65
047-MGD1LKN,Parsohan Ghat,27.39527777777778,82.5625,Base,,94.55,95.55,,,97.88
047-MGD2LKN,Kathgodam,29.2675,79.54833333333333,Base,,,,,,501.99
047-MGD3VNS,TENDUI,25.380277777777778,82.8286111111111,Base,"",69.21,70.21,,,73.71
047-MGD4PTN,Moujabadi,26.143333333333334,87.90583333333333,Base,,51.05,52.05,,,53.55
047-MGD5PTN,Bariyarpur,25.28111111111111,86.58166666666666,Base,,36.64,37.64,,,40.13
047-SRDCBE,SANARPATTI,10.285555555555556,78.0961111111111,Base,"",,,,,
047-UYDDEL,Rahimpur,28.09472222222222,77.47722222222222,Base,,185.0,186.0,,,186.49
048,Kabu basti (Kambang),28.192777777777778,94.77027777777778,Base,,251.7,252.7,,,256.78
048-CDBNG,Savarshe,15.503055555555555,74.13666666666667,Base,,13.5,14.5,,,20.3
048-DDASL,KUSHKARNI,23.95638888888889,87.31277777777777,Base,,,,,,99.6
048-ERDBWN,Jaggaguda,19.11138888888889,83.42416666666666,Base,,,,,,157.25
048-HDCHENNAI,RAYACHOTI,14.06638888888889,78.75527777777778,Base,,339.13,340.13,,,340.63
048-LYDAGRA,SANJAY NAGAR,25.045555555555556,79.18194444444445,Base,,212.87,213.87,,,216.53
048-MBDGHY,Khandong Dam,25.52861111111111,92.63277777777778,Inflow,,,,725.0,,
048-MBDNEW,Magurgaon,26.186944444444446,92.55027777777778,Base,,,,,,59.55
048-MDBURLA,Kathajori Rd.Bridge,20.438333333333333,85.88805555555557,Base,,,,,,22.28
048-MGD1LKN,Muhchurwa Ghat,27.408055555555553,82.77527777777777,Base,,89.79,90.79,,,92.34
048-MGD2LKN,Marchula,29.60611111111111,79.09277777777777,Base,,585.0,586.0,,,587.65
048-MGD3VNS,Devkali,25.54416666666667,83.32666666666667,Base,"",63.91,64.91,,,67.41
048-MGD4PTN,Rauta,26.058333333333334,87.73694444444445,Base,,40.71,41.71,,,43.21
048-MGD5PTN,Kalyanpur,25.254722222222224,86.61472222222221,Base,,36.16,37.16,,,39.98
048-SRDCBE,VADAMADURAI,10.461388888888887,78.05333333333333,Base,"",,,,,
048-UYDDEL,Piprauli,27.828055555555554,77.15805555555556,Base,,186.0,187.0,,,187.32
049,Udaipur,27.33722222222222,95.85027777777778,Base,,145.25,146.25,,,149.5
049 -HD CHENNAI,Puduvayal,13.336666666666668,80.14611111111111,Base,,13.4,14.4,,,15.07
049-CDBNG,Balehonnur,13.351944444444444,75.47083333333333,Base,,102.32,102.82,,,103.32
049-DDASL,SUNDARPUR,23.88111111111111,87.94194444444445,Base,,,,,,26.69
049-ERDBWN,Bhuban Baji Rout Rd.Bridge,20.861666666666668,85.85972222222222,Base,,,,,,29.78
049-LYDAGRA,BIJRONI,24.94472222222222,77.60944444444443,Base,,442.0,443.0,,,446.9
049-MBDNEW,Patacharkuchi,26.505,91.23666666666666,Base,,,,,,47.87
049-MDBURLA,Bhingarpur ,20.262777777777778,85.93305555555555,Base,,,,,,15.86
049-MGD1LKN,Thoothibari,27.415277777777778,83.69277777777778,Base,,,,,,101.56
049-MGD2LKN,Naula,29.741666666666667,79.24694444444445,Base,,820.0,821.0,,,815.52
049-MGD3VNS,Chachar,23.99527777777778,82.53388888888888,Base,"",275.0,276.0,,,277.77
049-MGD4PTN,Amour,25.941388888888888,87.72055555555556,Base,,37.38,38.38,,,39.88
049-MGD5PTN,Ekchari,25.231666666666666,87.20916666666668,Base,,31.23,32.23,,,33.45
049-SRDCBE,Thandalaiputhur,10.99111111111111,78.51333333333334,Base,,91.355,91.855,,,92.185
049-TDSURAT,SHINDKHEDA,21.27472222222222,74.75166666666667,Base,,152.0,153.0,,,157.449
049-UGDHYD,LAXMI BARRAGE,18.703888888888887,80.08916666666666,Inflow,,,,100.0,102.6,
049-UYDDEL,Parkham,27.296944444444446,77.72833333333334,Base,,170.5,171.5,,,171.3
050,Motipur,27.5075,96.16000000000001,Base,,213.5,214.5,,,218.16
050-CDBNG-T,MANANTHAVADY,11.795833333333333,76.00361111111111,Base,,,,,,
050-DDASL,Ghatal,22.66611111111111,87.73916666666666,Base,,,,,,10.19
050-ERDBWN,Bonaigarh,21.8475,84.87583333333333,Base,,,,,,141.1
050-LYDAGRA,MASOODPUR,25.831666666666667,78.24472222222222,Base,,212.0,213.0,,,214.45
050-MBDNEW,Changsari,26.254722222222224,91.66027777777778,Base,,,,,,48.26
050-MDBURLA,Balakati ,20.202222222222222,85.8625,Base,,,,,,16.77
050-MGD1LKN,Chauhan Patti,26.699444444444445,83.98777777777778,Base,,,,,,75.51
050-MGD2LKN,Garjia,29.486944444444447,79.14222222222223,Base,,477.0,478.0,,,479.39
050-MGD3VNS,Karkota,23.94611111111111,82.67083333333333,Base,"",270.5,271.0,,,272.15
050-MGD4PTN,Bathnaha,26.3725,87.23694444444445,Base,,61.56,62.56,,,64.06
050-MGD5PTN,Banka,24.886388888888888,86.93416666666667,Base,,85.75,86.75,,,87.4
050-SRDCBE,Varanavasi,11.092500000000001,79.085,Base,,60.5,61.5,,,62.05
050-TDSURAT,SHIRPUR,21.339444444444442,74.89,Base,,145.0,146.0,,,150.463
050-UYDDEL,Shergarh,27.796666666666667,77.61472222222221,Base,,175.0,176.0,,,177.35
051,Jagibhakatgaon,26.176944444444445,92.2175,Base,,,,,,55.75
051-CDBNG-T,VYTHIRI,11.549722222222222,76.03972222222222,Base,,,,,,
051-DDASL,NATUNGRAM,23.22083333333333,87.03222222222222,Base,,,,,,78.5
051-ERDBWN,Gohira,21.45777777777778,84.69166666666668,Base,,,,,,159.75
051-LGDHYD,Odinaguda_1,18.057222222222222,81.47944444444444,Base,,,,,,68.08
051-LYDAGRA,SARVA,26.40222222222222,78.31888888888888,Base,,162.0,163.0,,,162.1
051-MBDNEW,Satpokholi,26.067777777777778,91.45944444444444,Base,,,,,,44.58
051-MDBURLA,Balanga ,20.039166666666667,85.87888888888888,Base,,,,,,12.2
051-MGD1LKN,Banbasa Barrage,28.995555555555555,80.10555555555555,Inflow,,,,222.96,223.3,224.9
051-MGD2LKN,Anupshahar,28.36388888888889,78.27888888888889,Base,,,,,,181.9
051-MGD4PTN,Sikti,26.410277777777775,87.44972222222222,Base,,60.4,61.4,,,62.9
051-MGD5PTN,Suryagadha,25.2825,86.295,Base,,39.41,40.41,,,40.9
051-SRDCBE,PATTUKOTTAI,10.416944444444443,79.29166666666667,Base,,12.81,13.81,,,14.08
051-TDSURAT,MALPUR(BALASANA),21.284722222222225,74.51333333333334,Base,,198.0,199.0,,,201.62
052- HD CHENNAI,MONNAVEDU,13.223611111111111,79.94527777777778,Base,"",26.975,27.975,,,28.475
052-CDBNG-T,MADAPURA,12.506944444444445,75.67416666666666,Base,,,,,,
052-DDASL,BISHNUPUR,23.115555555555556,87.31333333333333,Base,,,,,,53.98
052-ERDBWN,Kamakshya Nagar Rd. Bridge,20.747222222222224,85.55555555555556,Base,,,,,,43.88
052-LYDAGRA,GATA,26.388333333333332,78.62333333333332,Base,,142.0,143.0,,,144.9
052-MBDNEW,Umsiang,26.074444444444445,92.16527777777779,Base,,,,,,69.04
052-MDBURLA,Daya Rd.Bridge ,20.209166666666665,85.85138888888888,Base,,,,,,16.74
052-MGD1LKN,Katerniaghat Barrage,28.27,81.08999999999999,Inflow,,,,136.8,138.0,
052-MGD2LKN,Bhojpur,28.97138888888889,78.8236111111111,Base,,,,,,200.83
052-MGD4PTN,Kapasiya,26.41861111111111,86.05333333333333,Base,,42.78,43.78,,,45.28
052-MGD5PTN,Saksohra,25.393055555555556,85.705,Base,,32.5,33.5,,,35.14
052-TDSURAT,PRAKASHA(DAMARKHEDA),21.517777777777777,74.39694444444446,Base,,114.0,115.0,,,120.495
052-UBDDIB,Balighat,27.111944444444447,94.155,Base,,86.55,87.55,,,87.55
053 -HD CHENNAI,THIRUNAVALUR,11.748333333333333,79.40527777777778,Base,"",36.2,37.2,,,37.77
053-CDBNG-T,SOMWARPET,12.580555555555556,75.8425,Base,,,,,,
053-DDASL,LAKHIYAPAL,22.90694444444444,87.07055555555556,Base,,,,,,53.95
053-ERDBWN,Purunagarh,21.52638888888889,84.7125,Base,,,,,,198.79
053-LGDHYD,Ghatakusumi,19.119444444444444,82.22361111111111,Base,,,,,,547.37
053-LYDAGRA,BAROOD,24.371944444444445,77.50583333333333,Base,,484.0,485.0,,,489.47
053-MBDNEW,Umkhen-II,25.594166666666666,92.06083333333333,Base,,,,,,942.0
053-MDBURLA,Gunderdehi,20.953888888888887,81.295,Base,,,,,,296.7
053-MGD2LKN,Dhaneta,28.497777777777777,79.27166666666666,Base,,,,,,170.37
053-MGD4PTN,Kakarghatti,26.18861111111111,85.95083333333334,Base,,46.5,47.5,,,49.0
053-MGD5PTN,Pandarak,25.506944444444443,85.74083333333333,Base,,42.7,43.7,,,43.73
053-SRDCBE,BALASAMUDRAM,10.354166666666666,77.56083333333333,Base,,,,,,249.5
053-TDSURAT,SAYGAON,20.50777777777778,74.795,Base,,343.0,344.123,,,346.8
053-UGDHYD,MID MANAIR DAM,18.392777777777777,78.96111111111111,Inflow,,,,318.0,,
054- HD CHENNAI,MANIYAMPATTU,12.22638888888889,79.51472222222222,Base,"",59.79,60.79,,,61.29
054-CDBNG-T,HATTIHOLE,12.481666666666667,75.79444444444444,Base,,,,,,
054-DDASL,NARAJOLE,22.579722222222223,87.61472222222221,Base,,,,,,10.74
054-LYDAGRA,KAITHI,25.76361111111111,80.2863888888889,Base,,99.0,100.0,,,101.99
054-MBDNEW,Silghat,26.618333333333332,92.94111111111111,Base,,67.0,68.0,,,69.42
054-MDBURLA,Maniyari ,21.91611111111111,82.0025,Base,,,,,,236.23
054-MGD2LKN,Bhatpura,28.80888888888889,79.20916666666668,Base,,,,,,184.65
054-MGD4PTN,Jhagarua,26.046666666666667,86.34305555555555,Base,,45.22,46.22,,,47.72
054-MGD5PTN,Danapur,25.63888888888889,85.01361111111112,Base,,50.2,51.2,,,52.61
054-TDSURAT,NARNE,21.12388888888889,75.31694444444445,Base,,151.0,152.0,,,162.4
054-UBDDIB,Subansiri Lower Dam,27.553611111111113,94.25861111111111,Inflow,,,,205.0,208.25,
055-CDBNG-T,MUDIGERE,13.137777777777778,75.64194444444445,Base,,,,,,
055-ERDBWN,Salandi Reservoir,21.279999999999998,86.3,Inflow,"",,,82.3,83.21,
055-LYDAGRA,DEVRA,24.573055555555555,79.64305555555556,Base,,303.4,305.0,,,314.99
055-MBDNEW,Polaguri,26.434444444444445,92.31222222222222,Base,,,,,,59.32
055-MDBURLA,Sarangpal ,20.31407777777778,81.53305555555555,Base,"",,,,,384.53
055-MGD2LKN,Basantpur,29.103055555555557,78.09861111111111,Base,,,,,,211.32
055-MGD4PTN,Nirmali,26.303611111111113,86.5786111111111,Base,,52.78,53.78,,,55.28
055-MGD5PTN,Paliganj,25.32138888888889,84.72305555555556,Base,,68.1,69.1,,,69.14
055-TDSURAT,BAMRUL,20.662499999999998,75.27027777777778,Base,,250.0,251.0,,,255.5
055-UBDDIB,Bogibil,27.3925,94.77666666666667,Base,,101.05,102.05,,,103.05
055-UYDDEL,Ichari Dam,30.613611111111112,77.7911111111111,Inflow,,,,644.75,,
056-CDBNG-T,HADIGE,13.012222222222222,75.73361111111112,Base,,,,,,
056-ERDBWN,Narayanpuram Anicut,18.485,83.80722222222222,Inflow,"",,,32.77,32.77,
056-HD CHENNAI,AYALAMBEDU,13.12861111111111,79.4786111111111,Base,,130.47,130.97,,,131.47
056-LYDAGRA,NARSINGHGARH,24.008055555555554,79.40138888888889,Base,,335.1,336.1,,,338.2
056-MBDNEW,Garampani,26.334444444444443,93.88694444444445,Base,,107.0,108.0,,,107.705
056-MDBURLA,Katghora,22.491666666666667,82.53861111111111,Base,,,,,,313.58
056-MGD-3VNS,VIJAYRAGHAVGARH,23.969166666666666,80.6125,Base,,344.5,345.5,,,351.35
056-MGD2LKN,Seohara,29.23888888888889,78.65694444444445,Base,,,,,,217.12
056-MGD4PTN,Belsand,26.41444444444444,85.4,Base,,58.25,59.25,,,60.75
056-MGD5PTN,Masaurhi,25.301111111111112,85.0775,Base,,55.7,56.7,,,59.54
056-TDSURAT,DUSKHEDE,20.726666666666667,75.38388888888889,Base,,233.9,234.9,,,236.409
056-UYDDEL,Juddo Dam,30.516666666666666,77.88333333333334,Inflow,,,,631.5,,
057-CDBNG-T,MADIKERI ,12.42611111111111,75.72944444444444,Base,,,,,,
057-ERDBWN,Getalsud Reservoir,23.45,85.55,Inflow,"",,,590.06,590.06,
057-HD CHENNAI,NARIYAMPATTU,12.847777777777779,78.72111111111111,Base,,317.78,318.7,,,319.28
057-HGDDDN,Karnaprayag (A),30.265,79.21444444444445,Base,,758.5,759.5,,,761.35
057-LYDAGRA,KURDHANA,25.273055555555555,80.35166666666666,Base,,119.1,120.1,,,119.07
057-MBDNEW,Teok,26.831666666666667,94.41638888888889,Base,,91.66,92.66,,,94.84
057-MDBURLA,Boudh,20.865000000000002,84.31555555555555,Base,,,,,,89.35
057-MGD2LKN,Chupkoli,28.690555555555555,77.84972222222221,Base,,,,,,205.06
057-MGD3VNS,Koilari,23.977777777777778,81.51333333333334,Base,,345.5,346.5,,,350.84
057-MGD4PTN,Bairgania,26.673055555555557,85.24944444444445,Base,,69.72,70.72,,,72.22
057-MGD5PTN,Maujampur,25.694166666666668,84.595,Base,,53.496,54.496,,,55.5
057-TDSURAT,SAGBARA,21.543055555555558,73.795,Base,,,,,,
057-UBDDIB,Dihingmukh,27.255277777777778,94.73916666666666,Base,,97.63,98.63,,,99.63
058-CDBNG-T,SRINGERI,13.429444444444444,75.25861111111111,Base,,,,,,
058-ERDBWN,Galudih Barrage,22.645,86.3963888888889,Inflow,"",,,94.5,,101.25
058-HGDDDN,Shukratal,29.49127777777778,77.99008333333333,Base,,225.5,226.5,,,227.9
058-LYDAGRA,PAILANI DERA,25.77638888888889,80.42166666666667,Base,,99.0,100.0,,,104.45
058-MBDNEW,Krishnai,26.02722222222222,90.66944444444445,Base,,,,,,48.35
058-MDBURLA,Padampur,21.015833333333333,83.10305555555556,Base,,,,,,183.13
058-MGD2LKN,Suyalbari,29.540000000000003,79.55333333333333,Base,,996.0,997.0,,,1005.4
058-MGD4PTN,Lakhoura,26.720555555555553,84.97222222222223,Base,,61.75,62.75,,,64.25
058-MGD5PTN,Jamui,24.960277777777776,86.23833333333333,Base,,68.0,69.0,,,69.61
058-TDSURAT,VELDA,21.479166666666664,74.14361111111111,Base,,,,,,110.0
058-UBDDIB,Doimukh,27.138333333333332,93.75194444444445,Base,,122.5,123.5,,,122.5
059-CDBNG-T,TIRTHAHALLI ,13.691944444444445,75.24833333333333,Base,,,,,,
059-ERDBWN,Telkoi,21.356944444444444,85.40222222222222,Base,,,,,,141.69
059-LYDAGRA,KARWI,25.22111111111111,80.9113888888889,Base,,,,,,139.93
059-MBDNEW,Biswanath Ghat,26.65833333333333,93.1725,Base,,69.0,70.0,,,71.53
059-MDBURLA,Arampur,20.809166666666666,84.61333333333333,Base,,,,,,131.66
059-MGD2LKN,Pilibhit,28.618055555555557,79.79166666666667,Base,,,,,,184.1
059-MGD4PTN,Madhuban,26.446944444444444,85.14111111111112,Base,,59.19,60.19,,,61.69
059-MGD5PTN,Nardiganj,24.941111111111113,85.42750000000001,Base,,78.0,79.0,,,80.32
059-TDSURAT,CHANDAPUR(UCHHAL),21.47722222222222,74.19555555555556,Base,,,,,,108.55
059-UBDDIB,Pagoda,27.773333333333333,95.97583333333334,Base,,146.26,147.26,,,148.81
060 MDBURLA,RAVISHANKAR SAGAR DAM,20.610000000000003,81.56,Inflow,,,,348.7,350.7,350.7
060-CDBNG-T,KOPPA,13.534722222222221,75.04916666666666,Base,,,,,,
060-DDASL,SANKO GHAT,24.156388888888888,88.01722222222222,Base,,19.338,20.338,,,21.53
060-ERDBWN,Mathani Road Bridge,21.66,87.06,Level,"",6.0,6.5,,,7.31
060-LYDAGRA,MARKA,25.6875,80.85111111111111,Base,,99.0,100.0,,,102.95
060-MBDNEW,Langrimukh,25.75777777777778,92.12444444444444,Base,,,,,,76.78
060-MDBURLA,KALMA,21.69472222222222,83.27777777777777,Base,,,,,,202.43
060-MGD2LKN,Maholi,27.658055555555553,80.46472222222222,Base,,131.8,132.8,,,139.08
060-MGD4PTN,Chintawanpur,26.561944444444446,85.05583333333333,Base,,60.45,61.45,,,62.95
060-MGD5PTN,Jehanabad,25.209444444444443,84.98336111111111,Base,,63.0,64.0,,,64.63
060-UBDDIB,BALIJAGAON,27.35388888888889,95.18722222222223,Base,,112.01,113.01,,,114.01
061 MDBURLA,BANGODAM RESERVOIR,22.59,82.57,Inflow,,,,359.66,363.08,363.08
061-CDBNG-T,BALEHONNUR,13.351388888888888,75.4713888888889,Base,,,,,,
061-DDASL,MAMUDPUR,23.839444444444442,87.96833333333333,Base,,21.75,22.75,,,22.47
061-ERDBWN,Rengali Reservoir,21.279999999999998,85.03,Inflow,"",,,123.5,125.4,
061-LYDAGRA,LAMYARI,25.48222222222222,80.99583333333334,Base,,94.5,95.5,,,94.8
061-MBDNEW,Gahampai,25.804166666666667,92.93916666666667,Base,,,,,,81.0
061-MGD2LKN,Sitarganj,29.041666666666668,79.76638888888888,Base,,,,,,223.71
061-MGD4PTN,GANDAK BARRAGE,27.43,83.9,Inflow,,,,110.3,113.05,
061-MGD5PTN,Nawada,24.883888888888887,85.55027777777778,Base,,85.0,86.0,,,86.55
061-TDSURAT,KHOLWAD(KATHORE),21.284722222222225,72.95055555555555,Base,,,,,,13.02
061-UBDDIB,JAGUNGHAT,27.39638888888889,95.88694444444445,Base,,149.5,150.5,,,152.6
062 MDBURLA,MALGAON,20.65722222222222,82.03861111111111,Base,,,,,,329.33
062-CDBNG-T,NARASIMHARAJAPURA,13.607777777777777,75.50861111111111,Base,,,,,,
062-DDASL,GIRIDIH,24.176111111111112,86.3411111111111,Base,,,,,,263.3
062-ERDBWN,Gopiballavpur,22.21972222222222,86.90472222222223,Base,,,,,,38.15
062-HGDDDN,Tehri Dam,30.37777777777778,78.47777777777777,Inflow,,,,830.0,835.0,830.0
062-LYDAGRA,SARDHUA,25.430555555555557,81.08361111111111,Base,,88.0,89.0,,,91.42
062-MBDNEW,Mojowari,25.540000000000003,92.985,Base,,,,,,118.5
062-MGD2LKN,Dulha Dhakia,28.00888888888889,79.79638888888888,Base,,,,,,151.872
062-MGD4PTN,KOSI BARRAGE,26.52,86.92,Inflow,,,,74.69,79.26,
062-MGD5PTN,Hisua,24.849722222222223,85.4675,Base,,87.83,88.83,,,89.43
062-TDSURAT,GAVACHI(VER),21.254444444444445,73.13,Base,,,,,,23.25
062-UBDDIB,GUTANG,27.572777777777777,95.36861111111111,Base,,114.5,115.5,,,118.9
063-CDBNG,Udalshe,15.415833333333333,74.15444444444445,Base,,29.0,30.0,,,33.5
063-LYDAGRA,LAHCHURAGHAT,25.333055555555557,79.28055555555555,Base,,178.0,179.0,,,176.71
063-MBDNEW,Bakalighat,26.05388888888889,93.18111111111112,Base,,,,,,98.15
063-MGD5PTN,Dobhi,24.530277777777776,84.91694444444445,Base,,146.6,147.6,,,148.02
063-UBDDIB,CHOWKHAMGHAT,27.847777777777775,96.02833333333334,Base,,159.8,160.8,,,161.74
064--ERDBWN,Karkari Road Bridge,22.96527777777778,85.53888888888889,Base,,,,,,184.65
064-LYDAGRA,BARCHA,25.139444444444443,80.47833333333334,Base,,126.7,127.7,,,129.4
064-MBDNEW,Rangaphar Siding,24.82638888888889,93.66083333333334,Base,,149.0,150.0,,,149.86
064-MDBURLA,BURLA,21.508333333333333,83.88305555555554,Base,,,,,,
064-MGD5PTN,Manpur,25.233055555555556,86.12277777777777,Base,,40.5,41.5,,,41.83
064-UBDDIB,CHANGWANTI,27.893333333333334,96.82833333333333,Base,,808.0,809.0,,,807.79
065-ERDBWN,Bolani,22.10527777777778,84.85055555555554,Base,,,,,,170.46
065-LYDAGRA,TIGHARA,24.298611111111114,79.965,Base,,302.0,303.0,,,306.5
065-MBDNEW,Chaklagaon,26.385277777777777,90.80666666666666,Base,,,,,,46.18
065-MDBURLA,DUDHAWA,20.323055555120145,81.6816666667335,Base,,,,,,
065-MGD5PTN,Banjari,24.665555555555553,83.99777777777778,Base,,123.89,124.89,,,125.89
065-UBDDIB,MOMPANI,28.043333333333337,96.44333333333334,Base,,448.5,449.5,,,452.2
066-ERDBWN,Bhadrak,21.067777777777778,86.50361111111111,Base,,,,,,13.93
066-MBDNEW,Khudrakhowa,26.306944444444444,90.75111111111111,Base,,,,,,42.82
066-MDBURLA,MURUMSILLI,20.611111111490164,81.68166666636755,Base,,,,,,
066-MGD5PTN,Udwantnagar,25.526944444444442,84.58638888888889,Base,,57.4,58.4,,,59.4
066-MGDLKN,Lucknow MGD-1,26.884444444444444,80.94888888888889,Base,,,,,,
066-UBDDIB,PARSHURAMKUND,27.87777777777778,96.35944444444443,Base,,293.5,294.5,,,295.91
067-ERDBWN,Keshdihi,21.540833333333335,86.20111111111112,Base,,,,,,317.79
067-MBDNEW,Tarabari,26.21833333333333,91.11472222222221,Base,,,,,,47.51
067-MGD5PTN,Bairiya,24.07,84.06555555555555,Base,,201.76,202.76,,,203.76
067-UBDDIB,JAIRAMPUR,27.33277777777778,96.05083333333333,Base,,179.15,180.15,,,184.74
068-ERDBWN,Bhejdih,21.476388888888888,86.2863888888889,Base,,,,,,293.41
068-MBDNEW,Kusumbil,26.41638888888889,90.11333333333333,Base,,,,,,48.2
068-MGD5PTN,Zamania,25.3,83.52805555555555,Base,,66.49,67.49,,,68.49
068-UBDDIB,MURKONGSELEK,27.778888888888886,95.29083333333332,Base,,120.86,121.86,,,120.27
069-ERDBWN,Rd.Bridge D/S of Chandil Dam,22.97083333333333,86.02083333333333,Base,,,,,,141.62
069-LYDAGRA,SEMARKHEDI,24.399722222222223,78.17805555555556,Base,,377.89,378.89,,,381.6
069-MBDNEW,South Salmara,25.888333333333332,90.01583333333333,Base,,,,,,29.17
069-MGD5PTN,Mahgama,24.979166666666664,87.32972222222222,Base,,68.15,69.15,,,70.36
070-DDASL,Maharo (Asanjor),24.32138888888889,87.20444444444445,Base,,,,,,
070-ERDBWN,Brahmnihalua,19.052500000000002,83.43527777777778,Base,,,,,,
070-LYD AGRA,MADIKHERA(ATAL SAGAR) DAM,25.555555555555557,77.85277777777777,Inflow,,,,346.25,346.85,
070-MBDNEW,Kakripara,25.511944444444445,89.87222222222222,Base,,,,,,24.2
070-MGD5PTN,Ahiro,25.934166666666666,87.15027777777779,Base,,51.3,52.3,,,52.85
070-UBDDIB,TAMEN,27.76,94.00888888888889,Base,,282.0,283.0,,,281.0
071-MBDNEW,Pohumara,26.481944444444444,91.11361111111111,Base,,,,,,44.76
071-MGD5PTN,Kathautiya,24.122222222222224,84.06333333333333,Base,,193.04,194.04,,,195.04
071-UBDDIB,TALIHA,28.233888888888888,94.1563888888889,Base,,337.986,338.986,,,314.6
072-ERDBWN,Seethanagaram,18.66222222222222,83.37027777777777,Base,,,,,,
072-MGD5PTN,Yadunathpur,24.522777777777776,83.58777777777777,Base,,146.14,147.14,,,149.35
072-UBDDIB,KOLORIANG,27.898888888888887,93.34305555555555,Base,,770.65,771.65,,,764.6
073-ERDBWN,Kolipal,21.43888888888889,85.18777777777778,Base,,,,,,
073-MGD5PTN,Indrapuri Barrage,24.75,84.16000000000001,Inflow,,,,108.23,108.23,
073-UBDDIB,GIRA (SIYUM),28.35777777777778,94.03583333333333,Base,,434.613,435.613,,,423.01
074-ERDBWN,Bara Ghagara,23.330555555555556,85.35888888888888,Base,,,,,,
074-MGD2LKN,Kalagarh Dam,29.52027777777778,78.75916666666667,Inflow,,,,365.3,366.2,
074-UBDDIB,ETALIN,28.60888888888889,95.86972222222222,Base,,638.0,639.0,,,636.14
075-ERDBWN,Kanke Rd. Bridge,23.45,85.31388888888888,Base,,,,,,
075-UBDDIB,EBRANLI,28.374166666666667,95.93166666666667,Base,,502.0,503.0,,,496.6
076-ERDBWN,Paradih,23.11388888888889,85.615,Base,,,,,,
076-UBDDIB,BOMJIR,28.157777777777778,95.66833333333334,Base,,203.0,204.0,,,203.9
077-ERDBWN,Saraikela Rd. Bridge,22.69361111111111,85.9786111111111,Base,,,,,,
077-UBDDIB,Doyang Hep Reservoir,26.22972222222222,94.26611111111112,Inflow,,,,333.0,,
078-ERDBWN,Dhurwa Dam,23.290000000000003,85.25277777777778,Base,,,,,,
078-UBDDIB,Pare HEP,27.236944444444447,93.81555555555555,Inflow,,,,245.15,246.215,
098-MGD-3VNS,Chunar,25.1325,82.88222222222221,Base,,71.78,72.78,,,75.35
35-MGD3VNS,Saidpur,25.53388888888889,83.22111111111111,Base,"",66.19,67.19,,,69.69
36-UBDDIB,Ranganadi NT Road crossing,27.204166666666666,94.05972222222222,Level,"",93.42,94.42,,,95.92
37-DDASL,BHAIRWA DAM,23.523055555555555,85.6725,Inflow,,,,,,
38-MGD3VNS,REWA,24.774444444444445,81.25972222222222,Base,"",262.5,263.0,,,266.16
38MGD5PTN,Batane,24.42,84.26,Inflow,"",,,232.85,226.618,
40- SRDCBE,KOTTATHARA,11.123333333333333,76.67944444444444,Base,,290.65,291.65,,,295.65
42-UBDDIB,ROING,28.15833333333333,95.845,Base,,444.0,445.0,,,440.7
42MGD5PTN,Annaraj Dam,24.05,83.81,Inflow,,,,252.44,,
43-UBDDIB,BILLE,28.45861111111111,94.68416666666667,Base,,348.0,349.0,,,345.7
43MGD5PTN,Amanat Barrage,24.01,84.47,Inflow,,,,274.39,269.9,
44-LGDHYD,GARIMILLAPALLI,18.446944444444444,79.70472222222223,Base,,,,,,158.38
45-LGDHYD,ELCHIREDDYPALLI (Peddavagu),18.040555555555557,80.715,Base,,,,,,
46-LGDHYD,NAGARAM,18.289166666666667,79.4738888888889,Base,,,,,,174.5
47-LGDHYD,Upper Indravati Dam,19.27611111111111,82.82833333333333,Inflow,,,,642.0,,
48-LGDHYD,Upper Kolab Dam ,18.788611111111113,82.60083333333333,Inflow,,,,858.0,,
49-LGDHYD,Jalaput dam (Machkund),18.453888888888887,82.54694444444445,Inflow,,,,838.2,,
50-LGDHYD,Balimela dam (Sileru),18.140277777777776,82.12277777777777,Inflow,,,,462.07,,
5635,65664,19.81638888888889,75.31305555555555,Inflow,,,,554.0,556.0,556.0
66,Sardar Sarovar Project_Gujarat Reservoir,21.82472222222222,73.74166666666667,Inflow,"",,,138.68,140.21,140.21
66-LYDAGRA,BADAUSA,25.239444444444445,80.66083333333334,Base,,116.25,117.25,,,116.8
738B031C,Chakki Bank,32.24861111111111,75.64916666666667,Base,,,,,,310.14
738B5DB2,Sirsa Khad,31.050555555555555,76.5975,Base,,,,,,277.96
738B967E,Pandoh Dam_BBMB,31.6725,77.06777777777778,Base,,,,,,896.64
738B98AC,Pong Dam_BBMB,31.970277777777778,75.94638888888889,Base,,,,,,433.13
738BB092,Bhakra Dam RL1700_BBMB,31.415555555555553,76.43472222222222,Base,,,,,,514.37
738BC8D0,Nangal_BBMB,31.3972222222222,76.3725,Base,,,,,,351.744
738C2916,Khab_BBMB,31.8233333333333,78.6708333333333,Base,,,,,,
738C34B2,Moin Bridge_BBMB,31.44,77.6277777777778,Base,,,,,,
738C3A60,Swan Khad,31.3569444444444,76.3102777777778,Base,,,,,,340.0
738C4CF0,ShahNehar Canal,31.949722222222224,75.89361111111111,Base,,,,,,
738C5154,UBDC at RD 77060,32.16444444444444,75.5625,Base,,,,,,
738C64CE,Dubbling Bridge_BBMB,31.863055555555558,78.60499999999999,Base,,,,,,
738C77B8,Bist Doab Canal ,30.991944444444446,76.51472222222222,Base,,,,,,
738C873C,Kahu_1,31.211944,76.781111,Base,,,,,,526.697
738C944A,Ballu Raina_BBMB,31.4136111111111,76.6097222222222,Base,,,,,,579.993
738C9A98,Beas at Naushera Mirthal,32.098333333333336,75.61138888888888,Base,,,,,,258.2
738CA1D0,Manali_BBMB,32.2341666666667,77.1883333333333,Base,,,,,,1830.0
738CAF02,Bhunter Beas_BBMB,31.88722222222222,77.14888888888889,Base,,,,,,1096.95
738CB2A6,RD 72000 Silt Ejector Escape,32.17583333333333,75.57,Base,,,,,,
738CC436,Mandi_BBMB,31.7130555555556,76.9333333333333,Base,,,,,,735.4
738CD740,Head Sirhind Feeder Mallawala,31.02722222222222,74.85055555555554,Base,,,,,,
738CD992,Bhunter on Parvati River_BBMB,31.89361111111111,77.14694444444446,Base,,,,,,1101.499
738CE2DA,Sainj _BBMB,31.7266666666667,77.2247222222222,Base,,,,,,975.319
738CEC08,Tirthan_BBMB,31.7225,77.2272222222222,Base,,,,,,974.12
738CF1AC,Sirhind Canal,30.984444444444446,76.5225,Base,,,,,,
738CFF7E,Slapper_BBMB,31.6677777777778,77.0558333333333,Base,,,,,,
738D03D2,Sukheti _BBMB,31.7008333333333,76.9438888888889,Base,,,,,,755.12
738D0D00,Jawali_BBMB,32.1466666666667,76.0244444444444,Base,,,,,,445.0
738D1E76,Nagrota Surian_BBMB,32.00555555555555,76.1563888888889,Base,,,,,,444.09
738D2BEC,,,,Base,,,,,,
738D3648,Lohand_BBMB,31.1752777777778,76.5705555555556,Base,,,,,,285.19
738D6634,Madhopur Headworks_BBMB,32.3669444444444,75.5994444444444,Base,,,,,,352.91
738D68E6,Harike Headworks_BBMB,31.1427777777778,74.9488888888889,Base,,,,,,211.58
738D85C6,Karcham Wangtu PH_BBMB,31.5447222222222,78.0108333333333,Base,,,,,,
7392996E,Kashmir Canal at Head_BBMB,32.38,75.6069444444444,Base,,,,,,349.46
7392A226,D/s Thein Dam (Gammon Bridge)_BBMB,32.4347222222222,75.7430555555556,Base,,,,,,421.0
7397907C,Savandapur,11.52138888888889,77.51,Base,,,,,,
73988598,Lakshmanpatti,10.498055555555554,77.94583333333334,Base,,,,,,219.8
ACHENCOIL,Achencoil,9.092377777777779,77.122,Base,,,,,,
ANK001,ANKUSHAPUR,18.352777777777778,79.63805555555557,Base,,,,,,181.41
ARIANKAVU,Ariankavu,8.975277777777778,77.14916666666667,Base,,,,,,
BARMUL,BARMUL,20.503055555555555,84.89027777777778,Base,,,,,,
BB000D6,PANCHARATNA,26.2094,90.5533,Base,"",,,,,36.65
BKA00D7,SONAPUR,26.120555555555555,91.97833333333334,Base,,,,,,55.5
BV000F5,DUDHNAI,25.980555555555554,90.79055555555556,Base,"",,,,,51.27
BV000FS,Dudhnoi,25.980555555555554,90.79055555555556,Base,,,,,,51.27
BY00045,KULSI,25.979166666666664,91.38583333333334,Base,"",,,,,55.59
CCN00J5,BENDRAHALLI,12.12888888888889,77.08305555555555,Base,,634.0,635.5,,,638.03
CD-NEW-02,Bhut Nallah,33.27166666666667,76.16638888888889,Base,,1786.07,1787.07,,,1788.07
CD-NEW-04,Kuriya Pul,33.37138888888889,75.72111111111111,Base,,97.5,98.0,,,98.6
CD-NEW-05,Kalnai Nallah,33.144444444444446,75.80305555555556,Base,,930.8,931.8,,,932.8
CD-NEW-06,Neeru Nallah,33.092222222222226,75.58944444444444,Base,,1073.33,1074.33,,,1075.33
CD-NEW-07,Dharmari,33.2625,74.83055555555555,Base,,584.0,584.5,,,585.04
CD-NEW-08,Bari Pattan,33.06944444444445,74.36555555555555,Base,,441.59,442.59,,,443.59
CD-NEW-09,Bardoh,32.915277777777774,74.42416666666666,Base,,281.655,282.655,,,283.655
CD-NEW-10,Basantar,32.5225,75.05333333333333,Base,,316.35,317.35,,,318.35
CD-NEW-11,Kathlour,32.245,75.43333333333334,Base,,266.303,267.303,,,268.303
CD-NEW-12,Dah,34.603611111111114,76.50555555555556,Base,,2757.565,2758.565,,,2759.57
CD-NEW-13,Shilikchey (Kargil),34.58638888888889,76.12416666666665,Base,,2616.37,2617.37,,,2618.37
CD-NEW-14,Chilling near Nimmu,34.15972222222222,77.32055555555556,Base,,3105.91,3106.91,,,3107.91
CD-NEW-15,Sanjak (Kanji Nallah),34.57490000000001,76.528,Base,,2815.76,2816.76,,,2817.76
CD-NEW-16,Upshi,33.82833333333333,77.81555555555555,Base,,3390.368,3391.368,,,3392.37
CD-NEW-17,Nimmu,34.17583333333333,77.32972222222222,Base,,3102.84,3103.84,,,3104.84
CD-NEW-18,Dumkhar,34.38027777777778,76.77361111111111,Base,,2971.59,2972.59,,,2973.59
CD-NEW-19,Khaltsi,34.32777777777778,76.84916666666666,Base,,3001.03,3002.03,,,3003.03
CD-NEW-20,Watchi,33.810138888888886,75.03138888888888,Base,,1593.29,1594.29,,,1595.29
CD-NEW-21,Rumshi,33.94947222222222,74.92972222222222,Base,,1587.91,1588.91,,,1589.91
CD-NEW-22,Arwani,33.79416666666666,75.0675,Base,,1592.89,1593.89,,,1594.89
CD-NEW-23,Kralpora,33.99722222222222,74.81361111111111,Base,,1592.3,1593.3,,,1594.3
CD-NEW-26,Sonmarg,34.30305555555555,75.26277777777777,Base,,2601.09,2602.09,,,2603.09
CD-NEW-27,Baramulla,34.20866666666667,74.33661111111111,Base,,1573.58,1574.58,,,1575.58
CD-NEW-29,Makora Pattan,32.18833333333333,75.3625,Base,,259.98,260.98,,,262.67
CD-NEW-30,Bainch,33.75833333333333,74.09555555555555,Base,,965.94,966.94,,,967.94
CD-NEW-32,Jalali Nallah,32.28638888888889,75.38361111111112,Base,,263.717,264.717,,,266.52
CD-NEW-33,Pindi Parolian,32.30138888888889,75.37638888888888,Base,,264.776,265.776,,,266.91
CD-NEW-35,Nyoma,33.19583333333333,78.60638888888889,Base,,4128.383,4129.383,,,4130.38
CD-NEW-36,Fatehpora,34.196,74.77,Base,,1583.65,1584.65,,,1585.65
CD-NEW-37,Latoo,34.592400000000005,75.9774,Base,,,,,,
CD-NEW-38,Kishanpur Manwal,32.776944444444446,75.14416666666668,Base,,440.65,441.65,,,442.65
CD-OLD-01,Sirshi,33.48166666666667,75.84916666666666,Base,,1669.54,1670.54,,,1671.54
CDJ34,Kateela,25.514722222222222,77.18166666666667,Base,,266.05,267.05,,,270.7
CDJ35,Jhalawar,24.590833333333332,76.18722222222223,Base,,303.0,304.0,,,312.3
CHAMPAKULAM,CHAMPAKULAM,9.403611111111111,76.41305555555556,Base,,,,,,
CHITRAKOOT,Chitrakoot,25.142222222222223,80.85472222222222,Base,,140.5,141.5,,,142.65
CW1PAR000963,OLAMATTOM,9.88861111111111,76.71722222222222,Base,,57.03,58.03,,,
CW1PRA000084,Aheri (Gudem Bridge) ,19.416666666666668,79.97222222222223,Base,,,,,,125.7
CW1VAR000466,KUTTIPPURAM,10.840833333333334,76.02222222222223,Level,,7.5,8.5,,,6.98
CW1WAR000036,Asegaon,20.033611111111114,76.95833333333334,Base,,,,,,496.1
CW1WAR000038,Tharnam,19.739444444444445,78.56444444444445,Base,,,,,,223.6
CW1WAR000039,Mahagaon (Pus),19.796111111111113,77.77305555555556,Base,,,,,,281.205
CW1WAR000040,Rui,19.54138888888889,77.57777777777777,Base,,,,,,404.575
CW1WAR000043,Kamgarpur,19.779166666666665,78.78138888888888,Base,,,,,,208.64
CW1WAR000049,Kapsi,20.43305555555556,78.5975,Base,,,,,,212.31
CW1WAR000052,Belgaon (Selu),20.826666666666668,78.71777777777778,Base,,,,,,260.83
CW1WAR000054,Nagari,20.425555555555558,78.87444444444444,Base,,,,,,208.155
CW1WAR000056,Patala,20.126944444444444,79.00138888888888,Base,,,,,,194.31
CW1WAR000059,Purad,19.964444444444442,79.02666666666667,Base,,,,,,189.3
CW1WAR000062,Mungoli (Township),19.864444444444445,79.125,Base,,,,,,100.84
CW1WAR000063,Bhishnur,21.109722222222224,78.12944444444443,Base,,,,,,302.98
CW1WAR000070,Lodhikheda,21.579444444444444,78.86583333333333,Base,,,,,,328.89
CW1WAR000071,Mondgaon (Yelakeli),20.811111111111114,78.59472222222222,Base,,,,,,259.4
CW1WAR000074,Upper Wardha Project,21.275277777777777,78.0586111111111,Inflow,,,,342.5,343.5,343.5
CW1WAR000076,Isapur Reservoir,19.725555555555555,77.43472222222222,Inflow,,,,441.0,445.3,441.4
CW1WEI000033,Bichhubaggu,21.692777777777778,78.86333333333333,Base,,,,,,349.75
CW1WEI000042,Ganeshganj,22.505,79.57888888888888,Base,,,,,,511.0
CW1WEI000045,Piplatola (Dutta),21.689722222222223,80.33361111111111,Base,,,,,,291.31
CW1WEI000046,Temni,21.55888888888889,80.465,Base,,,,,,302.66
CW1WEI000047,Sakoli Bridge,21.06416666666667,79.98694444444445,Base,,,,,,242.3
CW1WEI000053,Patansaongi,21.320833333333333,79.02444444444444,Base,,,,,,300.11
CW1WEI000055,Sakhra (Wadsa),20.62138888888889,79.93722222222223,Base,,,,,,219.56
CW1WEI000057,Sarra,22.008055555555554,78.93083333333334,Base,,,,,,642.73
CW1WEI000058,Mouda,21.140833333333333,79.38972222222223,Base,,,,,,261.6
CW1WEI000061,Kokiwada,21.897777777777776,79.23444444444445,Base,,,,,,554.38
CW1WEI000064,Dhanora (Kathani),20.278055555555554,80.28722222222223,Base,,,,,,228.885
CW1WEI000065,Sarekha,22.178611111111113,80.02472222222222,Base,,,,,,331.64
CW1WEI000067,Bina,21.269166666666667,79.16833333333334,Base,,,,,,288.1
CW1WEI000068,Jhilmili,22.044722222222223,79.16388888888889,Base,,,,,,589.64
CW1WEI000069,Nainpur,22.422777777777778,80.09277777777777,Base,,,,,,423.26
CW1WEI000072,Mungapar,22.334444444444443,79.86166666666666,Base,,,,,,444.05
CW1WEI000073,Pench Reservoir,21.65833333333333,79.23333333333333,Inflow,,,,490.0,493.6,
CW1WEI000074,Chhinda,22.185277777777777,78.9775,Base,,,,,,99.5
CW1WEI000075,Sanjay Sarovar Project,22.377222222222223,79.66361111111112,Inflow,,,,519.38,520.6,520.6
CW1WEI00037,Jogisakhra,20.49527777777778,80.02111111111111,Base,,,,,,214.19
CW1WEI180516,Mahalgaon,21.550555555555555,80.02666666666667,Base,,,,,,273.475
CW3GDL300814,Waraseoni,21.75027777777778,80.0363888888889,Base,,,,,,290.375
CW3WAR000060,Dhanora (Wardha),19.904444444444444,79.18361111111112,Base,,,,,,186.52
CW3WEI000034,Magardharra,21.95583333333333,80.10916666666667,Base,,,,,,309.2
CW3WEI121214,Bakhari,22.32472222222222,79.46805555555555,Base,,,,,,534.45
CWC_75,Gawana,21.327222222222222,79.18194444444445,Base,,,,,,98.73
DWRIS-01,Upper Rimbi,27.330833333333334,88.15194444444445,Base,"",,,,,1582.8
DWRIS-02,Lachen,27.71944444444444,88.56138888888889,Base,"",,,,,2518.0
DWRIS-04,Singtam,27.231666666666666,88.49916666666667,Level,"",354.59,355.09,,,356.09
DWRIS-05,Rothak,27.171666666666667,88.29944444444445,Level,"",363.98,364.98,,,365.98
DWRIS-06,Melli,27.085277777777776,88.45166666666667,Level,"",226.0,227.0,,,228.0
DWRIS-07, Rangma Range,27.613611111111112,88.62888888888888,Base,"",,,,,1610.0
DWRIS-08,Bop,27.611666666666668,88.65833333333335,Base,"",,,,,1623.28
DWRIS-10,Yuksum,27.36777777777778,88.20722222222223,Base,,,,,,1237.35
DWRIS-13,Ranipool,27.278888888888886,88.59444444444443,Base,"",,,,,772.0
DWRIS-14,Bakcha ,27.41777777777778,88.63027777777778,Base,"",,,,,1304.59
DWRIS-15,Laven ,27.524166666666666,88.52666666666667,Base,"",,,,,973.11
DWRIS-17,Sagbari,27.255,88.30499999999999,Base,"",,,,,503.69
DWRIS-18,Adarsh Gaon,27.231944444444444,88.49194444444444,Base,,,,,,347.5
FF - 2,Rangit- 3 Dam,27.290000000000003,88.28999999999999,Inflow,"",,,640.0,641.0,
FF- 3,Rangpo Dam,27.240000000000002,88.71000000000001,Inflow,"",,,913.8,,
FF- 4,Rongli Dam,27.2,88.71000000000001,Inflow,"",,,913.8,,
GGQ00H8,Mahua,25.8125,85.39277777777778,Base,,45.4,46.4,,,49.7
GYH70J7,GARHAKOTA,23.784722222222225,79.14361111111111,Base,"",369.0,370.0,,,371.74
GYI00A3,KORA-OLD,26.10611111111111,80.38388888888889,Base,"",108.0,109.0,,,110.9
GYL00B7,LALPUR,26.307222222222222,79.92,Base,"",110.0,111.0,,,113.74
GYN00N6,PACHAWALI,25.17888888888889,77.68694444444445,Base,,432.42,433.42,,,433.96
GYN10F5,BHIND,26.60777777777778,78.85666666666665,Base,"",125.0,125.95,,,131.45
GYQ00N7,ARNOTA,26.9625,78.3625,Base,"",137.8,138.8,,,142.88
HDCDSD60,KANNAPOOR,10.965833333333332,79.74194444444444,Base,,,,,,
HDCDSD61,Melapolagm,10.897777777777778,79.72500000000001,Base,,,,,,
HGDDDN-053,Devprayag (A),30.144444444444446,78.60111111111111,Base,,464.0,465.0,,,477.08
HR00001,WJC MLL,30.215833333333332,77.39444444444445,Base,,,,,,
IBO-1-056-0542,HANSA,32.44888888888889,77.86305555555555,Base,,,,,,3924.5
IBO-1-057-0543,GULLING,32.04277777777778,78.08194444444445,Base,,,,,,3580.72
IBO-1-058-0544,Shalkhar,31.999444444444446,78.57305555555556,Base,,,,,,2978.96
IBO-1-059-0545,Khab,31.80452777777778,78.64261111111112,Base,,,,,,2530.1
IBO-1-060-0546,Ghaluwal,31.479444444444443,76.22277777777778,Base,,,,,,366.8
IBO-2-062-0548,Ropa,31.799722222222226,78.415,Base,,,,,,3050.85
IBO-2-063-0549,Sangla,31.422222222222224,78.26861111111111,Base,,,,,,2511.5
ITCHAPURAM,ITCHAPURAM,19.098333333333333,84.67861111111111,Level,,,,,,
JOBRA,JOBRA(U/S),20.474999999999998,85.9,Base,,,,,,22.55
JOBRA(D/S),JOBRA(D/S),20.474999999999998,85.9,Base,,,,,,22.55
KATRAGADDA,KATRAGADDA,18.99361111111111,83.81194444444444,Base,"",,,,,
LKDHYD039,Penuganchi prolu,16.90722222222222,80.25111111111111,Base,,,,,,58.03
MALAPUARAM_CS,MALAPPUARAM CIVIL STATION,11.038527777777778,76.07634999999999,Base,,,,,,
MGD2-035,FATEHGANJ (E),28.06833333333333,79.63527777777779,Base,,,,,,156.136
MUNDALI(D/S),MUNDALI(D/S),20.45,85.73972222222223,Base,,,,,,
NAG001,NAGARAM,18.289166666666667,79.4738888888889,Base,,,,,,174.5
NARAJ B(D/S),NARAJ BARRAGE(D/S),20.8,85.96666666666667,Base,,,,,,27.8
NARAJ BARRAGE,NARAJ BARRAGE(U/S),20.8,85.96666666666667,Base,,,,,,27.8
NAUKUCHIATAL1,NAUKUCHIATAL,29.318555555555555,79.58416666666666,Base,"",,,,,
NBO-0-039-1240,Sip at Dholpur,22.60638888888889,77.19611111111111,Base,,272.8,273.5,,,276.68
NBO-0-045-1246,Bhamgarh,21.84361111111111,76.50444444444445,Base,,273.5,275.0,,,275.25
NBO-1-003-1204,Machrar at Gidha,22.90861111111111,81.19388888888889,Base,,696.0,697.0,,,696.82
NBO-1-012-1213,Gaur at Bhalawara,23.10888888888889,79.98833333333333,Base,,393.5,394.0,,,395.05
NBO-1-017-1218,Hiran at Singaldeep,23.38611111111111,79.9088888888889,Base,,365.0,366.0,,,366.16
NBO-1-020-1221,Sher at Kacchara,22.823888888888888,79.4575,Base,,405.3,406.5,,,405.98
NBO-1-026-1227,Dudhi at Panagar,22.836944444444445,78.60305555555556,Base,,331.7,333.5,,,332.0
NBO-1-028-1229,Tenduni at Maheshwar,22.977777777777778,78.32138888888889,Base,,311.8,312.5,,,315.5
NBO-1-028-1230,Barna Reservoir,23.049722222222226,78.06188888888889,Inflow,,,,348.55,351.45,351.45
NBO-1-031-1232,Palakmati at Sohagpur,22.696944444444444,78.20138888888889,Base,,,,,,326.3
NBO-1-033-1234,Machna at Shahpur,22.19472222222222,77.89861111111112,Base,,382.6,383.6,,,384.3
NBO-1-034-1235,Tawa at Tawakathi,22.20111111111111,77.95722222222223,Base,,369.3,370.3,,,373.05
NBO-1-040-1241,Jamner at Sandalpur,22.57777777777778,76.97166666666666,Base,,284.0,284.6,,,287.2
NBO-1-042-1243,Machak at Barangi,22.21722222222222,76.94611111111111,Base,,272.8,273.3,,,276.7
NBO-1-043-1244,Kalimachak at Charuwa,22.07361111111111,76.91472222222222,Base,,282.6,283.5,,,287.0
NBO-1-044-1245,Abna at Khandwa,21.813055555555557,76.325,Base,,302.0,303.0,,,302.95
NBO-1-046-1247,Indira Sagar Reservoir,22.282194444444443,76.47061111111111,Inflow,,,,262.13,263.35,263.35
NBO-1-049-1250,Choral at Barwah,22.246111111111112,76.05166666666666,Base,,175.0,176.0,,,175.4
NBO-1-053-1254,Borad at Thikri,22.073055555555555,75.4038888888889,Base,,165.0,166.0,,,168.33
NBO-1-055-1256,Deb at Khajuri,21.97083333333333,75.25777777777778,Base,,179.5,180.0,,,181.38
NBO-1-055-1259,Omkareshwar (NHPC) Reservoir,22.240000000000002,76.16000000000001,Inflow,,,,196.6,199.62,199.62
NBO-2-001-1202,Narmada at Gorakhpur,22.77,81.455,Base,,,,,,745.75
NBO-2-002-1203,Chakrar at Gadasarai,22.82638888888889,81.32444444444444,Base,,727.0,728.8,,,727.65
NBO-2-005-1206,Narmada at Maalpur,23.05638888888889,80.83722222222222,Base,,614.0,615.0,,,615.89
NBO-2-006-1207,Silgi at Kotrai,22.985277777777778,80.5961111111111,Base,,513.8,515.5,,,514.98
NBO-2-007-1208,Halon at Baratola,22.607222222222223,80.70444444444445,Base,,520.0,523.0,,,520.46
NBO-2-008-1209,Phen at Parsatola,22.52861111111111,80.98833333333333,Base,,591.0,592.5,,,591.17
NBO-2-010-1210,Katangatola,22.517777777777777,80.40666666666667,Base,,445.0,446.0,,,447.13
NBO-2-010-1211,Balai at Narayanganj,22.833888888888886,80.24916666666667,Base,,423.0,424.0,,,423.59
NBO-2-014-1215,Saner at Chargawan,23.055555555555557,79.59861111111111,Base,,351.0,352.0,,,349.2
NBO-2-018-1219,Belkund at Ghughra,23.486666666666668,80.19638888888889,Base,,382.0,383.0,,,382.82
NBO-2-021-1222,Umar at Imaliya,22.998055555555556,79.43,Base,,368.0,369.0,,,361.9
NBO-2-022-1223,Machrewa at Bakori,22.841944444444444,79.36194444444443,Base,,381.0,382.0,,,383.8
NBO-2-024-1225,Hathed at Misrod,22.63888888888889,77.55972222222222,Base,,296.8,298.0,,,297.8
NBO-2-025-1226,Narmada at Naseerabad,22.8275,77.97805555555556,Base,,301.0,302.0,,,304.6
NBO-2-035-1236,Denwa at Matkuli,22.584444444444443,78.46000000000001,Base,,399.0,401.0,,,399.5
NBO-2-036-1237,Awalighat,22.646666666666665,77.48777777777778,Base,,296.0,297.0,,,293.65
NBO-2-037-1238,Indra at Khapriya,22.746111111111112,78.1588888888889,Base,,294.5,295.0,,,296.8
NBO-2-038-1239,Kolar at Mahgaon,22.71333333333333,77.36611111111111,Base,,299.0,299.5,,,301.96
NBO-2-041-1242,Datuni at Dudwas,22.56722222222222,76.68833333333333,Base,,289.5,290.0,,,292.14
NBO-2-047-1248,Kaner at Mendhikheda,22.408055555555553,76.22,Base,,214.0,215.0,,,217.7
NBO-2-050-1251,Kolar Reservoir,22.963055555555556,77.33805555555556,Base,,,,,,463.3
NBO-2-051-1227,Karam at Dahiwar,22.22222222222222,75.53083333333333,Base,,168.0,169.0,,,169.66
NBO-2-051-1252,Beda at Satwadi(Gogawa),21.91777777777778,75.74833333333333,Base,,200.0,201.0,,,205.7
NBO-2-054-1255,Maan at Gopalpura,22.261388888888888,75.10222222222221,Base,,194.0,195.0,,,196.3
NBO-2-055-1257,Bargi Reservoir,22.93777777777778,79.92083333333333,Inflow,,,,422.76,425.7,425.7
NDB-WQSS-202012,D/S HOSHANGABAD,22.7575,77.68805555555556,Base,,,,,,
PATHRALA,PATHRALA,21.341944444444444,83.54888888888888,Base,,,,,,
PRAKASAMBARRAGE,Prakasam Barrage,16.500000000350887,80.5333333337963,Base,VIJAYAWADA,,,,,
SHD-00006,Daroli,31.829166666666666,76.2625,Base,,,,,,
SHD00001,Kullu,31.955277777777777,77.11416666666666,Base,,,,,,
SHD00002,Manali,32.2475,77.19083333333333,Base,,,,,,1884.4
SHD00004,Bajaura,31.850833333333334,77.17,Base,,,,,,1062.55
SHD00005,Chharour Nalla,31.918333333333333,77.18,Base,,,,,,1150.95
SHD00006,Bagla,31.641666666666666,76.94972222222222,Base,,,,,,769.9
SRDCBE 052,Balasamudram,10.425555555555555,77.53388888888888,Base,,247.9,248.0,,,249.5
SRLMDM,Srisailam Dam,16.088888888655532,78.83333333379906,Base,Kurnool,,,269.75,,273.25
TEMP-001,Jawai Dam,25.111111111111114,73.16111111111111,Inflow,,,,,,
VIDYANAGAR,VIDYA NAGAR,12.52038888888889,75.01630555555556,Base,,,,,,
YETIKOPPAKA,YETIKOPPAKA,17.488333333333333,82.74277777777777,Base,"",,,,,
